"V1","V2","V3","V4","V5","V6","V7","V8","V9","V10","V11","V12","V13","V14","V15","V16","V17","V18","V19","V20","V21","V22","V23","V24","V25","V26","V27","V28","V29","V30","V31","V32","V33","V34","V35","V36","V37","V38","V39","V40","V41","V42","V43","V44","V45","V46","V47","V48","V49","V50"
"1",4771,27,7128,11,153699,4260,251,52,38,177789,560053,52,6,3999,951,422293,119053,8311,179,23642,20674,60,593,5,115333,395713,5,5476,5,23,3141,470,63,91,16,13973,202,484,5218,4,2,24423,842,56534,2,15873,7,9,1054,7
"2",2280,67,32166,9,40877,1921,898,437,21,32767,258811,33,4,11018,619,65779,316937,5680,877,4184,273128,40,131,6,633704,24461,1,27698,31,54,315,250,12,1972,42,3815,84,246,10055,11,4,786,1160,124067,10,26919,3,4,4463,67
"3",892,45,58211,11,185551,196,260,303,208,31985,46446,29,22,15917,983,93731,50392,9722,1386,5109,11061,94,850,5,70187,55090,6,21849,11,8,331,425,431,655,3,3056,236,5565,9742,3,1,108176,318,21486,2,67618,4,4,971,11
"4",1859,56,68963,9,86412,381,111,194,220,176245,120696,11,7,20204,5214,117766,12904,14840,1464,29030,37392,13,236,20,182234,38797,6,26243,23,21,323,1841,72,329,8,1378,1438,876,3810,2,2,38146,352,10485,3,155067,6,6,190,52
"5",2524,172,24236,8,147310,268,735,387,125,9448,36517,78,124,2837,482,41638,240800,13752,252,3116,95822,706,522,1,60833,303715,74,15446,2,5,6616,3115,386,26,1,23715,1275,841,840,1,21,25576,208,20257,4,683015,2,2,248,70
"6",2902,195,44690,5,9243,195,1105,1143,118,15853,19744,31,27,3495,1813,55731,58532,22495,1501,555,13956,642,1914,6,48533,57432,13,107252,11,1,1396,1327,609,54,3,4150,5637,257,3775,4,16,17766,472,41162,5,119560,5,19,621,53
"7",2079,124,2961,11,705931,2384,177,39,61,166709,103624,61,2,2594,2828,436069,53994,4981,427,9555,83927,140,596,5,126494,120966,30,9078,3,41,2380,1083,54,270,9,3833,694,551,4688,3,1,10692,775,53130,1,50969,4,4,668,10
"8",388,13,59125,11,157415,582,146,108,136,22321,98190,55,17,4751,2292,163100,35520,9311,706,9166,195260,268,199,2,188783,44490,42,3433,5,6,6278,1519,89,56,18,7826,674,257,2499,12,8,4175,364,19695,13,145737,1,2,2197,339
"9",465,74,38783,64,94410,44,367,1701,166,7262,28818,78,40,10796,1928,74184,194695,18992,345,3488,58533,316,803,3,26108,35939,18,37121,5,4,293,4385,376,140,4,4704,2803,293,804,4,12,10314,1289,18930,7,29547,2,4,1960,51
"10",1140,60,6769,4,390313,1068,66,76,103,102823,205398,72,14,3380,1888,248227,225953,11354,341,3519,40338,42,833,5,189733,121696,10,2844,2,25,11892,1774,30,25,26,26559,1048,148,5593,5,18,5057,247,30520,4,185701,3,4,757,33
"11",451,497,72670,4,34033,526,419,298,101,35559,61857,93,26,2832,729,234089,219678,8178,66,9517,90325,377,154,1,94037,213422,35,4662,9,8,3732,75,44,736,43,7239,306,120,36972,14,1,428,1049,111979,6,38077,2,3,3283,25
"12",494,54,149269,12,19573,210,675,713,32,8256,160925,174,6,27596,787,79891,156041,26037,320,4139,69008,296,581,2,54994,180619,47,13362,7,7,7636,581,140,50,13,1778,1447,409,3804,2,20,5399,437,6366,8,524688,1,3,1368,23
"13",397,74,93677,11,6963,98,188,3962,736,11388,23428,23,54,9928,545,139369,153150,24201,388,1076,325725,276,600,2,42845,204557,56,6337,2,10,3048,232,54,335,27,7029,61,316,5165,30,1,3148,487,38884,19,93834,1,1,3802,29
"14",3312,190,19617,3,141539,395,233,148,135,62583,91883,11,44,103964,2218,66391,6275,17011,2549,17028,4832,24,1245,14,46230,60630,36,35963,2,8,750,1711,205,146,5,27959,652,175,2975,16,12,1666,351,70628,8,60931,4,1,1410,49
"15",710,106,19464,27,18307,651,245,866,137,3306,119188,15,81,9141,1437,40602,155569,20453,322,2853,32405,102,414,9,87055,12783,6,15578,15,21,1117,392,70,564,6,2432,589,1492,3425,1,2,64909,2014,23459,3,36503,5,5,263,154
"16",679,85,93095,3,46178,297,153,262,210,10253,33088,202,59,6101,98,146992,220807,48686,121,4772,34650,69,1925,4,74801,17833,36,13116,11,4,1222,1945,87,85,6,22527,593,159,4140,9,4,1488,481,108082,11,93879,3,2,965,131
"17",10565,100,38064,6,30798,625,947,271,77,4222,45274,270,54,6534,175,63550,614611,146316,85,3565,16345,1225,625,1,58188,118712,45,25162,6,4,584,1826,480,228,3,1811,1422,4779,4424,1,1,7870,1926,24741,8,16909,6,2,5222,9
"18",6856,50,16423,1,474633,307,44,145,388,104949,35296,4,8,84308,7926,106434,30520,31520,928,3506,12173,89,2394,6,76122,4253,39,187132,2,1,992,2442,175,177,3,3146,924,1077,15367,14,2,21959,607,27465,1,176202,3,24,162,43
"19",708,98,68875,9,94622,180,322,315,385,28562,21276,27,44,19479,1386,40777,38662,32500,1121,6758,26591,73,746,10,369933,52027,6,21129,10,3,3192,3482,35,130,10,21705,345,445,4019,7,1,10031,301,95626,5,297876,4,3,727,32
"20",460,12,104435,23,137335,256,374,176,777,17243,109147,44,18,10030,1521,193519,74750,15916,329,1420,51772,436,3670,2,12233,120644,118,21375,7,4,2713,2512,139,78,4,9903,691,573,965,37,1,13811,215,53029,8,131559,3,2,1100,69
"21",2325,39,25141,14,45439,435,276,460,351,15806,152267,3,27,17883,1940,68506,112575,27187,173,2107,52418,218,1444,4,75229,47141,35,39384,3,19,969,4671,86,101,6,25450,276,159,1799,6,12,12613,292,5732,8,760057,2,2,546,209
"22",410,563,35397,12,24457,387,344,565,170,21277,194739,173,12,1478,217,203602,925112,3603,165,944,470613,81,2081,1,212153,72377,22,22115,2,7,2091,1411,13,198,23,18482,319,165,3537,32,1,3046,575,43151,7,92210,6,1,962,46
"23",254,216,30198,15,32230,420,102,1500,95,25158,96848,31,157,4092,430,14617,675900,7389,576,5084,21697,125,1695,12,78116,39476,2,23303,5,40,629,822,187,611,6,1207,200,4588,8462,7,1,4586,464,57971,5,463389,1,4,1296,311
"24",418,54,61006,22,20725,240,70,1111,647,46944,43209,12,19,17533,2941,260221,15203,3000,3160,12249,52234,26,156,6,284816,43392,18,46462,4,11,759,1295,313,124,2,1810,631,1836,5744,4,5,7777,546,20403,5,199432,5,6,602,39
"25",506,63,15864,32,49431,267,339,173,275,55509,64183,46,8,2903,3762,190827,106612,4235,431,5052,77395,181,262,3,78586,65402,13,7811,7,19,2766,314,199,136,10,2143,510,712,23566,4,3,10341,1275,23934,3,145168,3,14,2067,17
"26",883,66,177217,13,38727,212,309,172,468,88656,42602,30,14,9432,3677,73125,51827,26325,1191,1584,15218,226,3388,6,10797,96896,21,23084,4,4,915,2017,145,74,4,2083,2022,1294,5905,2,4,12926,1856,10472,3,133395,4,3,5152,7
"27",1926,209,18125,4,46840,429,1178,782,35,17540,43291,271,21,5909,168,199364,446375,21907,167,450,63348,1041,3497,1,5568,63485,147,25093,3,2,3013,4427,309,46,4,2222,1165,1842,5977,4,3,14498,235,19962,10,59502,7,14,933,65
"28",409,325,119517,8,35032,306,1608,239,142,5436,418470,19,23,4121,6125,112872,52985,4019,1736,10461,34800,82,628,2,40079,35728,75,20729,14,2,475,2202,675,174,5,1801,996,3962,10700,2,4,45735,708,11597,2,475884,1,2,42,168
"29",336,161,22276,18,161519,393,87,734,1847,40998,40066,43,11,8639,1647,141704,59965,4112,1606,31840,28086,80,224,10,389213,10046,2,23205,61,61,551,197,152,154,28,5025,760,182,1067,4,9,35143,617,17961,3,241744,2,2,616,251
"30",761,93,25189,13,26440,825,282,118,416,26053,65707,35,12,14334,1996,125273,142939,2369,385,6287,321738,93,672,2,49933,77095,67,13642,2,1,8284,3285,277,26,4,6714,7308,426,1736,1,8,29429,503,12394,1,362401,1,5,1427,71
"31",1044,19,14764,22,583683,343,32,243,574,50458,39563,35,17,19668,2506,34642,71725,7556,1064,5837,72763,62,2410,4,27723,27487,27,13193,12,3,2443,2093,173,32,10,13824,5923,50,1147,13,6,5973,444,12924,7,290574,6,2,240,41
"32",4816,57,77612,6,46067,134,2686,224,68,12736,175114,32,22,7125,966,103776,105380,6434,541,3930,378653,628,173,2,144286,111429,39,14416,2,3,2858,11132,148,160,2,12373,1133,3077,2566,1,9,21020,1321,6194,11,96792,1,5,560,115
"33",2549,185,3885,12,119418,485,60,241,319,122634,178289,53,8,6828,2078,175055,77189,7845,993,9006,28570,128,759,2,109525,120270,6,6134,3,27,3543,555,54,133,12,21249,211,294,3219,8,13,3813,270,36593,7,59652,4,4,1818,83
"34",1792,251,19458,8,23460,577,242,3964,70,6021,39092,100,252,4081,815,56842,140068,11110,1631,4285,15826,106,1214,9,96038,15504,9,20503,11,22,716,299,246,627,6,4177,543,505,7859,10,2,14308,367,38532,2,163816,6,8,147,29
"35",1992,54,64494,10,92454,111,128,227,316,31201,139173,25,6,5639,7044,656016,47710,1764,515,51861,135363,46,168,3,161214,195059,21,7650,4,11,2861,8220,75,105,3,13084,1943,310,4887,6,3,26234,134,10788,15,207945,1,12,1543,7
"36",3727,208,5545,11,396911,284,398,219,155,36546,227845,127,11,1895,947,575078,134016,17972,139,4908,113662,109,1686,2,42741,38055,20,15462,12,10,402,311,131,172,24,2701,124,418,13902,5,1,21653,1026,113098,1,44830,9,15,3440,7
"37",12719,50,4038,3,259350,2499,66,42,167,103932,323049,43,3,5385,7137,466435,83646,2236,419,7011,83712,79,765,3,75484,20457,10,15957,13,7,954,990,248,170,6,2684,6414,2680,1002,1,19,41766,635,11002,1,232730,3,5,468,41
"38",1551,30,16035,14,225059,110,280,342,441,13219,28720,4,78,8031,6480,7709,112102,36099,2426,1675,11174,186,2257,9,48686,24990,21,27635,4,4,1440,1054,147,212,3,1859,1282,4085,7189,2,5,13116,886,5720,6,44928,1,11,895,16
"39",397,87,18100,63,23142,524,290,224,158,50014,24227,63,14,10794,493,368784,288523,3118,282,18835,55260,158,303,5,438380,25050,6,6628,2,26,4730,1123,17,340,13,27719,352,280,4171,18,8,2893,224,60639,9,113771,4,7,207,20
"40",1376,15,52760,31,155688,211,129,240,309,95294,32345,38,31,4581,1515,143409,149513,10726,90,5334,68699,212,257,2,86386,215193,12,20434,3,2,4137,2874,189,68,6,5213,424,2794,1874,2,2,10341,1299,31118,3,20107,6,12,121,8
"41",675,267,60195,13,25733,87,244,677,681,12286,12865,100,155,17778,105,13216,225423,54016,1746,1227,7541,271,645,23,115969,65227,6,13646,5,15,1232,1371,25,607,20,6249,598,205,6032,3,9,12248,471,5763,9,71084,4,12,4778,9
"42",3733,58,14045,2,94875,1578,726,142,45,28241,85717,132,18,10377,625,105465,28611,17205,300,7607,55691,133,328,3,49198,278187,11,15581,6,4,1636,2182,66,114,12,5524,1114,547,2459,1,1,6136,388,17761,1,112236,6,2,448,118
"43",1178,15,13187,10,121029,293,117,558,89,15549,70527,127,194,5941,676,185630,137495,33175,178,2711,36589,805,262,2,24314,122188,42,24263,4,6,843,1079,213,300,7,4517,740,1014,3785,9,9,10002,754,8191,1,316051,13,1,191,18
"44",9269,20,11343,3,318478,593,111,195,91,274399,165630,8,5,14252,6148,244155,25153,5252,411,46873,230415,20,167,6,512918,81983,5,27393,8,3,2540,2522,69,138,6,3574,4178,1459,1810,1,11,6730,7617,12386,4,26618,7,7,900,118
"45",5764,268,23815,3,42826,2090,226,290,145,180995,95828,22,53,5923,860,129925,107563,4197,302,9820,58587,510,205,3,104382,164101,8,5403,37,15,3761,181,117,494,5,3083,322,105,8292,7,10,4476,314,6550,23,315671,5,4,628,36
"46",746,60,130999,15,73676,109,378,119,349,36261,62017,20,24,8899,1518,213342,18059,17235,1101,10179,12920,67,628,5,74561,34795,13,17311,12,8,1843,374,247,82,11,6563,469,743,4543,12,1,14422,1129,33068,7,315321,5,3,2001,10
"47",1061,184,169398,10,26617,85,150,354,1575,33647,6069,4,334,30801,3371,12637,48240,43840,1726,6025,2414,35,5094,6,80391,32696,20,32576,6,6,763,1553,787,339,3,779,485,4567,27604,8,1,10733,389,54367,2,28379,2,10,1025,34
"48",4857,13,26605,3,117326,1049,68,534,1097,25883,35318,47,27,19836,524,107231,50055,23135,268,11721,12409,169,783,10,73181,22450,4,102078,5,4,308,1711,182,535,7,5039,506,2528,5936,1,2,79306,1326,22533,2,25243,23,10,1694,9
"49",3240,107,39283,10,41441,378,712,91,323,26497,35629,24,29,17188,2068,41625,19306,73678,630,7816,13266,835,801,15,24370,33804,24,33239,13,4,1299,5993,64,99,7,6782,1522,270,287,4,7,18593,420,10333,15,88638,8,3,517,33
"50",381,77,70318,8,122754,644,55,529,282,74106,128215,64,35,4899,334,130413,117622,5083,587,12247,53005,73,146,13,138023,32140,2,3965,17,33,4697,108,36,258,23,13770,375,781,2922,7,3,24443,495,12869,3,276848,3,6,761,28
"51",154,96,99832,16,22674,492,257,402,179,19968,83167,131,13,1627,5324,463477,41452,2191,408,33136,96381,19,164,4,300845,40299,1,16209,44,26,523,1045,100,736,3,4691,497,1439,6436,5,5,13704,504,48722,4,87528,5,3,195,45
"52",1791,20,42064,16,79806,204,567,373,209,12689,36848,75,69,3446,199,61555,1168560,40977,269,1593,29660,207,2863,8,8703,18026,18,32632,15,3,349,709,533,2136,6,395,521,2918,11600,2,3,11743,1095,16770,2,140830,6,3,446,12
"53",2863,53,24733,1,159394,1430,1254,81,24,31084,202978,55,29,1570,625,132454,429494,12163,85,2111,96651,2172,1308,1,36116,153704,41,17226,2,6,4786,738,154,114,15,2141,145,398,13711,3,6,11730,433,17487,16,148827,3,3,1127,183
"54",359,12,151634,65,49723,76,201,1747,355,15625,49417,12,28,24089,4446,38497,56097,8240,1122,3440,55187,106,1710,2,205759,229463,3,2533,29,185,634,321,13,1027,9,6949,296,1732,4176,3,2,13229,2102,42815,2,24721,8,3,492,106
"55",1493,380,21157,13,46944,2246,178,197,340,13205,87986,35,14,8806,2849,73074,221064,11981,282,2808,29319,417,3348,4,23844,22045,36,45691,14,4,441,1519,130,279,6,12409,375,508,564,14,3,6988,1571,8224,2,183053,3,7,445,16
"56",860,839,25989,4,44828,204,797,695,111,7593,21733,163,21,12335,276,117019,53795,76648,670,2660,126684,176,485,7,220518,58889,8,38164,9,10,294,848,173,237,7,2467,184,809,8940,5,1,12128,334,166894,4,162751,1,3,1136,48
"57",7495,83,10640,3,104789,642,254,348,56,14981,124743,33,46,7314,1217,126936,176181,3257,582,7777,62805,23,1618,2,66967,53930,5,23097,7,4,2383,960,239,210,3,3345,791,721,4339,4,8,44373,246,9999,3,347985,5,2,489,97
"58",1402,74,14816,32,27727,314,274,176,435,3629,63112,23,102,8717,2191,94399,228519,12340,377,6462,79802,295,149,2,60565,125886,32,3322,2,5,3689,2647,193,66,1,5223,3590,579,11198,6,4,913,1530,14905,18,42396,3,1,5568,11
"59",10601,117,10289,2,137125,532,290,99,100,136920,146466,6,3,10157,828,286930,200883,9889,1593,4144,13807,157,2249,5,64611,26056,7,81165,11,4,645,3114,220,109,2,3651,715,1322,5082,2,2,11474,1174,16477,14,63268,6,2,2607,54
"60",2592,91,25069,2,183733,672,762,81,375,58798,49163,28,39,4548,1665,73684,308330,23995,190,824,171419,760,387,1,217706,181787,5,4907,2,19,1105,1406,28,273,33,26348,1173,459,474,17,10,12655,121,12071,14,329553,3,2,1245,40
"61",2330,47,5152,14,3795560,378,50,40,1353,79295,77936,3,72,80158,2007,19826,14804,29173,3983,4207,8955,76,1685,7,50236,15159,10,29911,23,9,234,650,92,1523,19,2516,323,618,9434,3,9,28828,783,12572,3,44792,2,5,464,12
"62",508,102,56780,6,68117,295,675,359,112,14325,114746,86,7,5102,1565,16401,164422,41803,395,2804,10017,635,4564,4,25080,20097,40,29768,3,7,5774,1521,211,35,7,3715,1788,2217,5175,6,2,18718,925,58786,3,146561,12,4,2107,6
"63",3701,156,9844,11,40875,1479,210,438,84,35602,82215,100,21,1886,1271,153049,120764,20503,867,6690,17452,44,1416,1,60337,41872,43,19981,4,19,2105,1070,27,129,17,4318,364,531,10432,17,4,3078,451,15496,44,29146,2,2,1641,13
"64",1868,158,10094,9,560276,349,38,149,2045,29170,80289,22,62,7114,700,83659,79202,21472,3084,2274,6355,266,27108,8,8739,12661,73,126708,2,4,1693,2466,84,127,8,3362,2878,506,4917,4,8,5295,376,6237,8,140070,8,4,1013,14
"65",6902,15,21473,13,209779,80,823,241,83,4376,120132,241,32,3721,359,128619,238383,32438,171,2724,43120,663,961,2,14741,30645,38,159161,4,1,482,12251,194,63,5,5412,2219,712,1449,4,29,9858,392,29218,3,18990,21,19,1192,6
"66",4543,23,1933,18,187836,614,31,963,1584,20564,17466,81,70,13455,838,15168,66555,13972,3475,2758,5612,34,2763,14,48038,16621,12,84745,13,4,1738,3851,55,289,9,5606,436,310,11215,5,2,27121,1193,7369,4,120271,4,2,629,17
"67",1315,80,6781,3,556555,813,144,245,92,12392,356199,67,22,489,1330,159445,946776,7056,109,2016,169962,68,877,3,182208,240842,5,806,34,4,2636,372,61,696,64,1107,107,537,123490,2,5,1131,438,210448,10,28004,3,2,3938,41
"68",1484,54,25356,4,150655,729,285,59,180,178540,183540,4,8,29532,10418,37288,33000,14347,2296,14084,9715,29,1255,15,84560,18443,11,70828,30,7,1281,1363,173,93,1,4902,1168,517,5250,4,4,9116,2841,7415,2,115582,7,5,380,16
"69",879,15,304579,4,29057,60,466,490,109,11519,57557,63,17,11117,751,688911,33084,19180,253,5850,25019,456,1165,2,29164,21572,11,76941,3,2,2032,1456,87,55,4,8236,1809,689,2088,2,4,24010,529,9252,7,86740,11,7,640,40
"70",3305,26,15905,7,272243,279,120,43,533,44587,125910,21,4,18453,2541,88122,20999,15919,2631,23024,23548,15,441,24,120481,17142,5,39044,8,2,681,3487,478,136,2,5686,3242,2415,2020,2,3,76047,446,2541,6,226979,8,3,2521,33
"71",4286,68,19251,7,170080,381,204,51,547,18567,24590,29,51,9204,1690,150978,301757,8138,155,5904,267942,91,695,2,126230,76376,84,36435,5,2,3132,2216,263,32,4,12724,2429,1281,788,12,10,19013,129,7174,15,103487,3,3,885,74
"72",910,343,24102,6,35752,504,478,542,100,29710,371410,77,12,3265,4348,263354,57108,3365,255,6260,272635,289,122,2,178104,59176,12,13716,5,4,510,7687,68,92,2,35525,1544,357,858,2,5,69747,253,10798,9,177994,21,4,878,23
"73",516,26,197537,8,67379,82,113,1014,1484,8170,4657,145,776,16051,76,12945,190794,299779,213,2868,11443,267,967,8,60702,37737,15,7505,2,2,4725,2058,35,127,8,11093,389,1162,12014,5,7,2080,652,6993,9,103927,2,3,479,38
"74",627,543,30371,6,184566,246,91,152,1027,37047,132745,13,8,20968,5679,236457,12180,2608,3206,3936,87462,97,506,7,175247,18000,34,15295,18,2,640,2625,498,167,4,2751,1042,2936,4073,3,3,13538,870,17607,11,205871,2,1,740,41
"75",512,42,324476,14,83100,46,86,1379,643,4529,77257,90,116,989,407,48022,324062,81777,248,938,45969,857,481,3,30792,188848,32,29562,1,11,3120,3675,74,49,13,8900,576,220,1226,11,15,16303,80,21531,20,131284,5,1,2267,36
"76",530,25,99666,13,84173,184,138,312,785,46974,141302,22,30,3235,1315,154913,38995,3147,740,18447,367616,71,594,5,131802,66662,12,16431,3,4,879,239,623,854,5,285,187,7922,12543,3,1,5363,812,58355,7,18614,2,3,1005,28
"77",4799,25,11896,24,56948,351,148,808,154,31590,41333,160,49,5042,347,426722,1292105,6221,56,3848,254803,587,113,1,101831,770667,7,7294,2,22,9332,1121,28,18,24,30082,2333,190,3137,9,1,3608,1173,36282,7,105387,2,12,557,54
"78",1397,76,36633,13,70783,230,767,189,198,25689,113470,30,23,4543,1291,142075,125731,2185,418,28809,46266,49,82,16,134441,59948,4,7595,13,32,2079,319,42,186,28,9936,296,102,3091,12,11,6951,107,6189,16,63197,4,2,1635,231
"79",1947,81,24778,5,351412,258,234,55,202,68092,220517,15,9,4672,2127,108830,195430,5937,167,3694,230932,358,387,1,84717,869519,88,14794,1,13,3290,6249,29,80,8,17025,448,435,867,29,12,3130,250,37707,6,709450,4,8,653,55
"80",1511,88,31676,6,44788,1147,767,88,108,88135,306907,29,2,3605,6084,154464,95600,8245,798,4845,31856,346,292,6,138243,70888,13,4893,21,11,2863,992,48,68,8,6519,722,232,5658,3,9,5694,413,47952,12,77568,1,3,935,18
"81",3567,21,52936,11,140208,285,37,2589,760,95110,12928,29,223,24100,252,19532,606950,10408,215,1311,217553,574,424,1,14342,459882,28,47212,1,1,1452,10397,620,13,5,4827,10439,802,655,5,6,91938,443,9557,9,92660,8,4,2201,30
"82",6078,99,9435,13,225103,1022,84,114,175,78327,407860,42,21,6631,1863,178213,59138,2369,551,27042,76076,25,494,4,300333,46278,9,24753,22,4,700,647,140,372,10,5524,567,1092,3178,6,1,14567,815,7650,6,89217,6,13,327,5
"83",501,524,44568,5,83466,91,317,728,440,12147,36095,32,81,10585,397,12492,838431,23659,1144,848,87206,406,6157,3,14421,17215,13,34083,3,4,2150,1321,134,345,7,2907,364,1456,5740,5,4,1785,680,3738,29,136424,2,1,2315,81
"84",2754,46,42393,6,382842,328,127,136,332,37479,317348,79,11,11559,1837,115706,54069,28714,359,4080,21778,112,1048,24,19141,11068,18,39639,5,3,1221,3846,546,80,5,2569,5700,1137,1864,1,6,46129,1009,5481,2,169570,9,5,750,14
"85",4244,33,50423,5,121447,464,116,35,966,34158,79188,13,18,28961,3794,68554,70360,5452,1545,7069,38471,46,2404,10,66512,76025,7,47889,6,4,618,2147,186,131,3,5009,1430,554,1112,3,20,6355,189,56680,4,91654,3,3,765,30
"86",2311,65,14247,14,664350,276,38,635,474,58995,27828,24,23,12378,200,370328,98620,16634,140,3563,45616,263,633,9,19043,17035,13,27709,13,3,2123,2975,27,30,11,18303,1678,906,2706,3,6,89366,445,7166,1,259422,10,4,801,32
"87",551,44,22475,6,165983,276,452,78,691,26516,90139,28,71,3165,960,100284,330009,6431,829,2785,21813,151,1606,14,9404,110612,8,42826,3,7,1409,7750,106,73,10,21431,1578,488,4381,2,9,5685,485,15228,4,181690,6,1,546,38
"88",286,48,24916,25,111893,207,96,113,392,58118,88834,19,49,5264,1692,30865,59435,60303,807,4086,27444,96,1018,15,72163,25786,5,10958,10,10,806,611,269,102,3,5707,1609,909,1889,4,1,50246,385,24633,4,54502,6,5,1316,8
"89",3677,157,5116,2,308323,337,986,67,97,64398,48624,52,7,2224,860,1047205,162951,2713,108,6794,155033,192,387,1,119260,42352,75,60951,3,2,2106,3814,618,79,1,2636,2160,1415,3754,3,2,25356,1017,21168,3,76271,30,3,719,20
"90",1568,60,77932,2,15066,318,723,196,369,37056,63775,7,75,7786,2591,82062,181302,2502,283,8450,148671,50,327,5,114949,221055,15,35409,1,8,1621,4722,115,53,4,4117,3101,601,1197,3,4,66867,277,9087,5,348581,1,3,224,43
"91",2551,83,38221,12,176010,382,97,206,670,54473,80240,30,5,14730,1426,65845,240255,3433,140,2679,83139,880,1857,2,59400,36500,33,25850,5,20,156,1019,382,693,5,1426,341,4756,3796,8,3,16479,340,33199,22,49613,8,2,1546,25
"92",3203,27,36224,4,173674,481,281,106,853,34856,25338,37,44,29102,1767,52013,46054,27648,2676,3978,3710,50,4722,10,55352,22440,15,75866,4,1,1042,7365,281,168,3,4540,3415,1154,2417,4,2,8528,371,53360,5,240805,2,2,635,34
"93",480,100,30163,9,43368,234,167,102,888,26535,97973,19,15,12057,6789,246093,37871,14120,35,21053,42165,475,309,3,139323,45465,85,19311,6,3,978,1876,170,96,16,4245,739,102,2438,10,5,7105,357,26254,4,119263,7,1,2239,36
"94",674,56,57714,4,217342,143,716,235,475,12261,26530,34,155,3825,346,37597,293903,47325,201,1138,106539,375,745,7,54123,19899,59,43042,4,1,1053,4680,289,363,1,2078,963,4128,1845,4,3,1716,2385,72073,8,15647,1,4,4386,20
"95",719,174,39388,14,31424,901,417,338,77,44222,97411,22,6,12432,1739,62305,9453,24855,1602,12506,17152,77,1877,8,56645,13205,36,151836,11,4,350,3148,285,181,3,1667,2894,3405,4988,1,8,10838,923,37033,6,19067,4,2,2850,25
"96",4025,23,72686,5,118830,605,973,565,70,7049,100022,108,43,7404,68,271917,354018,23152,43,14952,77775,361,349,6,212179,176218,4,7534,8,5,1666,1164,95,60,7,17089,2002,660,653,1,13,41522,701,5635,5,243646,4,2,1018,76
"97",3511,83,17166,2,132483,1258,381,96,609,45149,110992,12,33,7113,2456,12854,33946,124244,1423,1712,14520,199,750,3,97687,198993,2,14507,8,75,495,321,203,627,4,1938,348,152,8844,8,9,5726,410,32163,3,251735,4,9,1500,13
"98",80,248,126544,8,41748,474,139,276,267,30900,100989,11,20,31565,1008,39802,45749,20294,2774,5633,34456,22,608,26,351377,48815,3,32274,34,10,314,160,1050,969,2,226,978,4502,5239,7,1,5029,3368,154503,1,62831,1,62,1298,29
"99",799,122,41198,9,99955,227,1398,318,360,83375,125387,12,13,8527,1162,145397,97823,7952,373,4288,220844,59,701,13,92145,10127,6,135976,17,1,664,1437,413,463,4,3019,400,865,2281,6,10,4117,336,13417,8,115029,5,4,1391,67
"100",1557,11,37389,28,43581,338,124,508,98,109162,54783,55,3,18448,1633,119387,49675,31688,254,17860,21891,65,716,13,22827,30368,37,98355,2,8,3105,634,51,157,6,12638,270,338,7187,7,5,538,1783,153363,8,24168,3,12,699,25
"101",1905,287,125,186,21,305,414,178,5241,12482,5505,173,4476,1256,12817,4179,247,22385,66,2829,14,8,11801,5382,38721,1761,10,53258,35,170,79055,26,9,36,12,84,6,46338,34191,1470,22,4718,21215,476,289714,558711,3,356,1123,8100
"102",5577,428,240,122,6,62,882,96,7452,2371,122925,546,33858,248,117473,1903,736,8846,2,1995,1,8,6609,637,18599,1276,53,154797,15,331,187528,9,23,25,38,19,31,33509,13253,1364,24,25615,107118,246,8663,455349,76,2708,918,73362
"103",5662,3412,254,148,11,38,552,33,4110,7096,6358,65,3189,255,8689,3690,695,15328,12,5503,3,12,1905,8862,21622,780,21,36090,57,159,154120,17,37,192,36,235,13,23268,21085,1217,17,3366,39593,786,18843,40627,5,297,1363,45242
"104",2819,1766,74,218,15,77,903,55,3313,1632,21130,84,20380,796,24062,7233,832,12657,14,4220,5,34,49447,3084,40974,423,18,70101,143,649,178784,4,36,36,101,75,17,13664,86851,1310,9,9423,1606,352,11984,81594,12,535,1807,45721
"105",15827,1952,283,858,240,124,961,2,26506,1902,10025,17,15864,28,10459,2384,333,27126,10,15975,3,7,7134,3151,8877,534,132,209087,23,75,271568,3,12,114,48,62,115,14728,18376,172,48,44311,41179,623,17210,49874,6,202,9183,77127
"106",4797,206,107,17,14,59,278,63,16226,1659,92489,37,14778,473,60288,7549,516,3292,16,1426,10,5,2890,7989,2785,173,75,441159,225,287,85449,1,12,208,15,38,111,292086,116134,1046,34,4594,3624,2723,23644,59422,32,144,18364,60700
"107",13023,5144,249,191,160,286,704,40,35010,4166,27600,29,1036,90,8300,34553,357,95345,3,8793,3,3,62041,2977,8471,1270,63,36824,9,282,88054,5,48,44,17,174,37,122765,3905,159,59,7786,66658,540,15870,116752,27,67,8110,50251
"108",2450,1035,474,74,11,227,220,156,4020,1488,8644,25,3236,1447,2445,11210,527,11075,12,13903,13,3,17514,2177,32506,3963,5,197356,22,1104,1061751,6,57,301,7,73,2,100845,40015,331,60,22500,8486,418,274811,15448,6,2785,6424,3937
"109",9760,4382,110,44,24,138,474,68,10097,4822,10744,33,8491,1381,7800,7935,548,31834,42,6374,3,5,2883,3479,12771,745,71,137850,28,196,287633,7,42,70,73,38,47,46695,21170,407,95,10692,19968,379,20009,36572,5,350,6874,51950
"110",12391,1765,352,753,22,386,15468,9,2543,1664,27585,321,39626,81,13900,4872,781,15632,12,644,3,63,7052,3809,3064,1269,52,113693,358,51,54239,9,22,133,38,73,41,4158,250874,247,13,8364,13508,190,14198,344416,23,1253,5215,189650
"111",2055,164,76,70,36,156,1420,157,29284,1884,64218,21,47968,161,171714,6325,4192,16836,1,2750,9,4,8024,1361,16294,1087,27,61066,22,1164,57421,4,13,48,50,52,11,55199,67453,334,321,4041,19909,516,15138,555345,48,851,1276,26454
"112",6494,513,82,459,94,92,899,27,1892,4002,27348,87,33802,208,23750,2315,319,14075,4,2782,2,13,6949,6989,6051,117,81,60099,14,208,119702,1,7,121,92,60,82,8878,77432,1091,60,7289,15686,1926,12032,114570,22,1280,4554,51642
"113",25176,597,1370,479,83,612,7351,391,7252,3056,13955,39,8844,50,10395,4857,593,28501,4,14183,3,10,28158,6151,4087,806,111,77233,24,28,38742,9,232,20,20,15,27,40742,29762,363,105,4222,23440,41,21611,170664,5,167,6803,57148
"114",5367,1396,788,222,34,650,1273,94,9399,592,28114,55,15190,108,23077,4372,946,181331,4,12539,5,9,13850,1329,1896,288,54,62854,25,121,196984,35,24,11,5,4,34,37733,87480,408,62,4819,21342,62,28267,56338,16,193,12523,67335
"115",8012,3137,171,548,15,121,2018,13,877,685,48166,209,41400,97,4424,1576,3386,6350,94,9548,3,43,2851,2473,22417,229,43,352068,41,150,152157,2,6,957,69,65,15,56355,41643,4490,20,4058,6657,1005,20090,43860,23,393,1814,53742
"116",16184,1766,554,187,24,72,8166,24,4121,3246,42079,632,8086,138,7352,485,651,5688,38,4761,11,2,1886,11469,2985,706,209,101619,44,189,23621,5,36,238,7,49,37,11682,75868,1010,58,10621,19326,288,19421,214623,16,287,679,67841
"117",4826,1868,145,99,32,71,1295,5,2733,822,29426,193,23827,255,14730,2121,1184,30093,5,10267,8,10,12734,4064,4532,537,387,299370,38,598,465938,2,16,390,46,122,18,27710,287262,2158,84,5043,26692,325,5711,29693,29,438,1554,196430
"118",8617,902,1409,218,27,239,2397,128,4406,3756,34741,30,8023,286,11542,15244,209,20902,2,4871,2,7,27225,1153,3117,1339,35,54523,20,160,137728,4,30,24,22,22,28,17787,56680,201,137,1197,19099,95,12189,161142,29,300,11087,146574
"119",8114,7559,121,136,16,326,694,2,1869,899,17533,101,37855,165,2821,14035,389,21476,20,23917,16,34,1115,3358,13854,908,34,51547,45,349,87668,3,8,204,12,32,5,19909,30904,470,16,11226,5617,170,35315,9866,23,568,3969,80135
"120",11679,637,334,395,38,248,4734,326,6694,4515,9703,95,744,256,9953,4077,638,18030,4,11123,10,13,18130,3893,4652,1670,417,69578,77,71,76934,2,599,69,7,302,20,7338,17828,335,42,16720,31195,37,19679,167304,25,282,3041,8324
"121",23479,852,98,424,7,76,2025,742,3150,8687,10734,134,6664,210,7284,4826,295,9542,4,1213,5,5,38216,1535,21629,499,179,465399,42,308,110386,5,18,67,9,19,40,52760,52411,957,30,25735,11747,430,43202,130351,33,95,4555,18509
"122",9657,1253,137,131,6,154,106,46,9774,1832,34089,183,30076,616,93779,5021,528,4542,6,973,47,3,11883,5483,21066,1844,28,144685,77,783,23887,2,9,20,30,39,4,17361,70683,1089,11,25276,5359,648,40592,1591608,86,281,2888,79637
"123",509,774,1574,49,77,97,410,26,25435,6636,161966,40,31011,151,22248,27940,174,2564,2,1711,10,10,2827,15243,4524,2395,27,338234,8,128,23451,12,12,217,16,13,19,56486,18480,120,252,16190,28971,1078,75694,318283,38,532,14410,25401
"124",2547,184,666,52,38,568,1710,198,25845,11748,86061,30,3630,495,84437,21801,272,43360,26,2315,4,6,9801,1716,22149,1052,11,42612,11,172,724960,7,10,34,29,22,14,26001,73080,1856,101,14313,82244,158,20497,105984,8,127,13959,116220
"125",18577,289,556,51,7,596,451,269,2637,843,79860,82,13280,1542,84168,2426,488,23197,2,22109,27,27,25494,512,34130,1257,37,282864,400,203,818032,7,23,17,13,11,2,8410,151178,1841,16,5643,1799,471,135546,45354,12,249,1355,8252
"126",15699,340,1734,707,69,467,3359,833,18187,2466,42778,30,4498,16,85974,3166,298,2443,4,1462,2,7,9821,11248,1836,1391,361,584039,73,66,87741,12,26,24,65,16,34,2228,22481,118,32,26941,38898,179,9137,35397,18,229,8535,23623
"127",7891,1361,2333,62,5,217,616,111,5672,1054,102064,65,6197,1103,113495,25366,404,3696,21,694,7,11,1085,6309,9600,3170,18,417114,22,850,90284,1,14,79,6,38,1,32141,212816,1064,152,2678,34011,2177,69886,11715,43,208,4645,62270
"128",5053,427,599,65,10,85,3078,14,3719,2189,31186,90,61925,89,24211,3379,652,7323,24,1824,6,7,3594,5460,7137,1697,127,76323,64,45,69849,7,35,177,21,74,11,124853,22084,857,58,53747,6508,216,42015,369083,8,866,953,28579
"129",2038,3257,1722,61,29,39,3037,26,6142,1247,11668,72,13248,423,1940,2427,586,5087,49,10092,7,5,12687,6093,2736,775,90,104109,168,66,293925,4,8,673,14,117,51,19906,56207,1284,22,3603,61189,342,8371,8732,17,530,4965,150167
"130",3746,556,2448,150,3,276,540,30,3539,4740,175112,725,7247,475,27249,2968,465,13217,5,2900,2,6,3354,3170,2013,984,285,312184,235,122,535948,6,11,125,20,42,9,10222,12547,352,8,49312,11694,686,6840,205783,11,690,2786,79940
"131",1844,777,922,43,138,208,354,75,75627,7578,23822,14,15756,325,11038,31775,215,9749,21,2987,4,13,8942,5284,9077,5403,22,495576,5,365,197347,12,17,201,10,13,8,395132,7293,61,104,7458,40600,277,129768,120680,15,872,7791,60309
"132",10478,444,1273,520,13,601,2158,385,913,4118,85780,203,6228,701,190362,6502,165,7997,2,3254,1,5,3926,3201,1647,1968,86,259529,35,49,59052,14,13,43,34,4,186,16421,28779,645,22,14376,33780,492,11171,102176,68,234,18303,6656
"133",4673,472,512,61,12,71,1897,93,8744,2166,64572,20,12608,1343,77661,38723,531,5188,10,1047,8,2,5806,2918,3598,7543,11,1577647,8,126,64169,10,5,133,2,17,10,92181,116557,429,86,8774,12580,905,35541,667895,27,829,2527,17925
"134",15531,1874,3352,138,21,59,2636,161,24070,1811,18339,61,26864,153,14693,3372,908,4887,16,1652,12,5,6494,8360,19525,4276,69,221391,9,263,296444,1,15,112,5,25,2,56152,16981,603,162,3818,37824,450,12664,81813,11,347,497,191971
"135",522,2429,1055,299,5,397,4963,19,1761,5331,46107,104,16209,1601,23511,12643,234,54360,1,9755,2,10,13378,2948,11514,3419,26,86986,16,57,200138,6,36,13,40,44,46,20678,329286,180,185,3278,17008,126,8805,84762,15,5646,820,57772
"136",1793,1355,322,174,65,383,211,42,3982,3453,80311,122,11086,170,91176,10456,464,40914,9,182,6,4,8859,16104,4781,1510,39,13598,11,290,40460,3,27,8,12,20,25,28333,70174,96,96,5025,65874,483,43026,103987,3,478,5592,71187
"137",3917,18479,3338,35,190,90,3607,10,10518,738,48281,67,9429,170,865,6106,3528,26036,14,20736,3,4,24239,1211,775,610,147,68715,45,166,919599,8,29,122,16,91,18,103703,43318,171,94,4430,68224,519,2117,41448,14,53,10801,66880
"138",6441,757,151,654,6,204,260,26,3375,2479,37377,296,13913,200,9822,6755,1143,40443,39,2728,2,9,9476,3137,35091,1424,39,132323,214,300,81217,4,28,75,38,22,11,9221,83015,1578,7,42489,3018,495,69790,237356,5,479,833,73613
"139",8742,1196,253,458,12,36,826,16,16611,13690,45321,228,24057,89,10584,4371,2606,10099,12,1464,8,6,1263,4160,6718,120,127,318331,299,395,75807,1,4,122,53,42,57,3114,16094,1070,10,16524,53139,1216,5103,216974,24,477,3645,84024
"140",3216,1260,552,10,8,140,2017,39,5054,127267,106163,871,18358,798,13827,275,5292,9686,3,440,3,3,773,4038,9582,468,45,91926,298,352,69738,3,20,203,10,13,9,15522,121489,3720,21,4168,3805,293,17428,1417026,3,3193,689,86885
"141",2890,609,116,49,76,558,3124,90,9109,1855,35104,76,4562,458,30873,1936,2554,6227,6,4702,3,2,10390,888,3247,280,101,318141,19,191,345669,1,22,90,76,57,124,16209,21692,301,215,69818,30983,381,3913,61157,14,464,5388,41294
"142",6511,977,200,231,10,38,2200,7,2376,2322,94463,225,41226,753,97532,1320,5174,14746,63,1080,5,57,621,25675,6934,707,227,457041,134,624,75534,2,8,186,18,103,33,7166,258969,1132,13,3047,4856,612,8110,68148,8,639,357,103039
"143",19481,774,322,118,17,419,506,386,5923,2635,12759,748,1194,133,67578,1183,3376,29896,1,2235,19,11,25894,5827,4067,83,185,83037,103,273,154817,3,159,10,18,23,47,49296,85799,1964,9,2122,15365,219,7324,357230,35,429,1589,16904
"144",17605,1967,815,24,17,476,3543,45,1414,1599,38867,431,16125,916,9999,535,715,7811,49,4676,13,29,3016,2748,9318,1305,96,302768,304,272,441587,2,14,352,9,33,5,11810,110235,625,24,2953,19693,191,12619,104801,7,1302,1292,23474
"145",1353,622,145,35,8,62,132,53,613,9266,93389,321,19025,699,8200,3824,1523,6924,11,13296,12,66,4498,701,21183,780,14,435037,171,1868,724523,4,41,61,19,53,12,24294,460828,1216,65,7696,2501,2301,32973,150981,4,1225,2466,10214
"146",8069,793,866,110,26,268,1046,293,3676,4920,67198,361,7152,907,42020,4210,153,32830,16,2610,7,4,4951,4055,7127,688,70,180352,53,205,87443,3,84,18,3,13,15,36299,42648,1195,12,9327,39259,441,76662,82862,16,348,5638,49156
"147",2042,853,89,130,50,13,356,65,4167,4846,28189,44,40610,77,5403,38950,414,6341,49,966,7,4,3749,6837,11837,890,86,244837,32,446,60572,1,12,289,66,40,7,7533,46068,135,162,8505,88322,1050,60078,38885,14,450,1873,114329
"148",2889,264,845,437,4,194,242,120,2228,806,61234,357,21250,1007,103159,4082,181,9469,5,912,25,25,6402,5547,6128,5871,30,187350,18,443,526129,15,17,56,6,131,18,4994,90722,469,19,11072,10173,300,83402,60378,46,5069,1568,8504
"149",13985,2140,88,168,40,31,1544,27,29039,676,10492,122,37469,55,7363,2507,1098,4901,8,3375,4,9,10576,1330,5543,338,35,49614,30,211,102522,2,7,395,129,357,63,12598,16551,3350,67,23868,35348,4269,7254,551079,5,96,3502,62918
"150",6067,3288,854,176,32,296,7167,34,2224,1427,225340,90,7639,505,124607,6247,584,27375,6,1275,2,4,12886,11547,1120,297,69,145991,211,56,59582,5,59,16,17,23,202,45376,67868,510,73,27318,10928,158,3121,383441,21,478,4501,254911
"151",791,252,284,81,25,100,1156,169,6670,2856,18031,376,1762,353,68946,7300,537,11836,7,232,3,17,11887,16691,22797,4842,4,286965,23,172,23478,6,24,64,41,85,17,126852,37247,316,28,1139,26423,647,10955,512654,77,3019,2756,11137
"152",5712,840,273,123,48,62,728,23,1246,2905,42060,327,55777,102,11857,9835,648,4217,11,20067,16,80,4958,4891,4456,3587,21,88345,105,274,136165,3,35,123,22,69,16,17444,123982,209,38,7855,4097,186,24273,15443,14,127,1971,87140
"153",21623,2814,486,180,4,75,731,61,1479,2073,77564,1206,2739,281,12491,2670,546,69454,13,4923,6,5,12001,5292,18359,563,26,128324,290,250,86776,4,36,20,34,34,11,16786,60285,1909,13,37793,15947,110,30719,181307,16,528,3359,82800
"154",3316,239,153,145,7,398,1039,135,7526,31529,123555,246,64514,225,25288,8102,584,12591,8,1000,47,4,4053,5138,16673,240,31,573838,113,435,20977,3,5,78,26,9,8,48148,25680,2074,29,24200,2014,591,75227,560456,36,296,1365,25883
"155",1526,658,205,26,11,176,1185,36,21832,947,23270,179,22817,543,44480,6077,1192,11067,9,1391,7,11,21045,684,13210,6237,36,88211,34,823,29249,2,8,63,9,35,4,39296,46913,649,25,11101,5991,242,26358,454388,82,5179,954,237150
"156",10725,836,293,181,4,214,16847,351,2451,5428,5024,309,499,1141,7883,2280,601,48978,2,4626,3,5,11175,2686,6947,149,137,252611,21,21,78708,17,278,38,17,91,160,115361,77975,1343,13,3048,40463,100,3604,585852,9,626,662,39743
"157",3301,1187,205,169,4,93,3207,55,2970,3109,18727,680,35035,695,24619,3202,2579,8722,6,1300,6,61,4094,2015,16154,551,47,75652,15,831,121495,2,9,344,25,101,9,17240,293291,2444,48,1845,3519,55,5746,111319,33,1307,3919,553980
"158",3912,3690,229,63,16,43,3709,42,11458,918,8334,160,31473,522,4939,10404,3094,22792,12,6586,1,2,12399,4637,7009,400,27,51880,9,692,141551,2,51,129,87,26,25,52787,166028,315,269,1011,24006,1330,2142,17369,35,807,6529,71886
"159",2101,2796,256,215,27,431,3856,33,244,1488,28672,399,13722,104,36683,1725,1564,65149,9,2947,1,2,21294,1571,3456,47,100,68679,28,67,196662,5,23,11,71,25,81,33422,387208,2871,120,3412,9503,367,8216,59118,62,375,4932,47822
"160",1406,108,62,158,2,37,468,81,1387,8000,42279,1453,10439,434,20668,9129,4869,12483,5,2983,4,26,15591,3779,10185,313,32,293890,55,172,146567,4,30,53,97,59,76,11293,128298,1214,17,10012,7108,1486,12203,304055,3,1478,2614,22137
"161",8626,81,3911,821,53,287,1005,75,10851,11962,89770,200,5054,49,28340,3744,255,17911,4,696,4,48,11260,1688,1371,307,399,45500,25,104,7412,9,17,79,9,41,21,7505,40995,272,27,13479,9460,346,20004,845580,20,203,12353,54414
"162",10347,1317,224,81,1,157,2219,93,3283,1156,22786,804,6692,1006,72199,9333,425,28417,17,3461,6,2,5168,23605,2962,1081,19,512469,46,104,73217,14,22,58,20,16,96,13829,28178,718,12,16887,40046,858,12740,14131,28,3104,1824,38309
"163",9762,539,2251,103,34,99,2747,105,8218,1355,116934,71,21828,250,7082,1710,957,6957,26,4199,18,5,2827,2240,3512,1542,240,195571,46,498,1008254,2,8,143,8,19,9,34498,56138,1685,155,6942,6453,349,13102,22462,7,235,1709,160959
"164",3376,2301,37,68,14,136,650,262,1664,2670,3372,382,9476,660,8545,3317,1389,23343,9,5529,6,5,24022,2599,9855,265,232,143358,62,150,54791,5,20,107,34,29,39,16948,84052,1753,47,22886,7087,726,44601,112553,4,1179,429,121452
"165",2313,3960,740,14,47,195,4020,75,8596,2903,42026,45,38997,271,14403,4897,595,10822,9,1153,36,3,9875,1893,4576,3121,253,469301,25,194,111166,2,7,160,9,15,7,23746,163697,514,153,4327,7197,168,22657,256591,91,231,2074,95445
"166",4066,645,385,185,7,63,1778,31,680,2013,38332,310,3812,583,189367,5914,1077,25586,6,3245,2,21,6031,1636,19893,835,11,59893,56,558,23953,9,130,12,25,87,6,22126,46220,1794,85,15985,10410,450,4744,424046,32,530,3583,54034
"167",7247,225,299,415,41,110,1320,129,17171,7584,43435,135,11635,248,63353,6218,1154,11191,8,759,8,2,9358,26410,12012,3949,44,226095,18,538,502712,1,8,89,7,43,4,45724,31431,566,22,11117,47341,263,32758,44315,14,1025,1115,38128
"168",11524,1329,243,167,18,140,728,49,13948,11302,24226,108,16299,31,13367,3939,490,10569,15,2259,4,9,6557,5005,5863,2570,106,143622,24,328,143410,6,8,75,11,87,57,18406,90163,257,56,18187,18573,1988,34522,145959,6,733,1700,78994
"169",3168,1475,2152,28,40,83,5638,347,16928,4603,25464,67,5410,857,51204,8108,439,29141,6,763,5,16,3965,15849,686,891,361,141076,176,60,48212,1,24,16,22,27,40,4126,129741,179,44,70346,2694,172,14030,46459,16,197,4015,69539
"170",307,10755,250,46,13,48,4925,39,569,677,16828,211,27115,1588,13848,4491,1507,101624,5,3916,1,24,5248,849,17888,1445,56,42380,239,184,146875,2,23,18,227,107,23,5075,140993,1044,236,25875,2778,2115,11993,71516,76,1843,971,342259
"171",1251,924,72,32,22,252,1011,161,10741,3358,121389,24,9234,1694,29811,15517,5881,50995,16,818,2,4,19050,7819,3479,263,326,512713,36,239,100730,3,8,14,76,6,36,75711,56505,427,63,10281,28063,585,18395,129217,17,486,2897,10767
"172",15920,261,109,261,55,364,728,36,1780,56077,31507,103,15916,638,49116,11160,457,10160,4,286,6,21,6449,10305,7506,664,30,136950,276,282,54273,22,18,68,21,55,25,3906,80465,1104,12,35947,8066,118,26866,939248,8,265,3114,46212
"173",5829,1329,293,149,6,112,1101,96,2334,745,105170,300,7162,285,43912,1614,895,8171,4,6593,3,5,26813,5000,3045,347,56,239932,237,171,9557,1,39,24,35,49,62,14643,32488,622,40,15762,16403,424,12051,122609,102,587,2727,106966
"174",33531,3622,521,89,114,112,4405,107,8185,2539,15141,45,17407,67,4076,1680,929,56627,24,12059,3,3,15486,1898,2692,453,482,59578,24,125,224252,11,122,18,13,62,11,70006,41208,382,56,4357,17542,32,26793,26817,29,79,4278,128235
"175",22874,1120,286,568,44,66,610,45,39745,1623,30380,105,28192,37,24083,2921,493,6647,35,9520,1,6,4525,2012,4811,494,115,192189,86,157,106072,4,8,226,126,50,12,32074,5932,405,18,24578,17254,661,47299,51934,15,253,7516,62486
"176",3065,1008,75,99,9,108,2554,43,4062,1411,19380,323,8188,335,36941,1877,2209,19285,11,4107,2,4,6220,1467,3290,237,102,46476,31,286,464946,1,28,64,127,60,56,62716,55281,1113,13,26427,21790,349,4347,18470,62,751,609,174668
"177",7089,2860,74,139,42,32,453,10,5997,9583,17995,55,12725,137,2094,3468,2968,8794,7,3358,7,18,22586,3292,6205,944,51,109995,21,116,103856,7,18,112,123,236,41,23471,55155,846,32,5513,14541,749,22629,619372,4,322,2229,91278
"178",10275,2985,230,600,10,22,978,14,25616,3959,62510,135,126964,232,26041,4087,1519,15051,22,298,8,3,2997,6368,4628,1218,59,232300,62,178,84515,3,2,52,19,39,21,16248,14614,726,7,38255,20585,1352,28168,217425,10,242,6106,166769
"179",8980,324,36,183,20,150,2004,55,6073,14674,78805,232,27164,135,36099,6704,5065,6877,24,896,4,9,4532,17443,2816,928,92,163462,101,230,87060,5,12,62,201,22,12,21693,30968,741,12,7909,28014,550,8621,99856,9,1395,174,27950
"180",1983,6715,155,118,38,122,1032,38,16116,423,48377,398,58013,237,7955,2025,561,7354,20,4801,18,2,31413,2400,9484,789,97,460618,30,1536,204382,2,4,13,6,9,16,32600,11719,1522,38,83207,10895,693,21177,57330,21,294,2156,64558
"181",1905,1979,91,105,9,23,574,4,5658,15801,13083,133,236451,272,7530,5260,1368,19069,20,546,2,5,1378,4023,13183,1051,142,58761,38,367,206536,6,9,489,43,106,6,18238,80019,583,28,15452,23131,402,46592,302035,14,1295,861,76550
"182",8619,676,232,71,10,25,764,34,14336,7318,67270,33,25985,2263,19397,14163,166,1664,19,722,2,3,2329,8719,70584,1015,55,793011,75,427,61077,6,16,316,11,56,6,20516,17766,607,29,17058,19862,1023,56263,87605,34,1210,1660,51679
"183",15285,248,271,125,24,37,1260,68,26211,1428,34805,19,31356,110,12877,14877,555,4488,41,4947,1,3,2568,1885,7207,109,77,124779,22,251,316678,2,30,291,11,39,22,85119,79733,1249,58,16099,14560,2340,16538,93948,18,104,5886,56151
"184",4971,432,641,76,8,494,560,164,6660,3666,152538,84,6830,218,24935,7981,482,15197,8,3363,12,18,3287,6004,1306,766,81,182858,10,69,97475,39,28,73,23,23,8,66752,73064,549,88,2008,27508,91,130249,73771,17,231,7097,11959
"185",7972,715,2473,56,8,15,2409,10,753,5418,40483,328,66746,1254,4294,11699,598,3532,51,10148,4,41,2193,1230,1001,1230,31,89239,179,57,71859,2,8,1571,19,167,12,4093,174848,374,41,5519,28730,3005,20018,259401,5,341,5302,293777
"186",12280,401,655,152,5,47,3676,56,4570,2355,36514,333,12905,401,36805,791,2133,7079,4,1917,8,3,17504,1889,7318,732,39,65459,89,450,295515,6,58,60,25,83,16,80423,17618,2811,5,12742,6225,661,4291,355749,177,2317,853,72306
"187",2038,443,303,340,36,41,276,18,2595,2831,46915,121,63715,178,20589,24469,997,4323,20,5176,9,4,7454,5218,11433,886,122,184439,61,499,139127,2,24,188,12,36,4,13173,146734,370,58,4474,15243,2102,39908,35454,8,63,8821,48698
"188",12059,412,1191,198,86,82,3232,33,66531,2803,34760,44,11367,73,122341,5799,140,3462,5,1929,5,2,5562,5433,11024,170,350,86893,14,51,110657,5,51,42,30,103,47,28870,13228,141,43,44988,38895,241,19051,342179,15,141,14612,146178
"189",6976,559,193,693,11,227,1447,28,917,2850,76497,588,9451,173,52867,2777,213,8870,33,3502,31,14,7000,12961,12252,475,73,186973,30,743,96704,6,26,37,5,16,15,14627,161767,275,15,4266,12045,420,70882,119624,7,2300,911,23373
"190",4184,479,366,244,4,21,2811,41,3647,10619,28343,578,22151,320,15839,9420,2012,3204,103,1342,7,2,1760,19537,12533,1366,29,94088,53,274,118864,10,24,516,22,183,7,21432,22976,1566,43,57047,20559,532,12128,126913,7,1911,463,29896
"191",6840,2140,586,81,12,167,820,43,7684,968,2909,148,4640,357,8663,2269,405,21395,10,5169,2,23,40540,1450,4274,1527,51,166904,80,114,154954,2,44,48,33,183,29,16424,21352,843,42,127322,6099,499,11349,88320,49,2062,1335,99399
"192",3159,2551,165,57,16,73,904,115,3462,13363,28011,67,18233,1558,9428,1669,711,4475,87,983,5,5,841,43351,39513,1327,29,195923,41,140,80912,8,29,921,13,85,14,73744,305565,1349,50,3021,8082,182,18302,12748,2,2595,549,65752
"193",562,687,624,132,24,78,1116,172,4208,2062,24874,311,9321,373,13279,13349,117,14899,4,5180,3,14,32799,2765,4706,2374,72,306033,99,231,63229,2,60,29,36,41,3,7510,71621,230,39,12088,43872,713,37601,162789,30,754,4548,17235
"194",9309,351,376,135,8,32,1299,7,2661,29057,511704,76,230233,484,13516,7819,1894,3364,14,473,8,8,967,16573,8193,2210,46,261957,45,835,82622,1,8,131,25,28,5,23985,28702,1731,58,5274,41379,2842,9192,224771,5,375,1218,87300
"195",23622,440,132,709,5,144,1721,80,11070,4632,86357,807,23395,65,95719,450,3468,22140,4,1160,7,16,11501,3465,2361,138,203,259948,22,169,86887,3,8,28,55,7,40,7061,15464,2522,5,21480,69291,1464,9642,68927,38,497,1299,133281
"196",6421,204,725,137,20,529,7560,277,8011,3423,27943,159,1712,594,28949,7251,528,26029,11,4504,2,1,49688,2781,2602,1252,140,218779,26,96,45574,4,47,17,48,10,48,64462,68737,339,25,8975,22820,76,4033,175456,71,252,6621,54313
"197",20342,1437,2019,90,43,173,526,32,38158,3414,52268,27,14101,141,37884,5137,218,48335,9,1469,5,4,1823,2564,1747,4303,34,33472,118,214,115324,8,32,69,9,39,6,15869,14730,155,24,42561,12323,1481,175181,576957,24,164,14024,46488
"198",8581,536,285,65,11,93,525,37,1186,2140,45220,453,61168,1390,2140,2267,1026,12061,48,7938,8,97,11732,2353,6542,214,20,182630,117,75,56095,22,21,62,18,44,36,7069,416317,1755,19,30050,3572,813,43461,68979,5,217,7938,7421
"199",3144,1333,94,58,1,76,666,62,2070,5602,69509,628,14334,951,9445,2318,1909,32379,8,11582,8,25,5864,2085,41472,172,85,337624,307,203,152002,5,10,39,19,14,25,2942,116661,3224,13,20650,4193,1142,30732,59716,19,1403,373,97224
"200",7748,627,1499,411,75,64,2325,111,21535,13164,41194,29,30593,214,36889,25100,444,4398,3,1467,5,8,18825,6249,745,4297,224,223623,94,36,17796,7,26,76,14,23,13,64884,2788,19,10,59339,21643,416,28527,128323,34,223,16739,134804
