SampleName,Actinobacteria,Aquificae,Bacteroidetes,Candidatus_Saccharibacteria,Chlorobi,Chloroflexi,Cyanobacteria,Deinococcus-Thermus,Dictyoglomi,Elusimicrobia,Firmicutes,Fusobacteria,Lentisphaerae,Planctomycetes,Proteobacteria,Spirochaetes,Synergistetes,Tenericutes,Thermotogae,Unclassified_Bacteria,Verrucomicrobia
ERR011089,0.016756152682741773,0.0,0.3610152947168915,1.021161719515326e-05,0.0,0.0,0.0,1.066858537571134e-05,0.0,0.0,0.5505894962284658,0.0,0.0009197388441725221,3.915482083074114e-05,0.017108494393138333,1.060212055394608e-05,0.0001953242318877536,4.624002054659781e-05,0.0,0.0014756765988290547,0.0497095072031514
ERR011090,0.012220320215131192,0.0,0.3451285584638607,2.1422082378497852e-05,0.0,0.0,0.0,0.0,0.0,0.0,0.5800099971045897,0.0,0.0006597312126579965,0.0,0.013430732088719059,1.0029200512386266e-05,0.00013636952707899333,3.085290671997229e-05,0.0,0.002052604024387305,0.0443150348455943
ERR011091,0.011610035645560903,0.0,0.3628116698748626,0.0,0.0,0.0,0.0,0.0,0.0,0.0,0.5610647332364653,0.0,0.0006253024789359875,0.0,0.013418100732764693,2.149806760357441e-05,0.00016255839911003567,0.0,0.0,0.0013667998277324214,0.047184468290094816
ERR011092,0.019262323437911927,0.0,0.4426519268658412,1.0452599798769845e-05,0.0,0.0,0.0,0.0,0.0,0.0,0.511140228357879,4.9929472532664116e-05,0.0,8.716859821965525e-05,0.024238810701304483,5.1923968316528276e-05,1.4052015405280752e-05,0.0,0.0,0.00010098866055246147,0.0
ERR011093,0.014045068654055108,0.0,0.4468235829619003,0.0,0.0,0.0,0.0,0.0,0.0,0.0,0.5155201052131846,6.042985168112345e-05,0.0,0.0,0.02111636429089556,6.207266705115488e-05,0.0,0.0,0.0,0.00012221283361420047,0.0
ERR011094,0.01340905007627194,0.0,0.4931879992802846,0.0,0.0,0.0,0.0,0.0,0.0,0.0,0.4688663401945787,1.5511758982037058e-05,0.0,0.0,0.02224548101915171,4.570849619187384e-05,0.0,0.0,0.0,7.239836330132504e-05,0.0
ERR011101,0.002717451508633817,0.0,0.629449909332754,0.0,0.0,0.0,0.0,0.0,0.0,0.0,0.35738876722910073,0.0,0.00023864159446254136,0.0,0.0027612073805740735,0.0,0.0,3.1065056083580246e-05,0.0,0.005345349595411253,4.580794238555871e-05
ERR011102,0.0037395010348555526,0.0,0.643873573608123,1.4994403673462256e-05,0.0,0.0,0.0,0.0,0.0,0.0,0.3409014990445042,0.0,0.0003510857401256196,0.0,0.004258755987913942,0.0,1.0410488318418504e-05,3.169695978156264e-05,0.0,0.004558163683737329,5.902257547527784e-05
ERR011103,0.003826023988875525,0.0,0.6417887637581583,0.0,0.0,0.0,0.0,0.0,0.0,0.0,0.34277363394039334,0.0,0.00036941192263859046,0.0,0.00442684738132176,0.0,0.0,2.647243171246823e-05,0.0,0.0045588295443488094,6.376449156652575e-05
ERR011104,0.004185189290870433,0.0,0.6449862008111864,0.0,0.0,0.0,0.0,0.0,0.0,0.0,0.33905241381013035,0.0,0.00040413748587279485,0.0,0.0048505967454201306,0.0,0.0,3.0044787418344526e-05,0.0,0.0042741329289495925,7.377924501084825e-05
ERR011109,0.014933516309131561,0.0,0.34449216274428235,8.406739461060517e-05,0.0,0.0,0.0,2.6565961037452845e-05,0.0,0.0,0.5394339632640407,0.0,0.003882908964277597,8.529510568357146e-05,0.0752066655723231,0.0,2.339395152838019e-05,6.560414898756849e-05,0.0,0.0002655770655404575,0.017679346224265684
ERR011110,0.011854269640802387,0.0,0.3462521981854123,0.0001127306040281477,0.0,0.0,0.0,1.7235213512927753e-05,0.0,0.0,0.55241424708056,0.0,0.0030264109958150595,0.0,0.06540145282674224,2.0802876503605568e-05,0.0,0.00011439906807560635,0.0,0.00033261032095583055,0.016737151850421933
ERR011111,0.011313900411770828,0.0,0.3345343823677401,6.477604647150265e-05,0.0,0.0,0.0,0.0,0.0,0.0,0.5920967520217714,0.0,0.0009684400195848444,0.0,0.03909018829073549,0.0,0.0,4.238386461275816e-05,0.0,0.0003225402003922852,0.018144050258035727
ERR011114,0.010816687634775354,0.0,0.5779761719355159,0.0,0.0,0.0,0.0,0.0,0.0,0.0,0.3732332328796992,0.0,0.00013968989779345083,9.161094231092044e-05,0.008644901288235576,6.308400885495821e-05,2.748499115760141e-05,1.1451726796884355e-05,0.0,0.001040838448982152,0.024975985386908053
ERR011115,0.008550969354485715,0.0,0.5796849853360381,0.0,0.0,0.0,0.0,1.2560489709323226e-05,0.0,0.0,0.3776280081930469,0.0,0.00013683115207762116,0.0,0.007185527757239016,6.226507908447344e-05,2.1105588930078545e-05,1.080910431122718e-05,0.0,0.001308192880628867,0.02238336154131532
ERR011116,0.013912063180995715,0.0,0.47250041019297806,0.0,0.0,0.0,0.0,0.0,0.0,0.0,0.45930413000513287,0.0,1.5049634707660605e-05,0.0,0.006882441572438268,5.0955481700664006e-05,4.817885917502075e-05,1.0947316925447676e-05,0.0,0.0011881784208486773,0.043199507013404345
ERR011117,0.03852998512650512,0.0,0.4496067466046031,6.485124283273006e-05,1.248017691418973e-05,0.0,0.0,4.3108889989026115e-05,0.0,0.0,0.40101002655983703,0.00015632011425474498,0.003193554230048061,6.932337871473922e-05,0.06200943578147152,0.00013620352234566276,4.6571796166707396e-05,0.0002083758757916302,0.0,0.0005184806791487141,0.040376342484172836
ERR011118,0.03896061668459282,0.0,0.4559164950589031,2.9518505398327844e-05,0.0,0.0,0.0,1.8751356307927082e-05,0.0,0.0,0.3952372232756551,0.00014751279187653356,0.0028611508710249325,0.0,0.06105670403432219,0.00014904862220862762,4.4570791131899705e-05,0.00014090610453198666,0.0,0.0005139466086412742,0.04096032241485554
ERR011119,0.039837134999909936,0.0,0.47298711756352074,2.2239786216284166e-05,0.0,0.0,0.0,0.0,0.0,0.0,0.3868747549835325,6.563535778951055e-05,0.0018076658478066079,0.0,0.05134172401186492,0.00015013892646255358,4.5200409456630054e-05,4.906078572066334e-05,0.0,0.00026039539943274845,0.042892220829145636
ERR011120,0.027743522415788462,0.0,0.47227117498525534,2.1263160384001842e-05,0.0,0.0,0.0,0.0,0.0,0.0,0.4083645506819327,0.00016243059909805673,0.0017679472122726074,0.0,0.05054637052609475,0.0001693394253685057,3.9182892182137785e-05,0.00018521387252097644,0.0,0.0005877611631742631,0.03382705444248634
ERR011121,0.025518812478021652,0.0,0.47547404972632623,1.9613411388223133e-05,0.0,0.0,0.0,0.0,0.0,0.0,0.41166120234357445,0.0001580805576644574,0.0015002074681125888,0.0,0.0477591450263381,0.00017597458525056938,4.208066372026189e-05,0.00020126341558473825,0.0,0.0006949654200516386,0.03249499484933514
ERR011122,0.034970750243654355,0.0,0.47633051724394015,2.9755060225042186e-05,0.0,0.0,0.0,0.0,0.0,0.0,0.39108338899147377,6.505430993926603e-05,0.0013709946276856436,0.0,0.04918923535976204,0.00015381386882640124,5.186466973443621e-05,0.00011782284414984334,0.0,0.00026463918149953757,0.042493162583181046
ERR011123,0.034703830051469264,0.0,0.47714811884236924,2.478291998584592e-05,0.0,0.0,0.0,0.0,0.0,0.0,0.39171546749567604,5.0770263191805586e-05,0.0013558115890153438,0.0,0.048770359481171574,0.00015087538902443045,5.6698772254438896e-05,6.848324957892055e-05,0.0,0.0002768004874591768,0.04176551004069842
ERR011126,0.0044389001038137605,0.0,0.4344903533409977,0.0,0.0,0.0,0.0,0.0,0.0,0.0,0.347195888201362,0.0,1.7305326271303823e-05,3.745668684669118e-05,0.20900616330111385,0.0,1.1735749536466592e-05,2.3435135072253955e-05,0.0,0.0004558395065492669,0.0016224901816240772
ERR011127,0.004011113332229945,0.0,0.42898734039487957,0.0,0.0,0.0,0.0,0.0,0.0,0.0,0.3543810988519774,0.0,1.4004107212797058e-05,0.0,0.20787944455832616,0.0,0.0,1.2690146093661273e-05,0.0,0.000503236150856687,0.0015249441572355309
ERR011128,0.005420212314198261,0.0,0.3104048282722704,0.0,0.0,0.0,0.0,0.0,0.0,0.0,0.3950288790772831,0.0,0.0,0.0,0.28418796774188604,1.3887324690152106e-05,1.3952823954364755e-05,1.2595202473596671e-05,0.0,0.0003404686807400312,0.0021645253701676266
ERR011131,0.0033237618591336333,0.0,0.665818609829697,0.0,0.0,0.0,0.0,0.0,0.0,0.0,0.32206927092120446,2.8266586104409526e-05,0.000299611089179711,2.7036115537544792e-05,0.005349930074867069,1.3461962129320007e-05,0.0,0.0,0.0,0.0011346014733317085,0.0002246683563324003
ERR011132,0.002385492004933246,0.0,0.6796371698250274,0.0,0.0,0.0,0.0,0.0,0.0,0.0,0.3104445938360874,2.094794239980112e-05,0.00025359898861787545,3.1000462877155247e-05,0.004356856436698205,1.4049533545560538e-05,1.0723367905697217e-05,0.0,0.0,0.0012254588231120206,0.00013443059805322042
ERR011133,0.0030934254357845984,0.0,0.5986192544267706,0.0,0.0,0.0,0.0,0.0,0.0,0.0,0.39210264675651413,2.8012609630623583e-05,2.3524678861976355e-05,0.0,0.0034762851032743183,2.371930978106392e-05,1.4771101082715684e-05,0.0,0.0,0.001000675776312517,0.00022211446442457294
ERR011140,0.022633291261377465,0.0,0.6707387074913013,3.4055899285704854e-05,0.0,0.0,0.0,1.1987819711176704e-05,0.0,0.0,0.2793792630048559,0.0,0.0,1.626645130303651e-05,0.025773559474004486,9.639090018653933e-05,0.0,0.0,0.0,1.655036847449024e-05,0.0
ERR011141,0.02066378455394695,0.0,0.6758735686246463,1.6240291190225094e-05,0.0,0.0,0.0,0.0,0.0,0.0,0.27520860824529725,0.0,0.0,0.0,0.02686302386514854,8.255961479836786e-05,0.0,0.0,0.0,1.3917567099780835e-05,0.0
ERR011142,0.018274674117252285,0.0,0.3829551935370249,0.0,0.0,0.0,1.0902187733156532e-05,0.0,0.0,0.0,0.550282263648943,1.0869577240195742e-05,2.7633653108753112e-05,3.0381828203004315e-05,0.02947326353149595,0.00014836178243596824,0.0,0.0,0.0,0.008128807137491898,0.0080265249187731
ERR011143,0.001005147831154315,0.0,0.4081701884911408,0.0,0.0,0.0,0.0,0.0,0.0,0.0,0.5772267151623326,0.0,1.0545604229591662e-05,1.4319820697211765e-05,0.002572253406988386,0.0002631835388710592,0.0,1.0914209720775793e-05,0.0,0.007343634752534367,0.0013708397992643
ERR011148,0.0019487660586392436,0.0,0.6613518819243666,0.0,0.0,0.0,0.0,0.0,0.0,0.0,0.3319044450715679,0.0,0.0,0.0,0.0008748006448016502,0.00024312287067754912,0.0,0.00019481751187443077,0.0,0.0012837206091222298,0.0001344093440041985
ERR011150,0.027891442296721438,0.0,0.4753813465369469,0.0,0.0,0.0,0.0,0.0,0.0,0.0,0.3703902977088657,6.899396272716103e-05,0.0005028167078399504,0.0,0.09865464630658595,0.0004974990309876293,0.0,0.0,0.0,0.0026619737627718346,0.020844047546367973
ERR011153,0.002744193446247783,0.0,0.5697922403479089,0.0,0.0,0.0,0.0,0.0,0.0,0.0,0.4159506681059271,0.0,0.0,0.0,0.000508313962482909,7.48154606303849e-05,0.0,0.0001357361610141457,0.0,0.007939635217679467,0.0006599552004521035
ERR011156,0.006537720586449948,0.0,0.5970521189708776,1.0539040691860887e-05,0.0,0.0,0.0,0.0,0.0,0.0,0.36404926429304585,4.362663692899727e-05,5.905256177438431e-05,0.0,0.019684839913935565,8.86114909587963e-05,4.286832255940492e-05,7.661402488769067e-05,0.0,0.00482117653936089,0.004082088066461183
ERR011160,0.005833086767241871,0.0,0.23376864858642082,1.5211552489244422e-05,0.0,1.2241595779645489e-05,0.0,0.0,0.0,0.0,0.7486610415918887,7.564652710371223e-05,7.229559764843409e-05,0.0,0.004637399799632912,4.5781167478002916e-05,1.1136902568785054e-05,0.00033213422147089895,0.0,0.0016130034776705184,0.001140627347190851
ERR011162,0.0015462072304205999,0.0,0.6770919516208118,3.5529987301079214e-05,0.0,0.0,0.0,0.0,0.0,0.0,0.3142572696836511,3.041396206558047e-05,0.0,0.0,0.002983915042627334,0.0,0.0,2.7997808205737784e-05,0.0,0.0015602365813227998,0.00021833744485853446
ERR011164,0.002357863867302165,0.0,0.3557865734152076,0.0,0.0,0.0,0.0,0.0,0.0,0.0,0.6277595593104047,0.0002036677997859683,0.0,0.0,0.008574159053556709,0.00016344533287956275,0.0,0.00028002408812036027,1.2953539186554753e-05,0.001946439199439221,2.226628851867123e-05
ERR011168,0.009262914976206271,0.0,0.38354998935283124,5.129174594212901e-05,0.0,0.0,0.0,0.0,0.0,0.0,0.5667637342498547,1.2041393737939227e-05,0.0,0.0,0.0075492855363958,2.8825114242321392e-05,0.0,0.0005617416410510979,0.0,0.006109713337773424,0.022296163331188397
ERR011173,0.001136748506756373,0.0,0.43341761842508936,0.0,0.0,0.0,1.0718832403888424e-05,0.0,0.0,0.0,0.5327982420316542,0.0,0.0,0.0,0.011380047531719993,0.0002270691513814048,0.0,1.3271967587022971e-05,0.0,0.0012892401135973456,0.0182069034377942
ERR011177,0.0007876389468134861,0.0,0.5331815917073275,2.8745765241626007e-05,0.0,0.0,0.0,0.0,0.0,0.0,0.4550685515096363,1.150580723081035e-05,2.731482050356142e-05,0.0,0.001609849198947406,2.2382902920623496e-05,0.0,5.2332699212995554e-05,0.0,0.007078810926493887,0.0005094825391541627
ERR011178,0.005384157028921577,0.0,0.5423882809871816,6.6064629640542e-05,0.0,0.0,0.0,0.0,0.0,0.0,0.43580599803366593,4.895392711064022e-05,0.0,0.0,0.009022260847650673,0.0,3.683773126857958e-05,0.0005927925289135495,0.0,0.00045870458188323066,0.002642309018471273
ERR011179,0.00110543806821453,0.0,0.4027663614048212,4.890093164345057e-05,0.0,0.0,0.0,0.0,0.0,0.0,0.5859129785965792,0.00033546123738503806,0.0,0.0,0.004837562517630249,3.7392365083089794e-05,0.0,0.0004955936372183643,0.0,0.0011725786068148393,0.0007537163693291859
ERR011180,0.023281667821459642,0.0,0.4885102470877056,0.0,0.0,0.0,0.0,0.0,0.0,0.0,0.4753969531371332,0.0,0.0,0.0,0.008323046217473647,0.0,0.0,0.0,0.0,0.0016803874986472983,0.0005189288949857585
ERR011181,0.004029800283384249,0.0,0.5088476982869116,0.0,0.0,0.0,0.0,0.0,0.0,0.0,0.4808555222630332,0.0,0.0,0.0,0.0025384607543397,0.0,0.0,0.0,0.0,0.0016461946676518033,0.00017512932234258434
ERR011183,0.00298857179413018,0.0,0.4752814993913544,1.3356128374827879e-05,0.0,1.8851881880764638e-05,0.0,0.0,0.0,0.0,0.5061781259526357,0.00018927779309766492,0.0,0.0,0.007754974442613649,0.0002006876585850898,0.0,0.00032765141999054683,0.0,0.002467749578499766,0.0021801271199465193
ERR011184,0.002149791041286017,0.0,0.5617987328173643,0.00010780280486771066,0.0,0.0,0.0,0.0,0.0,0.0,0.40842535818084585,0.0004458030902214984,0.0,0.0,0.01275305864401108,0.0001613746196753069,0.0,0.00011584095610002298,0.0,0.005872369544979525,0.005293202928921033
ERR011185,0.000846903017937276,0.0,0.5969695378347034,8.192863355167509e-05,0.0,0.0,0.0,0.0,0.0,0.0,0.3825385646004093,0.00026210267950060444,0.0,1.0430315835026123e-05,0.01026571493223365,0.00010813968116436234,0.0,0.0002574601396834895,0.0,0.0040786588517390705,0.0024357181602315033
ERR011186,0.0026179930968207943,0.0,0.3383388615463865,0.0,0.0,0.0,0.0,0.0,0.0,0.0,0.6499900860013836,2.280624279931593e-05,0.0003518644416321537,0.0,0.004135696162726371,0.0,0.0,0.0001592735604038689,0.0,0.0024337458186052736,3.9154911351350124e-05
ERR011187,0.0007472751048381257,0.0,0.3151166382402264,0.0,0.0,0.0,0.0,0.0,0.0,0.0,0.6774687368932584,0.0,2.329026157937399e-05,1.083883602194529e-05,0.002187071910456053,1.2358410926739287e-05,0.0,0.00013374670249359627,0.0,0.002901122980347777,2.491638402181361e-05
ERR011188,0.0009986443260762733,0.0,0.3716868577660508,0.0,0.0,0.0,0.0,0.0,0.0,0.0,0.6138400696824525,1.113293866216286e-05,0.0,0.0,0.008880159071633512,3.2820898654609997e-05,0.0,0.0,0.0,0.002538612908218581,0.0004669403569967504
ERR011190,0.0017713580451327784,0.0,0.4465477445577072,1.665019122565318e-05,0.0,0.0,0.0,0.0,0.0,0.0,0.530976107288376,1.0900792789065813e-05,7.04568723859742e-05,0.0,0.006953042659210438,2.5095442620825425e-05,0.0,0.0,0.0,0.011728057296874213,0.0003342233219894107
ERR011191,0.0012084672195021465,0.0,0.4680265227515166,6.162793664218936e-05,0.0,0.0,0.0,0.0,0.0,0.0,0.5196921307603661,0.0,3.725493458101036e-05,0.0,0.004251323260811059,0.0,0.0,0.0,0.0,0.005136206090887612,0.0001913285589264354
ERR011192,0.006600544997172118,0.0,0.6080337469853886,3.646851288062319e-05,0.0,0.0,0.0,0.0,0.0,0.0012265775351497279,0.3760480712664372,0.0,5.2162342577307484e-05,0.0,0.004456047147508412,0.0,0.0,6.406308977140626e-05,0.0,5.7344782105885825e-05,0.0
ERR011193,0.001091102517968984,0.0,0.5704172761340628,7.418025056076583e-05,0.0,0.0,0.0,0.0,0.0,0.00027434697328048,0.4250499093804132,0.0,0.0,0.0,0.0011332792044445462,4.017776044836748e-05,0.0,4.024311511346414e-05,0.0,5.809069103145096e-05,0.0
ERR011195,0.0023836496167650143,0.0,0.5659641473499842,2.4377210641171688e-05,0.0,0.0,0.0,0.0,0.0,0.0,0.4181279906359691,1.5765984934620244e-05,0.00013808425742885448,1.3988363958646985e-05,0.002146791856894018,9.278101563488144e-05,5.965613683093696e-05,0.00029458608699961904,0.0,0.004928802391192808,0.0037940024721571774
ERR011196,0.005018494983553224,0.0,0.6356633823394636,1.3558809231329962e-05,0.0,0.0,0.0,0.0,0.0,0.0,0.3422957473447833,2.33885386823599e-05,0.0,0.0,0.015517603401676069,0.0,0.0,0.0,0.0,1.5541666116708473e-05,0.0
ERR011197,0.003441511564642682,0.0,0.6437897797340001,0.0,0.0,0.0,0.0,0.0,0.0,0.0,0.34937719237782533,2.421382446854719e-05,0.0,0.0,0.002436882257593505,1.160553013743897e-05,0.0,0.0,0.0,3.134063078977088e-05,0.0
ERR011198,0.003880223569382041,0.0,0.33921438074816745,0.0,0.0,0.0,0.0,0.0,0.0,0.0,0.6436124819719203,8.987875987608764e-05,0.0003732164980634976,0.0,0.002980469359945785,1.0636121204873864e-05,2.074699299018865e-05,1.976958594558978e-05,0.0,0.0008731365505050186,0.006017603163914587
ERR011199,0.0012540558421133496,0.0,0.3150965354692421,0.0,0.0,0.0,0.0,0.0,0.0,0.0,0.6755240247859775,6.383622853362828e-05,0.00013290855483880817,0.0,0.0020088767663633566,1.299016738209966e-05,1.5156924062979327e-05,5.1999405571851346e-05,0.0,0.0005839034134791737,0.003139403265183977
ERR011200,0.0008403596144080408,0.0,0.36688829833301373,1.7555765307966014e-05,0.0,0.0,0.0,0.0,0.0,0.0,0.6200819517044374,0.00013993445674715283,5.5308155763233156e-05,0.0,0.0046339290316923815,0.00012602573740017948,1.0651651967934347e-05,0.00015848437834473463,0.0,0.005206582812436213,0.00010812155617269955
ERR011201,0.0004862787188788949,0.0,0.38726606823786425,3.713266801781173e-05,0.0,0.0,0.0,0.0,0.0,0.0,0.6074178109112832,0.0,1.2074123381007684e-05,0.0,0.0024170609219055427,0.00014160622207173338,0.0,1.306888076774618e-05,0.0,0.0007786019549083582,4.15373578913643e-05
ERR011202,0.005373473127238177,0.0,0.37794641553676034,5.716665362076409e-05,0.0,0.0,0.0,0.0,0.0,0.0,0.5705788005044584,0.0,0.0004709803577421963,0.0,0.04051431948027649,1.5685896883335486e-05,4.311958680932836e-05,3.873577597838975e-05,0.0,0.0013507547811094488,0.0
ERR011203,0.0019190628235286745,0.0,0.3136401521317472,7.439145766909052e-05,0.0,0.0,0.0,0.0,0.0,0.0,0.6743800705015474,0.0,1.9878522255559374e-05,0.0,0.006431314775007721,2.607190253660269e-05,0.0,3.631235507619394e-05,0.0,0.0010271570011969073,0.0
ERR011204,0.025770329840724072,0.0,0.36713116303741744,2.107614113277623e-05,0.0,0.0,0.0,1.356857927713274e-05,0.0,0.0,0.5898803769478311,0.00022600108264362735,0.00012982671085829802,0.0,0.011785150130205523,0.0,1.3465057172084606e-05,0.00012290000001074513,0.0,0.0006207182705160683,0.0
ERR011206,0.009332652590076184,0.0,0.37042060740402966,7.010551919936305e-05,0.0,0.0,0.0,1.0991432759653024e-05,0.0,0.0,0.5096211037622056,4.68602506908867e-05,0.003439415965518363,0.0,0.0299074695877097,0.00019113650709562345,4.1554985693965674e-05,0.0011406302321556078,0.0,0.0004225434831955197,0.07135751828429254
ERR011207,0.0039571878864075065,0.0,0.4068743483829203,1.5105064164142954e-05,0.0,0.0,0.0,0.0,0.0,0.0,0.5289311012749269,0.0001511492118274648,0.0014255465395725435,1.9185889397107367e-05,0.01763672834518406,0.0002638690913656103,0.0,0.0016671397425118625,0.0,0.00040914022223934233,0.035833357487822584
ERR011208,0.004691400088257207,0.0,0.5214246949947433,3.590901425984302e-05,0.0,0.0,0.0,0.0,0.0,0.0,0.44739005804630205,0.0,9.664342482459421e-05,0.0,0.016395684078723036,6.958229886890398e-05,0.0,2.257935339906553e-05,0.0,0.007108998069848454,0.0
ERR011210,0.00300044869287854,0.0,0.3609361872850102,3.830881448142383e-05,0.0,0.0,0.0,0.0,0.0,0.0,0.6134392264359709,2.4221958648131168e-05,0.00014799479187168642,0.0,0.011261423701564272,5.261772876923561e-05,0.0,0.00014919728159254957,0.0,0.007747395188235706,6.967028297668389e-05
ERR011211,0.002550099792177685,0.0,0.39095185630582235,2.1237851668562127e-05,0.0,0.0,0.0,0.0,0.0,0.0,0.5783747691590198,1.1537048588408233e-05,3.2515858452878996e-05,0.0,0.01247143689934858,7.897530016444385e-05,0.0,0.0003902817462496707,0.0,0.012901840926427327,3.930557399143151e-05
ERR011212,0.0023595346792418194,0.0,0.6811964228709283,0.0,0.0,0.0,0.0,0.0,0.0,0.0,0.2919424729880468,0.0,0.0004741560957947412,0.0,0.02182891064829985,0.0,0.0,0.0,0.0,8.847230570318221e-05,0.0004082297175847549
ERR011214,0.0021788595958047168,0.0,0.4354113859493156,4.191976020007635e-05,0.0,0.0,0.0,0.0,0.0,0.0,0.5299436653083107,1.3079888950364842e-05,0.00026121994567465933,0.0,0.013805911316361451,3.227476563244799e-05,0.0,4.0559934350883165e-05,0.0,0.011089520840764092,0.004309586091349267
ERR011216,0.002592568554627783,0.0,0.3145578642390729,0.0,0.0,0.0,0.0,0.0,0.0,0.0,0.6485246057408459,5.585919908282063e-05,0.0003844061901916935,0.0,0.007337377822151169,3.7146999352262726e-05,0.0,6.548909442275028e-05,0.0,0.018357827282676868,0.0054893294966152275
ERR011217,0.010928994607600079,0.0,0.37503541601738044,0.0,0.0,0.0,0.0,0.0,0.0,0.0,0.579581360037439,1.544112509539698e-05,0.0009653842385321801,0.0,0.014523401817436174,1.5383906659832266e-05,0.0,1.2020035956035985e-05,0.0,0.004693903993029358,0.01160392355550328
ERR011218,0.006389083635183283,0.0,0.30555340456396846,7.292224428035222e-05,0.0,0.0,0.0,0.0,0.0,0.0,0.5758333685391307,0.0,0.00012173667475497107,0.0,0.003305309406366836,0.00018812093232739864,0.00018498910877396833,0.0001363937170032313,0.0,0.0003779845944122693,0.10381944053665533
ERR011219,0.0027721858473605723,0.0,0.3447914502228729,8.637839616501454e-05,0.0,0.0,0.0,0.0,0.0,0.0,0.5893144866113803,0.0,4.678447580690656e-05,0.0,0.0018849242594015136,0.0001819103116823605,7.825112056086796e-05,0.00035260604827095445,0.0,0.00041205369878472047,0.0571074055361951
ERR011220,0.0006872689016992389,0.0,0.7115448297187686,0.0,0.0,0.0,0.0,0.0,0.0,0.0,0.2736653158999146,0.0001300795555003547,0.0,0.0,0.011201044251594907,5.768808218560434e-05,1.878146278270221e-05,0.0,0.0,0.0004267685526273688,0.0
ERR011221,8.921476480775554e-05,0.0,0.704111304793959,3.240949180168064e-05,0.0,0.0,0.0,0.0,0.0,0.0,0.2820833969555118,0.0005343549548074563,0.0,0.0,0.010417162394852174,0.00011044649806079971,0.0,0.0,0.0,0.001229724773939845,0.0
ERR011222,0.013195621751301175,0.0,0.33993990085536135,4.95883128023942e-05,0.0,0.0,0.0,0.0,0.0,0.0,0.616195752071282,0.006486741669961277,4.074598844326676e-05,0.0,0.016636155233296562,0.00020805977541476443,0.0,7.272589075549159e-05,0.0,0.005070689784661585,0.0
ERR011223,0.017042666139080242,0.0,0.3711984932242042,4.8867957456228e-05,0.0,0.0,0.0,0.0,0.0,0.0,0.5832697022816589,0.0053346589045445755,3.2344006058973467e-05,0.0,0.01664518475953012,0.00023926893453874636,0.0,2.2265304491518846e-05,0.0,0.004127059996628727,0.0
ERR011224,0.005710235918264874,0.0,0.5004110680885419,2.275004411426113e-05,0.0,0.0,0.0,0.0,0.0,0.0,0.4805853926065903,3.433856039210762e-05,0.000103486374817099,0.0,0.0011136477565514293,0.0010104489141403074,1.024972936326755e-05,6.33087320497824e-05,0.0,0.00828623151821825,1.92763753916634e-05
ERR011226,0.0021362133562512577,0.0,0.6458660857865023,0.0,0.0,0.0,0.0,0.0,0.0,0.0,0.3378951486708097,4.974738016470237e-05,0.0,0.0,0.005523065090922253,0.0,0.0,3.535364821365201e-05,0.0,0.0030692833756086352,0.0029643067695530392
ERR011228,0.0020407434356993098,0.0,0.49152441220688775,1.0668987802366e-05,0.0,0.0,0.0,0.0,0.0,0.0,0.48797600261452123,5.708553370108773e-05,0.0001472419891641243,0.0,0.009112133537780058,6.308066810523208e-05,0.0,0.0018163593166544837,0.0,0.0025319471735186613,0.0002697543517249448
ERR011230,0.020017948707930444,0.0,0.49392900354387725,1.7671098117351948e-05,0.0,0.0,0.0,0.0,0.0,0.0,0.45062792391984635,0.0,0.001022410703360908,0.0,0.01255254648619058,0.00022330581331771843,0.00014863264761175,0.00029941285760031096,0.0,0.0041709634017905685,0.013472782452581617
ERR011231,0.0034161866244722607,0.0,0.4530321889048981,0.0,0.0,0.0,0.0,0.0,0.0,0.0,0.5213459264766999,4.3989387255278445e-05,0.00028209189455548583,0.0,0.0072945534060141455,0.0002996717188706488,4.0485879237786855e-05,0.0004458295469054026,0.0,0.009025814906040559,0.0023578507891755677
ERR011232,0.0040267069489896,0.0,0.5513155213485685,0.0,0.0,0.0,0.0,0.0,0.0,0.0,0.4216610330493193,0.0,3.1408403982884344e-05,0.0,0.014549712575047358,5.160620820017664e-05,0.0,0.0,0.0,0.005794445140286835,0.0006477553648726221
ERR011233,0.00021047166430770628,0.0,0.5128301276082784,0.0,0.0,0.0,1.5696560882125453e-05,0.0,0.0,0.0,0.4657353548164341,7.619308747359077e-05,0.0,0.0,0.0016299736744669223,9.994321732273532e-05,0.0,6.751226345897e-05,0.0,0.01779865755367652,0.00022020858605278576
ERR011234,0.0038547842979461473,0.0,0.6064565063586919,2.7883224904284802e-05,0.0,0.0,0.0,0.0,0.0,0.0,0.37759368131553434,5.945045831940433e-05,0.0,0.0,0.00456178723000661,5.3340482577902885e-05,0.0,0.0,0.0,0.003986455000090542,0.0014533825993865582
ERR011235,0.000380695502357844,0.0,0.6181081209381933,1.6910804643173745e-05,0.0,0.0,0.0,0.0,0.0,0.0,0.3695631268686875,9.647452348934983e-05,0.0,0.0,0.0011337715729830727,5.8066497761336593e-05,1.3706862841805187e-05,0.0,0.0,0.008860222404016231,0.0003185875571551808
ERR011236,0.02366742223529646,0.0,0.3759811948842231,2.0342362410464505e-05,0.0,0.0,0.0,0.0,0.0,0.0,0.5834944986810885,0.0,0.0,0.0,0.013622934530206203,2.884779199128334e-05,0.0,1.4844481802895212e-05,0.0,0.0005794232062656077,0.0
ERR011237,0.009957812816559962,0.0,0.3166755472977169,0.0,0.0,0.0,0.0,0.0,0.0,0.0,0.6606248188690181,1.0878227568864972e-05,0.0,0.0,0.008851534329398157,4.5109203660000815e-05,0.0,6.9663801086179e-05,0.0,0.0013062013201958385,0.0
ERR011238,0.001352241091720387,1.4757109318597665e-05,0.2465731855144663,3.846107628174641e-05,0.0,0.0,0.0,0.0,0.0,0.0,0.7352410038795456,0.0002812482716525397,0.0,0.0,0.0022320233942266735,0.0001059351848717374,0.0,0.0004957387814230823,0.0,0.011513608867176558,0.0
ERR011239,0.002605519626651908,0.0,0.29656157258367244,3.970072822251542e-05,0.0,0.0,0.0,0.0,0.0,0.0,0.6806080061887554,3.181843862285938e-05,0.0003103661722656601,0.0,0.01042856304665069,3.6035723759717065e-05,0.0,0.0005159435115810005,0.0,0.00506087364668441,0.0004722049652598571
ERR011241,0.010895549566878097,0.0,0.4030142307850379,2.658902837337618e-05,0.0,0.0,0.0,1.0040465419583677e-05,0.0,0.0,0.5537538187727161,0.0,0.00019785063324516498,0.0,0.015060684607781347,5.65513390660494e-05,1.6054080967565296e-05,0.0,0.0,0.00213057572211505,0.011708992411934393
ERR011242,0.0009284012251191096,0.0,0.39603574275297315,0.0,0.0,0.0,0.0,0.0,0.0,0.0,0.5866421727400164,7.318698634017124e-05,2.4574056299474288e-05,0.0,0.005597404794227992,0.00011885497852926652,0.0,0.00034431403565744084,0.0,0.0046654372313199,0.003454414603596332
ERR011245,0.005873135452408629,0.0,0.4532390256375497,7.453599971783181e-05,0.0,0.0,0.0,0.0,0.0,0.0,0.4804680471308738,0.0005000450632102104,1.7692933413991427e-05,0.0,0.05077617190752379,0.0,0.0,0.0,0.0,0.0067603358833601005,0.00013975662384583485
ERR011247,0.005159274436707799,0.0,0.49204329472055963,2.416977269412199e-05,0.0,0.0,0.0,0.0,0.0,0.0,0.46755691706795066,1.1596687384936615e-05,0.0,0.0,0.03288847109539945,0.00015918210191645174,0.0,0.0,0.0,5.885846226420355e-05,0.0001746555541039177
ERR011248,0.0005646628628940023,0.0,0.41834107162304024,0.0,0.0,0.0,0.0,0.0,0.0,0.0,0.5642483550048175,1.4446974940213175e-05,0.0,0.0,0.014876343693885224,0.0003895954242519498,0.0,3.620522482707027e-05,0.0,6.946695924882434e-05,0.0
ERR011249,0.004600519148569153,0.0,0.2873620172693909,0.0,0.0,0.0,0.0,0.0,0.0,0.0,0.6834073248834449,1.1526920273047924e-05,4.110911472992081e-05,0.0,0.017288079599544162,0.0,0.0,5.997014596180132e-05,0.0,0.0007322421055005609,0.002935476598002416
ERR011250,0.000972195975156261,0.0,0.18675616247708968,0.0,0.0,0.0,0.0,0.0,0.0,0.0,0.8045046850335285,0.00011382938561993914,0.0,0.0,0.0029500739536849857,4.1382256073845266e-05,0.0,0.00025382679684813686,0.0,0.0010710992093096805,0.0007265160792452551
ERR011251,0.0055336314056367705,0.0,0.440341923545324,4.1408161397934535e-05,0.0,0.0,0.0,0.0,0.0,0.0,0.5397005719917071,0.0002194510493720316,0.0,0.0,0.006794012647793651,4.663862423237925e-05,0.0,0.00017326709040398877,0.0,0.0036541215518218636,0.00030274284861573134
ERR011252,0.0005257703316784202,0.0,0.43568006020976185,1.4465921082207047e-05,0.0,0.0,0.0,0.0,0.0,0.0,0.5522464646522307,0.00034171037592465757,0.0,1.526057078259606e-05,0.003113151655441614,4.325434303387551e-05,0.0,0.00012110213455308987,0.0,0.005598983019071442,2.681180200977746e-05
ERR011253,0.0051020262879140355,0.0,0.4080612399248027,2.2410192851805425e-05,0.0,0.0,0.0,0.0,0.0,0.0,0.5703676343891358,0.00013547863957106353,0.00010505279027777884,0.0,0.010730485264920287,4.880326351936407e-05,0.0,0.00016907321566434286,0.0,0.002335442863445169,0.0
ERR011254,0.0005184774292028186,0.0,0.31940858820413,0.0,0.0,0.0,0.0,0.0,1.190970672956712e-05,0.0,0.6672902592157932,0.0005900914143370938,0.0,0.0,0.002423842819801135,0.00015955176817975198,0.0,0.0005791457446688862,0.0,0.006661335363478429,0.0
ERR011255,0.003951715143552168,0.0,0.7023580774040584,2.941365111862322e-05,0.0,0.0,0.0,0.0,0.0,0.0,0.28061447814981866,0.0,0.00011275225466319748,0.0,0.010136934722684187,0.0,0.0,0.0,0.0,0.00018206954474753748,0.0
ERR011256,0.0016215498049931107,0.0,0.5781820642492971,2.488996458332195e-05,0.0,0.0,0.0,0.0,0.0,0.0,0.4049876845907708,3.523160634382786e-05,1.063480927686474e-05,0.0,0.012485211692498268,2.258203316516212e-05,0.0,0.0,0.0,0.0005023014987024763,0.0
ERR011257,0.006533168509210249,0.0,0.5844732408023087,1.1754986259113969e-05,0.0,1.4288032191458256e-05,0.0,0.0,0.0,0.0,0.33458486226818335,2.4835116558239164e-05,2.905066959189155e-05,0.0,0.06433920640949212,0.00013379042407771997,0.003594276506368768,0.00024451965050346425,0.0,0.0004989662188557074,0.00010759782284249521
ERR011258,0.0024545102748953977,0.0,0.6428648777902574,1.9300421277935396e-05,0.0,4.960258838392982e-05,0.0,0.0,0.0,0.0,0.32588154378266504,0.00010187869832794221,0.0,2.5674820823440086e-05,0.022965260905476275,0.00019712145339403743,0.0008503948373486058,0.0006105786495889203,0.0,0.0009078072206141779,5.828912196645979e-05
ERR011261,0.005130668464795035,0.0,0.4954031120740325,1.0040165941750313e-05,0.0,0.0,0.0,1.268097593719897e-05,0.0,0.0,0.4757217884320165,7.420325816894904e-05,0.0011224244606775314,0.0,0.015032009282761435,4.7326755013914616e-05,6.460272732030833e-05,0.0008262456752619033,0.0,0.0024711315795569832,0.0003571322730597474
ERR011263,0.003502132151891721,0.0,0.22826040996536692,4.5219899270615176e-05,0.0,0.0,0.0,0.0,0.0,0.0,0.7552671673779475,0.0006715056455056853,9.784394016344152e-05,0.0,0.006030302311452936,0.0,0.0019091623956737803,5.109066834059716e-05,0.0,0.0004055375872492374,0.0005009701571532572
ERR011264,0.0003301779929184663,0.0,0.16519096631774227,0.0,0.0,0.0,0.0,0.0,0.0,0.0,0.8276771065732489,0.001467827979154292,1.5326974640080775e-05,0.0,0.0010180796181858656,0.0,0.0005925254798793153,0.00030719320483876713,0.0,0.0007986206346716637,6.809865384335858e-05
ERR011265,0.0056473859991081924,0.0,0.4541818002746298,4.238157341833254e-05,0.0,0.0,0.0,0.0,0.0,0.0,0.5294226846984892,1.2855645215878363e-05,0.00025458799367900016,0.0,0.006752529376617889,0.0,0.0,1.0102631291443485e-05,0.0,0.00015194118897146898,0.0009470181693213258
ERR011266,0.003129935150497835,0.0,0.45829340960662407,3.1996817977875866e-05,0.0,0.0,0.0,0.0,0.0,0.0,0.5315154078189434,0.0,3.4196268088137074e-05,0.0,0.00369686969498555,0.0,0.0,1.7026243210937188e-05,0.0,0.00020659759402026412,0.0008562887645797476
ERR011268,0.0028282721956269232,0.0,0.8162084604058808,1.4174005577491958e-05,0.0,0.0,0.0,0.0,0.0,0.0,0.17080838066911574,6.475576620261234e-05,0.0,0.0,0.002789163379111253,4.217501381441237e-05,0.0,0.0,0.0,0.006191786080927211,4.740914993307379e-05
ERR011269,0.003070548497161218,0.0,0.6812464682773118,0.0,0.0,0.0,0.0,0.0,0.0,0.0,0.2999767178097934,4.877208547440264e-05,0.00016980638130071024,0.0,0.012412473933019256,0.0,0.0,0.0,0.0,0.0013829256200460307,0.0
ERR011270,0.0005303206465447302,0.0,0.6812182595375746,2.3955083986780804e-05,0.0,0.0,0.0,0.0,0.0,0.0,0.30976128262787367,5.169229382600358e-05,3.1261442644513536e-05,0.0,0.005484667695038253,0.0,0.0,0.0,0.0,0.001490812280847628,0.0
ERR011271,0.01848285041719186,0.0,0.2435752775509502,5.755089138627469e-05,0.0,0.0,0.0,0.0,0.0,0.0,0.6984818419107809,0.00013870205072404862,0.0,0.0,0.02027568035472642,0.0003061519746846346,0.0,6.327404124734079e-05,0.0,0.015389423243862485,0.0003143827800567441
ERR011272,0.05823748230224478,0.0,0.2431301434020392,5.354194793013153e-05,0.0,0.0,0.0,0.0,0.0,0.0,0.6629243992031036,0.0,0.0,0.0,0.0298208274569329,0.0001866235851020982,0.0,0.0,0.0,0.002444987314776175,0.000976234228237411
