SampleName,Bacteroides_coprocola_DSM_17136_strainDSM_17136,Bacteroides_coprophilus_DSM_18228__JCM_13818_strainDSM_18228,Bacteroides_pectinophilus_ATCC_43243_strainATCC_43243,Bacteroides_plebeius_DSM_17135_strainDSM_17135,Bacteroides_thetaiotaomicron_VPI5482_strainVPI5482,Bacteroides_uniformis_ATCC_8492_strainATCC_8492,Blautia_obeum_ATCC_29174_strainATCC_29174,Blautia_obeum_strain2789STDY5608838,Clostridiales_bacterium_CCNA10_strainCCNA10,Clostridium_glycyrrhizinilyticum_JCM_13369_strainJCM_13369,Coprococcus_comes_ATCC_27758_strainATCC_27758,Dorea_formicigenerans_ATCC_27755_strainATCC_27755,Eubacterium_ramulus_ATCC_29099_strainATCC_29099,Eubacterium_rectale_ATCC_33656_strainATCC_33656,Faecalibacterium_prausnitzii_strainA2165,Fusicatenibacter_saccharivorans_strain2789STDY5608849,Intestinimonas_butyriciproducens_strainAF211,Lachnospiraceae_bacterium_GAM79_strainGAM79,Mediterranea_massiliensis_strainMarseilleP2645,Prevotella_copri_DSM_18205_strainDSM_18205,Pseudoflavonifractor_capillosus_ATCC_29799_strainATCC_29799,Roseburia_faecis_strain2789STDY5608863,Roseburia_intestinalis_L182_strainL182,Roseburia_inulinivorans_DSM_16841_strainDSM_16841,Ruminococcus_faecis_JCM_15917_strainJCM_15917,Ruminococcus_lactaris_ATCC_29176_strainATCC_29176,Tyzzerella_nexilis_DSM_1787_strainDSM_1787
SRR5898908,0.00030309460691060766,0.0005285110868240889,0.0011927847010902773,0.00016305698032322997,0.0033344985013791456,0.005552227499743706,0.001071734600228716,0.0014421486514476457,0.0010384845529368986,0.00025219183079183547,0.00634219803977628,0.0006273496465330445,0.0013568396539707756,0.09260411969085189,0.02391090018291483,0.0009403671894070109,0.002977044514847068,0.014689098098368934,0.01211560892473212,0.7831230672724482,0.0005645782126339357,0.020266471863596758,0.0018255114580828945,0.01935647393584768,0.0025395000497814182,0.0007879045185129283,0.001094233736017775
SRR5898909,0.02576704179655211,0.00230754045367886,0.0029289920812136465,0.02205447723101518,0.004205844767782893,0.34724042130199184,0.0013717113932811761,0.0010130327421482923,0.0016778201795057965,0.0013268945400685397,0.005894517772397356,0.0025254840988463484,0.002055436432704658,0.029579275017741574,0.17405676795327432,0.006296517337228497,0.001066842544941747,0.012102058831418511,0.004365268515956932,0.0012448091508908145,0.0013883301566971341,0.05543070216388934,0.008862980643296603,0.27879172290128795,0.002787397733517017,0.0013492713236027472,0.0023088409350701545
SRR5898910,0.005187019273671081,0.00044109438765782484,0.0005266025405428833,0.0005654448834348004,0.0049517327628402,0.012343378628213914,0.0003600224138471082,0.0015471462816051265,8.128906177285694e-05,9.393792434178153e-05,0.0016164115740492154,0.002589149130899856,0.00018038301963398007,0.03355447757819963,0.007363308977225686,0.00036026208741202394,0.00013063782314396734,0.0031091926412961683,0.02247737794231787,0.8735364039832014,4.6198328558542386e-05,0.003447372658859538,0.0010969264446394579,0.02318548436299161,0.0005115198287804559,0.00010577840020214484,0.0005914470606606957
SRR5898911,0.0001591367995037751,0.0005973278361276357,0.0010275013293554855,0.00018392763998394235,0.003270777043279002,0.002621746029653145,0.0017477017992884201,0.0008920619645739012,0.00014015286643308947,0.00010149743016151389,0.0006997017856948316,0.0002968751337348311,0.00034330379556915514,0.10013041884684133,0.011464705908814163,0.00044051253571373834,0.0001656374303162076,0.0004773095037740667,0.014270540641353635,0.8515073382628844,5.11192368840013e-05,0.00515041933873026,0.0015041664134768308,0.001183748137745509,0.00017993561532205532,0.0003786376497438864,0.001013799025041106
SRR5898912,0.0012789012126506911,0.0006993158774628062,0.0006603519847778549,0.0011311024902699804,0.005592664328513716,0.009725285922510747,0.00015611856676532213,0.000418857613313097,0.0014281708684926624,0.00016132352023996816,0.0004107723752019269,0.0002790913395806308,0.0004389526832178199,0.016895397887493738,0.004544212710057971,0.00042939715201996165,0.0009990912998708728,0.027100336320526934,0.028923930096809908,0.8879792977230971,0.00020446771238585954,0.0053422375842042,0.002113386142520957,0.0022141417435698643,0.00021067135891020164,0.00021661662301264688,0.00044590686252263663
SRR5898913,0.10361416014983943,0.004409371360811673,0.0001317783296745285,0.04176419123675595,0.0024047009490957153,0.0061362036399660504,0.00017793180978448888,0.0012566947987926404,5.90591405200639e-05,4.5153583216475845e-05,0.00045049880461646424,7.269421743875523e-05,7.821008669773204e-05,0.0031601617745585144,0.0016147165635387575,0.00015607034016907695,0.00011779856505596965,0.0019018979211824836,0.010482734986429583,0.8172697219537056,5.218023817804667e-05,0.0025491357684844316,0.0003617498508389887,0.0014753207882835307,0.00010333950734253565,4.122116382761374e-05,0.0001133024711948897
SRR5898914,0.053528337210180486,0.004807396060462152,0.0002409559408095121,0.1501259019091935,0.04283536757560254,0.06588040908799421,0.0012994439270374192,0.000758214147263561,0.0004310184597342277,9.358672883903724e-05,0.00022423036330975304,0.0001633475269538204,0.0002095609591342009,0.0006847644707240213,0.014506057378948374,0.00040893793779243236,0.0012021867771261796,0.0029597367549921926,0.007056651207530943,0.6357110144536471,0.00034041599640751997,0.00856664657215417,0.0018873615485146234,0.00526661490885721,0.00031048505024496384,7.002470938975536e-05,0.0004313323371561586
SRR5898915,0.0010169487213512731,0.0003649948381856323,0.16537536742126147,7.128990183582809e-05,0.0024883501591755493,0.008454533673923672,0.011968500680401954,0.010294858787571843,0.0018718644139701884,0.0003878067051620681,0.01817796927877853,0.0015215130135898829,0.0020087165039314996,0.10136523598517042,0.023132724433888485,0.002710344414932574,0.0031854544689304707,0.007268716501190073,0.03283264188450923,0.5516243628198849,0.0005550652187859465,0.02525865906881658,0.004735372111807622,0.017193739884245714,0.0018086461661681063,0.001354472088314986,0.0029718508542157388
SRR5898916,0.04226192030318694,0.03370746288023593,0.0004588418423227962,0.7550003701488945,0.007921789711059163,0.09304408994194088,0.0002262863761745034,0.000632928532633683,0.001337722212248862,0.000145278353423594,0.0002787089604686407,0.0005238637514698734,0.0007744991817845305,0.0007526501702993254,0.022222522498469028,0.001539488611078701,0.005537498930955465,0.0021641815656380315,0.0027757115658324613,0.0003127583836293742,0.0008523363080305766,0.01393365389239015,0.0005457836314332881,0.010985999275834012,0.0006997687978130869,0.0003910216438558175,0.0009728625288966246
SRR5898917,0.00495642660063166,0.007808262022950777,0.09362883623371668,0.0005007958835331376,0.008778453832381296,0.02890623871706324,0.0017842380295341792,0.0037054892682448523,0.01278023589115191,0.0005884643930669806,0.002763022149849373,0.0018309288492524855,0.0027415876573214206,0.039258074007218535,0.029344603240702618,0.0035522661493171586,0.011743666366939628,0.16365321948620493,0.05191771456465778,0.45268128660111184,0.0023423197807531243,0.044495508153626455,0.006633652151301395,0.014878923739187134,0.002185399256790958,0.0026637209369990886,0.0038766660364913086
SRR5898918,0.0006372224471595298,5.453397430918045e-05,0.0017301284146410624,0.00039879993129686935,0.0006988183013193518,0.014892733126594861,0.03857845139849765,0.23009427947849018,0.0018841308725327383,0.0014775426044972891,0.03498796232858606,0.02636654992048834,0.0030142782824061055,0.027238769003542756,0.15662823366107737,0.02170001160128861,0.0014335597580180646,0.007786028707212777,0.12913708539905824,0.24209213458731532,0.0013530592653764936,0.014369390224276387,0.0030939311797449826,0.015118474381165401,0.017315950271360153,0.004829929723669481,0.0030880111560747012
SRR5898919,0.003464299437674893,0.026117203059849367,0.0016813273442489167,0.002644771154483794,0.012759282949139961,0.0052113328678059494,0.0024975384104668603,0.003732650884965636,0.0025539408961244747,0.0005485482038462059,0.008418427267436432,0.0048109088801482885,0.002025646873162572,0.028061185603860436,0.09529969835749953,0.0023890470069551925,0.0018038618022848418,0.0053813783919802035,0.014256540111680984,0.6846496665793995,0.0008001353887834516,0.058912604063392236,0.01141711394086977,0.008981779802050898,0.006660967599073384,0.0022963612893272256,0.002623781833489117
SRR5898920,0.0050236369939865265,0.000355782045314956,0.0036279926440511844,9.447664367783848e-05,0.003921579261989068,0.012310904504709713,0.01053477202948191,0.0022216671026630136,0.0014252509093995018,0.00030068395382636603,0.010734796919287085,0.003165267842037952,0.003129332225506847,0.22734452207069872,0.01812273806102799,0.0012802295796766662,0.004002209460751024,0.028425283348773072,0.02076949733510317,0.5280134213080679,0.000761632954935879,0.056278797775653366,0.0070230668032107086,0.0386227622539837,0.009702367723611473,0.0009335686946781913,0.001873759553896157
SRR5898921,0.025948756929178248,0.003076021375925885,0.0017596577545564182,0.09676189734431058,0.010003419635383837,0.029570412922008314,0.01805843058113696,0.008614715570222668,0.003286138119118534,0.0010465735765006583,0.002015735372599082,0.0019298574850765825,0.0032700603520359095,0.013018058245112788,0.07259701897502038,0.006690220247980818,0.008369176501227878,0.013018210971023233,0.014641301929732483,0.6127292379237238,0.001750037190136233,0.025580291414339994,0.0031309448769842613,0.009230211174649299,0.008383609984554452,0.0031693041659246026,0.0023506993815362548
SRR5898922,0.011461584984448984,0.0007342858585632791,0.004984458358103823,0.007723631291706285,0.009502556673467543,0.23147377763634708,0.0015211821930708456,0.0027290987868688783,0.0008231182222586496,0.0014259089661630014,0.012502432003725044,0.003330529751246802,0.007662036674553794,0.04476118655606168,0.03983689521627915,0.0030798458151345635,0.0004295835760257466,0.01117950776520585,0.0042223425533491465,0.0003408983707593823,0.0005192409954065993,0.38789219218106236,0.12224039029196195,0.078493267201917,0.004832669710557749,0.0013710861103183023,0.004926292255436495
SRR5898923,0.001250062124450325,0.0027634529925934423,0.001644957958272582,0.0009531977595181705,0.009370777845244645,0.0589132328822868,0.0063561170068824864,0.0031339009063101084,0.0005287348711987703,0.00020786880518291662,0.006840242036870532,0.0009211863818702341,0.0010861073045124005,0.12081598091290764,0.009026823590684345,0.0010658872836622145,0.00045107402326103783,0.0551086899028366,0.03598984417636891,0.6643337006037352,0.0001521537031323628,0.00266874743772102,0.001632677337774823,0.00737353094217474,0.00552983379263742,0.0006034473847732149,0.001277770033136997
SRR5898924,0.0011315404591108465,0.0011618931087188382,0.00032789300276269334,0.014520946159755518,0.004354331933432178,0.006425988406790005,0.0005601540726907431,0.0009940437836180433,0.00030808360513827403,0.00012511726803874216,0.001327318129968394,0.00023223570818480096,0.00015291773691701068,0.010745023505801274,0.00842365693378606,0.00014833881230020933,0.00026968751007008573,0.0005279772145800266,0.01500791559434376,0.9213407427342645,8.431591903669387e-05,0.007220773537848632,0.0013107964217717071,0.0009752391149513733,0.001898533172744672,0.00015018330893432245,0.0002743528444407182
SRR5898925,0.0002067856138313097,0.0012494998073673462,8.159886914237846e-05,0.00046997206447673285,0.005503619015820646,0.003361741752153039,0.0004548920604791003,0.00010478702538471017,7.030307300719329e-05,0.00010258202450646701,0.000509460912968947,9.648516339775614e-05,9.875447503788468e-05,0.004126528248007542,0.0020839795061542497,0.00025217015047614225,6.472956795777223e-05,0.0003632163166576152,0.026213445748330913,0.9455622240737418,2.9139714659710757e-05,0.003421772670730815,0.0002131148436050092,0.004566260597872325,0.0006218067211432791,5.7399959935433135e-05,0.00011373002315395476
SRR5898926,0.0002473066375902343,0.0018122416444605058,0.0006647442971276572,0.00012033644623865405,0.007093316968620914,0.01773565783817454,0.0012436499776374923,0.0008556565217756789,0.00044710016986003036,0.00010906919005318715,0.002977329835731143,0.0012756212720781994,0.0006305726053365476,0.07409920622033471,0.0033811588288010716,0.0007633727790433498,0.0004335183229676378,0.007654900182373313,0.03295519039090034,0.8211764892063201,0.0001405548483710518,0.00816404010637316,0.005479719088444633,0.008587129359294959,0.0009860505216588785,0.0003853457839849496,0.0005807209564468919
SRR5898927,0.001071719976091921,0.0003721681564034939,0.028135980589840442,0.0012256850508377526,0.001308736499687857,0.011245854578546812,0.004852594175928572,0.0020690322846213804,0.0020411552643306943,0.0007747326627523511,0.022456533826508585,0.003585066663633504,0.0031539742814073847,0.014154937732455705,0.041100371538786054,0.0076103990280430005,0.0011195285654772974,0.027490778823468294,0.0002809347042081838,0.0024782994329851185,0.0014807611985979557,0.10406087226182016,0.037396007833740044,0.6663168835884691,0.00539842408517387,0.004084778516535557,0.004733788679648827
SRR5898928,0.3751332803066869,0.05334475998242683,0.001916161418191816,0.11302946670179066,0.01789013001614489,0.22521068081298973,0.002456196765820043,0.0036506296556543098,0.0024915216855406898,0.00037985022985650486,0.002191872823717346,0.0022562061918782357,0.001477421468496787,0.006831302649689584,0.07285336856657813,0.0049367443897340105,0.0017938068900879536,0.004939114988143617,0.006778137016733815,0.0008732368529245335,0.0020273273447522083,0.0020540276633574865,0.002987269215442352,0.08010238311524605,0.0022210001781424534,0.0008322206434297784,0.009341882426542991
SRR5898929,0.002191385620516632,0.0017106989622688064,0.0012332420630942174,0.002071587998233003,0.004392756636580106,0.031156036573217,0.0021052473073823476,0.007119032515787336,0.0006132747691130311,0.00023885317332286013,0.0005194431208304379,0.0004864986822043457,0.0005552790106751671,0.005777707739397314,0.024778424982142694,0.0021101549462173024,0.001411641677263015,0.11142633855603916,0.01952163179667686,0.7223688053537709,0.00040865975531538984,0.028647475985667022,0.003586998396847454,0.015811983792337784,0.0008050878229758217,0.007701675160229526,0.0012500776018944482
SRR5898930,0.0022650048674071966,0.001325769824163731,0.0015901993308944126,0.058185141929435656,0.0005699937364065571,0.001425176166549125,0.002518160695532252,0.0012163645795398566,0.00035891408301397005,0.0002892116812054096,0.0005911751202388792,0.001892791105018179,0.0006995005542209948,0.047657871587389634,0.018332573108284178,0.0028179974994708462,9.905203090093243e-05,0.0026351623129044093,0.011637913800872514,0.7366038528311519,8.098194912325242e-05,0.033256074906969545,0.019466250627779746,0.05244993629132485,0.0006939723129714813,0.00022039978827990945,0.0011205572789505529
SRR5898931,0.08407385511341761,0.004296131313451197,0.002238988415298949,0.007090513082107194,0.007589308457915284,0.09942720113758609,0.004313984123333458,0.0019102387944993737,0.005240441463007302,0.0003086113252401601,0.0007002461200793535,0.0008781507175246124,0.0012284787187193023,0.003176714880064402,0.023928601954998532,0.002904116547369765,0.007202244298418664,0.12600720979464017,0.013260188799671495,0.5655969294439711,0.0013508957437095757,0.01734978691638523,0.005797696644354902,0.008602792217481262,0.0015305891414970785,0.00040561697841207366,0.0035904678568457094
SRR5898932,0.00013623461499165696,0.0010037859277603044,0.0010740825985013204,0.00022900400067284713,0.003151022925551713,0.003221547429574213,0.0008286060515015934,0.0005647857640608536,0.0005999142977200203,0.0002039830840700713,0.0014331771245825488,0.0007595878647633156,0.0011085419842990108,0.11150726296545017,0.01425002315683705,0.0009640885986582648,0.0002693392128107066,0.0029829297288740046,0.0178788704869878,0.8151125899465832,0.0001736969076298891,0.005826360393576287,0.00370488345482005,0.005190648679517707,0.0006892016574416128,0.005723663605642966,0.0014121675371208137
SRR5898933,0.00338899324397896,0.0019568232599783872,0.0014418963363793064,0.05152500234031671,0.01422048647254824,0.0038573212432875597,0.0009803935703236609,0.0011474670990374901,0.0008294642207012177,0.0002630206351376742,0.000745250296151878,0.0013885899664132682,0.0006704138717771291,0.013340385697437198,0.04172671803068763,0.0011473715750703137,0.0003018726219745768,0.04093968063377928,0.010966671465598174,0.7126229376036334,0.0005596255023855973,0.01538688087948812,0.019680063501829236,0.05846182016566618,0.0005565100747629616,0.00037479161434996,0.0015195480773057472
SRR5898934,0.0006082737238818091,0.0009311780771876936,0.0020553917910466676,0.0004878189476246197,0.0050912988771852465,0.007049057103476592,0.0008515846370530572,0.0014265570437990301,0.0009785199980119198,0.0001321671270184863,0.001144345239252731,0.0011884090799133538,0.0014058867422137226,0.03963158517718386,0.014488774161435998,0.0014765079549178986,0.0013126988883372735,0.0878614051351582,0.03035284540830043,0.7567552749813654,0.0002968514959862209,0.007265227685676842,0.0033278309024166054,0.027948335701615746,0.002154582438928671,0.0022380534054674776,0.0015395382755444768
SRR5898935,0.0033443670946591056,0.0007811207548536399,0.000542059517549915,0.08462902957720218,0.0034486662841479343,0.004792754760457714,0.00048706285418808595,0.0006256346773904712,0.0025072049271868298,0.00014432829545862652,0.0005615224979706886,0.0009707729683006842,0.0004159678836433416,0.00354729196580184,0.008971784583415784,0.0009882119489633288,0.0016369255967895536,0.004604006563274905,0.010641421306592173,0.8423207092977332,0.000476079620041295,0.003022119858373972,0.0008747782311392246,0.005724780410302591,0.0039602522544944785,0.008782537062936982,0.0011986092071315914
SRR5898936,0.006319494707418281,0.0019007616496762427,0.004175975079825371,0.0024567353175125534,0.011220299360292061,0.027772191524608913,0.0029798958585813165,0.0065879161891707425,0.002841256728072159,0.0004375737006417498,0.001766650433227111,0.0015494487551696186,0.002493869334757461,0.01070085852903435,0.021743382053724832,0.008853608300871783,0.0030588288513705886,0.0578160021900866,0.008173414843977756,0.7768995249245159,0.0010988926485026452,0.01746996584359591,0.004842097325810682,0.009857076386172276,0.002679296610693198,0.0005632869333709653,0.003741695919318888
SRR5898937,0.009157032587072527,0.0025810580166090854,0.008072056576837959,0.03641489526498544,0.007072651555103175,0.03371000128501275,0.0025681877540638253,0.01004481988689142,0.003909367582562568,0.000373494422447519,0.00307640844300283,0.0025640641246738576,0.002107948827679366,0.03351199091323592,0.05142873010160044,0.004250322159018844,0.0025375303827841937,0.12135125524352715,0.016323504042094813,0.5588575366850519,0.0011523474192215231,0.03950289740181258,0.007642411151143167,0.020786184569813983,0.002276703242005318,0.013103340685257306,0.005623259676490354
SRR5898938,0.0026343579116850776,0.0007818947172787508,0.0008303293630643356,0.0007982148883806261,0.005924097811304164,0.015802155076789694,0.0021867220344456016,0.0022965092536946616,0.0022616523348766614,0.0002049229200953427,0.0022107172613620926,0.0012093487801515589,0.000978414808519656,0.0012017654008497042,0.05928800244422736,0.0034406751203204682,0.007134225330677937,0.0036792111639272237,0.011400961651585674,0.8300202749637633,0.0004884206459348295,0.007079180945136022,0.0016583691053124931,0.03238590847497981,0.002474137826541214,0.0005746217592599599,0.0010549080058356874
SRR5898939,0.03144459679412393,0.002101131104727324,0.002291476413279425,0.06872429108852063,0.015276047512555728,0.04524951860454636,0.0017004176139746245,0.0021085103245628172,0.0029922646533473408,0.00034395062274559406,0.0032380705171293034,0.0019041297256660319,0.002816183093354644,0.03181920219738019,0.046059507271796814,0.0035509609048383893,0.0015229799242192088,0.05712773099758861,0.0067018050756012595,0.5494839656745605,0.0009954032744663528,0.01774229420122389,0.005822930778289262,0.08175895803207062,0.004693025741287016,0.009908282600398588,0.0026223652577453426
SRR5898940,0.03150347286251029,0.0003098060191686586,0.004576319071236695,0.013928197858756318,0.0004238644198674418,0.1338393757823368,0.0025629622453132135,0.0071897027633014325,0.0008181648549666934,0.0006839500306424903,0.0010733006014761784,0.0006842020227096068,0.0030369696425367565,0.005610192653605634,0.08878923863848105,0.0052548057140954655,0.00027322488525540655,0.2657872447668109,0.002966803726243683,0.00011709543254263129,0.0004355614680096322,0.03512754689599822,0.09876689859777793,0.2847628137332808,0.0038920796999503565,0.0010933372277897653,0.006492868385336147
SRR5898941,0.01709527259230135,0.06821338948939035,0.01074738057932305,0.0035961387384449706,0.005977921049042422,0.029866076386004855,0.005864660964956566,0.011506585170967552,0.007784321230308096,0.001016621638179448,0.005723708695201147,0.0043871112071909935,0.007350010396924821,0.03149275486450019,0.14304910419913955,0.014417881071813247,0.014627095654473319,0.377391563375003,0.001859271394364988,0.021856111036372288,0.006351808257151395,0.0927157731327442,0.035659655386697874,0.0616740090637068,0.005090427200351248,0.007116821846922504,0.00756852537852383
SRR5898942,0.0008419832213226398,0.0021169108936457863,0.0017324193202433085,0.00020087556594264026,0.003140277725606274,0.00513629804864563,0.00841498838430013,0.0006274284711650545,0.0013447712060378064,0.0005662398719665005,0.0033245945089874257,0.0021904421893217565,0.0008482432452829598,0.07843634166299734,0.013820614042821332,0.0016431966029057403,0.0010183539986865766,0.021806232461351337,0.02416787143731065,0.7282502106685526,0.00045454667115187264,0.05225872323166955,0.024376464517752987,0.012441234490978323,0.002234631551046109,0.0072836362721429414,0.0013224697381647825
SRR5898943,0.001958359904221059,0.0016274555215862463,0.004852788674341386,0.0007595514784404111,0.0023497848216247215,0.006899281217691475,0.036655323139689375,0.0014694209260062868,0.0029447797834572615,0.0005519934096153917,0.006125572743236316,0.0016021170477802313,0.002231280320337329,0.2567473059136001,0.015655310289361915,0.004260990158329694,0.002825415064016172,0.023689954483047587,0.013291922819981069,0.26450498779545467,0.0012815288054843885,0.2125217640200096,0.06904952092642459,0.025795080864559478,0.0049261876530375445,0.03173490669207068,0.003687415526594939
SRR5898944,0.015607742815639068,0.002394620377816117,0.001754065497484783,0.0015820698353177119,0.017507920071873784,0.07018746196247334,0.008902306408428932,0.0025858886638183342,0.017985570784003837,0.0004089341542613523,0.0014511788888307614,0.00189226637752385,0.0030256093600403346,0.015059417802503873,0.05378150431174879,0.005341809083443552,0.011773018684638944,0.019718869313279975,0.02278240514794588,0.44945140949382933,0.0033929449220278978,0.18504170929163394,0.01005744024911561,0.07000684143785378,0.002862824127004345,0.0014823274072337264,0.003961843530227881
SRR5898945,0.002859485423738775,0.0016437593540009389,0.0016811652026880572,0.003528406797082445,0.005151074461211928,0.04639626488142066,0.002130322189644201,0.007698156581131771,0.0009882068477372078,0.00030054880315120264,0.0006600087905883535,0.0006220439519446822,0.0007407392780124168,0.006994022767959691,0.03991645341162327,0.00260470582460437,0.0025604858290234622,0.1452436975955272,0.017916699264300236,0.6443111214957327,0.0006606377732272287,0.027429024969409306,0.004991295751776699,0.023167240527826677,0.0010752388929849137,0.006757618037219383,0.001971575296432263
SRR5898946,0.0007918127145881152,0.002074118117021086,0.00037096251830946345,0.0009294566174275626,0.005139871478795515,0.013489252790552764,0.0002732733690345015,0.000476007599873108,0.00036422642267273713,7.439628260794541e-05,0.000846161259742863,0.00025009561127447004,0.00029134557112144466,0.06327349906521751,0.0026626697917832374,0.0005842570658231683,0.00048269726700344635,0.0014454297897734023,0.04410141038378685,0.8422573109893862,0.00014771005760990104,0.0148617881445885,0.001765379297988984,0.0021398994422729438,0.00047294305584306946,0.0001038773360051989,0.00033014795989586877
SRR5898947,0.07006242448015831,0.002705992452488372,0.009978770444713776,0.04068706492016203,0.002965532103681157,0.0446448831558429,0.0003605015045924689,0.0005371773256222616,0.0003795552417433951,0.00013984666399838818,0.00048238942291442045,0.00037324786170853314,0.0003733854668128944,0.016509728718661184,0.0023415221322934153,0.0005738344854819481,0.0005978835330700208,0.004616956332143939,0.017815063904019886,0.7562432388872293,0.0001668020976101365,0.018342650684279527,0.002479625663642795,0.0024007253054968377,0.0029443314431796134,0.0003349744925989774,0.0009418912758535456
SRR5898948,0.09947252416826508,0.005749943619948093,0.00047700119791856506,0.022822429482394126,0.006591021372318588,0.7293606279731099,0.0006252693101123117,0.0016723761939554161,0.002910385585171348,0.00013775462106821305,0.0018367924113693052,0.001268611928733871,0.0006888219300661599,0.012096344428814153,0.08357744348633657,0.0027708411256962386,0.0032662193052709607,0.004206283975373444,0.008496398990310794,5.474521249579299e-05,0.0014163994493634007,0.003030238714835861,0.001195149733345698,0.00452428678387895,0.0005081180184395737,0.000311316792516568,0.0009326541888909669
SRR5898949,0.157452767682528,0.00047714465686695973,0.0034303631755700547,0.0006588617179305922,0.01641709431552815,0.1202140313145167,0.017776963956043876,0.0064397678394321175,0.0013456313914738535,0.0006402858387678312,0.0016060882470916033,0.009670592611535262,0.002433789295182222,0.25730351077875097,0.10646128169953395,0.003089241864503801,0.0014296612316069223,0.009577138784412893,0.0008840011468050434,7.767327718904143e-05,0.0005084386894446026,0.07717423938439244,0.11476088903318911,0.0801436713363194,0.005120754071102071,0.0013277179361519489,0.0035783987241304
SRR5898950,0.0015315291201589264,0.0006150816489678748,0.0009963667693878562,0.0015691172757095462,0.005231776330215628,0.01812033853653333,0.002832345856579757,0.003975645551904141,0.0012500430119704667,0.0002251269305790797,0.001479988672125856,0.0029522694793412407,0.0008079954687224951,0.03800926053814063,0.04262207889313389,0.005708909637733589,0.0009545722692937135,0.011365452518923099,0.014807560444195003,0.7834777979433521,0.000395512647943188,0.047803165067602967,0.006149111728661376,0.004845694364401559,0.0006780048581586529,0.0004696073853290463,0.0011256470509349
SRR5898951,0.0008469677627684312,0.0018341116669169295,0.0024957169455062512,0.00044962055932130273,0.010742439968862304,0.05365265882581856,0.002937342471764397,0.004131687343314977,0.01269209048812437,0.0005947203190297722,0.0024950556632299024,0.003159869925107387,0.005706718384528255,0.12227757530101624,0.06395057483092462,0.004902534783871009,0.028137548446119105,0.04771508396725073,0.22692548022510997,0.2958201878013899,0.004248970745508497,0.06048179140234899,0.006436478964675309,0.029383259941718688,0.002092205488288604,0.0029329894881955703,0.0029563182892901564
SRR5898952,0.015540135920663365,0.0015336525705945576,0.0015367606840320349,0.06267261484324574,0.0020094244451672426,0.38232070335951723,0.005535374514979992,0.029843602195645733,0.0006196907089585444,0.0008411061284792897,0.0021970048879212992,0.0012452239028147257,0.002407494280343844,0.13221873958090966,0.17345020777536962,0.0024469386333964126,0.00022170907832071932,0.005289684811754579,0.0010567449703089852,0.00297607225688214,0.0011995081421954455,0.08171810739353229,0.043995586354877665,0.01929283217211586,0.0012986111331715407,0.0008167042505732568,0.02571576500422797
SRR5898953,0.0010603798768408087,0.001573863478638711,0.0012458712828847234,0.0008118997195682874,0.010321530884630323,0.01940858527000199,0.004353996145164569,0.00445777434100928,0.005324519321968416,0.0003477358741838918,0.003252215280497893,0.006639260032837389,0.00244151416504316,0.0030598103454967164,0.25131187613870687,0.004143040069948874,0.005284644640183975,0.026871918140946895,0.06694243518203812,0.523644701565817,0.0019753149111819053,0.028909658498190858,0.004595439594853887,0.013641835440259915,0.004699803048250976,0.000897604915931037,0.002782771834923544
SRR5898954,0.0020992115060827934,0.0012436863378661766,0.001292562449205644,0.027749387089457754,0.005229580422036017,0.05582244607212242,0.0021433802147835528,0.0014978716031229687,0.0007608269157643712,0.00013150054066170738,0.005824269506595542,0.0004372868217190127,0.00044306863344147394,0.04173502888154078,0.013943293092590195,0.0010657402720203768,0.000631267977403576,0.002187304754507838,0.04654311414359336,0.7706330188395258,0.00040428381243999816,0.003498226426105824,0.004249985277190641,0.007457393292039258,0.0016664763593149104,0.0004082392319407877,0.0009015495269270427
SRR5898955,0.0021426801381594944,0.0015674533438802048,0.002322666344620342,0.0039585433611624265,0.003179872912431993,0.022437194921724354,0.003879754261403731,0.004381710925391767,0.0027527989054575088,0.0003898108841241989,0.005499399536091261,0.005766697471058008,0.0021743484551749763,0.4108007553433166,0.043674603663025474,0.007082429572465821,0.00513208115245539,0.044453980809196846,0.004964733787897532,0.33346477107353806,0.0011887986896194733,0.05485345607587888,0.0049287682194766765,0.01855181697993119,0.007108384258329907,0.001330657384645019,0.002011831529542798
SRR5898956,0.000920492474558045,0.01019992402609878,0.0002579787574125415,0.0003445925882706555,0.0032247553487104656,0.0066429510496504056,0.0002827480634073146,0.004744348476550375,0.00011704974729974908,4.63395916340623e-05,0.001988054961888259,0.00022326496841527948,0.0002996576820254514,0.018889322630049468,0.0028690427049140464,0.0009090205204133577,0.00011754473616262883,0.0002840415277437809,0.019067065266050773,0.9190287167592033,2.678019681001964e-05,0.005100731236756659,0.0004294560037640843,0.0033867348667211993,0.00029177725631519136,9.160500871199502e-05,0.00021600355046202718
SRR5898957,0.029435242499644482,0.07564261300423646,0.014263717436174604,0.009654760056633453,0.00473068573795915,0.13324725325150136,0.010185182515171712,0.01430986109305237,0.008536891074155914,0.0014691991258198901,0.013114813808031511,0.005050433098035765,0.010426445381460345,0.22317044372726377,0.09276364836841418,0.017005425146219173,0.011485008920341174,0.015200048710827639,0.0029576335422091577,0.11374389341838438,0.0032173255014310734,0.017745323707958102,0.04069053244027904,0.0786072419196611,0.04564135299253174,0.0019253658627936424,0.005779657659808962
SRR5898958,0.017335035691171032,0.005901495157049369,0.0025790430222918633,0.2103157762017373,0.008298905431914581,0.3057837859634442,0.008064032209198475,0.041403898371483144,0.001146802305946295,0.00024441454597571357,0.005187574327345709,0.0053074950805274855,0.0017627042171523726,0.11577963432176099,0.06666894457430074,0.007626874200625889,0.0006166707488796517,0.12652458392417576,0.006166780316458843,5.2214890186196896e-05,0.002576347410857625,0.010149665652695148,0.005375225076333133,0.03560593610231836,0.004453767232651712,0.0011868627174582973,0.00388553030606021
SRR5898959,0.007465442514723405,0.04607542191853897,0.0025953472636871793,0.00304219023385551,0.006320873033057424,0.07237858561928052,0.0043925997191492875,0.0017999703210657262,0.0027532419551665028,0.0002679948732601779,0.0014672430022472885,0.001366866553804109,0.0010183035900062276,0.03696494365025707,0.008852199670724094,0.002473012502441398,0.002900788210102973,0.024407129074485043,0.020832865073784443,0.7112022007837638,0.0014293750730667819,0.012223242665840343,0.00905578719315657,0.014148802082625977,0.0015281498252531,0.000508584399608816,0.0025288391970471873
SRR5898960,0.006503805077054977,0.005058550908612833,0.0009659887965880056,0.06227454822913336,0.014262016736734434,0.014598062850889451,0.000431010016620532,0.0004205081699498834,0.005055905545182345,0.00017282147926222805,0.00027720710288399176,0.0001578094588442971,0.0010344224301479783,0.0015429065170639465,0.0010176019319877577,0.00485561597204511,0.016249583610948824,0.0006634119698266638,0.014302422637304801,0.5566223335544637,0.01364273833774849,0.005491617869255113,0.01079311792939449,0.2622189279163898,0.000455248788246651,0.00024806467229116777,0.0006837514911290826
SRR5898961,0.0035897402573525244,0.0011996487117445162,0.0024919776724912513,0.02307480445515789,0.0038162494437110773,0.0072348057814994845,0.0005731663877552493,0.0007480111814126773,0.0010606327672545287,0.0001535952403902552,0.0017171749014113437,0.00039506891586167816,0.0005367523262192449,0.1779784397194615,0.02863697949074366,0.000930567525337574,0.0003510681323372539,0.004345906362083925,0.01120867792288974,0.6729960097126237,0.00019071941341306404,0.020715327357093197,0.005615519187475452,0.026122032330192335,0.0010010404253989484,0.000456156478388061,0.002859927900299835
SRR5898962,0.00013240524880771978,0.0006359610376710352,0.0039559040966990824,0.0001236068615390833,0.0009376160601198786,0.012752005048757446,0.0013616216389935173,0.0009461582667181349,0.004984437683980145,0.00031555413460511645,0.003958846325143646,0.0009717056922075538,0.0024715208585225344,0.042648313362187884,0.02021690664039135,0.00230457261112299,0.005155537624844529,0.45213062675623567,0.00965985953171368,0.36247885135557667,0.0011115236763942827,0.015749593125123043,0.010890425711357642,0.03960738991540974,0.0014024988863416956,0.0012864868211549824,0.001810071028380859
SRR5898963,0.0445659813607499,0.02474117829028992,0.0024565444571156047,0.4701534258502549,0.005853894240222713,0.035381593103925905,0.0017495999598583314,0.004184098926997642,0.001471567340323983,0.0007248517077849124,0.019434476115961358,0.002097202864882644,0.0023991523046904203,0.23086715408430097,0.057264083025551145,0.003890824657533899,0.0005533491908022172,0.01484739604183216,0.0068546256154698795,0.002653516714989804,0.0003447286712026789,0.05580339312021361,0.002952170225949397,0.003159920765373275,0.0023641805924543694,0.0009914570918361449,0.0022396336794323264
SRR5898964,0.00019170613718148997,0.00147640749124551,0.02301397953387677,5.058871127220875e-05,0.0025912402924717507,0.007941137489153689,0.00017817998546069264,0.00020952545439827032,0.00013258148995161985,5.141860832262963e-05,0.00271777683840846,0.00021809063527715339,0.00021373519751318682,0.0043589913735253855,0.012165063652195903,0.00024601829842015716,0.0001573314368229305,0.0018777639317913986,0.024322506177969955,0.9066105517458313,2.6587092294866995e-05,0.00802977818876616,0.00039787148863367573,0.002254271718235161,0.00018355985100619246,0.00015915568287905773,0.0002241814970942906
SRR5898965,0.007425892322835238,0.00025511760132457343,0.003452799919496913,0.0030678724311979837,0.004423391101298577,0.08102392703640289,0.010417914205320997,0.04459755238869906,0.004108982924788836,0.0008117703400026035,0.010682231940553111,0.008831675139357197,0.0034613023290881663,0.13077717108978928,0.054324389241753285,0.003683725629273046,0.003898299130400192,0.019827543215499444,0.16445827180620126,0.31252117292011966,0.0008239612693379337,0.058432341343833114,0.03701253474906992,0.012821399634998643,0.00803066578787609,0.0055956062136503105,0.005232488287831598
SRR5898966,0.0009020415883740051,0.0007729652534647009,0.00020415282453869078,3.2604296177396697e-05,0.004483688601975996,0.004833179419222203,7.265699551621111e-05,0.00017765822395390815,0.000193400283939124,3.1333316337879624e-05,0.00044224983004001873,0.00010558222705188476,0.000148887557819265,0.008961061535002686,0.006326133578476517,0.0001184054997798043,0.00016345133660736563,0.0031434367246345337,0.020111216045675732,0.9175749294192705,6.440894622232572e-05,0.02791975770666881,0.00029190405940802294,0.002630029009961526,0.00019591936391554353,2.986774768064731e-05,6.90786082847929e-05
SRR5898967,0.009192170364986143,0.0029553140722110866,0.004051771693386366,0.18907891403797508,0.019125377807616528,0.028499245836413216,0.001339647277871532,0.002709663730405355,0.013756545615070241,0.0002558237716748438,0.008139653109866342,0.005835773943880797,0.0013954540650551687,0.010843029151385008,0.13876513454496708,0.0057630709620370485,0.026551594303697343,0.13237632095663368,0.011216432324156849,0.2806006218436088,0.006552195020793418,0.05201923342661097,0.00707016196232047,0.03221395899779422,0.0010490223798508304,0.0009381912334355145,0.0077056775662959496
SRR5898968,0.0009648085142061349,0.01993259389758134,0.00015332119306047423,0.00946895338744378,0.0023696137687005286,0.007986854029484134,9.231133182912442e-05,0.00011936687025841416,0.00011398163159089389,5.324999793667026e-05,0.0006413769130587683,0.00016154657304269504,0.00015656150768705754,0.000851821382238441,0.0014684699703736367,9.346638754715438e-05,0.0001618582768876007,0.0035861887351490325,0.010829982341566947,0.9351379960738978,2.812751985428964e-05,0.0019867242232613903,0.00023781096398844796,0.0010955847478974084,0.0017181364320485728,0.00030262009929705216,0.0002866732301121801
SRR5898969,8.944277057322764e-05,0.0002980333601524417,0.00029738509339974844,7.34487793840193e-05,0.0027030345851782054,0.002147225676162649,8.15274776848556e-05,9.655730075877981e-05,8.002482319913038e-05,3.176018663513125e-05,0.0011126776931281628,0.00010917567940064024,0.00015115555996063763,0.01119565391264285,0.003056648111633139,0.00010831975145054542,5.244682216441941e-05,0.0016536996308633253,0.01454983760727142,0.9553311678216151,2.3889905320040943e-05,0.0035358372775273024,0.000569373123528532,0.0014805423228315849,0.00033033389041719623,0.0007120082278240281,0.00012879260929295745
SRR5898970,0.02835574132964263,0.06825179453763126,0.003956992620134948,0.09590269809934003,0.01854104864744818,0.04062190876774503,0.0016444335904171313,0.00478960100159921,0.005832059350901544,0.0010026693128166373,0.00810772942121067,0.0020530367642551824,0.0026781065534046407,0.04038301015985803,0.022560437628044994,0.0054069841582073475,0.011130072298736643,0.13139940306000644,0.023114457708213233,0.3142537609846196,0.0017713385419588644,0.013833911181360715,0.017335096538252368,0.09304783021663748,0.0026512269596677416,0.03766097221637331,0.0037136783515161033
SRR5898971,0.002700013045982141,0.043215724966730484,0.0450728446257437,0.003535162375277383,0.0006066078534140108,0.0011863975839576629,0.01837121259933175,0.010677276209802319,0.0018903534683105125,0.010005535898372114,0.02545524843929943,0.011651699536275371,0.043635665708939224,0.11330781913459119,0.008440142021609939,0.015002249705273585,0.0007020107927609949,0.016204213089445012,0.0017150906985518004,0.11839784268049115,0.0024571465415242975,0.094228454237662,0.03417816415798522,0.04285297293447034,0.14715405098293116,0.01838445465283686,0.16897164605843043
SRR5898972,0.004769996696995971,0.0018948755217917772,0.00019912062686681175,0.019294711847813804,0.004516176559944598,0.008095397011117616,0.00020154443144185892,0.0003014974938267587,0.00011080375916757154,0.0001227350254790505,0.0037820928816991494,0.0002289728401104436,0.00021313375799748117,0.008459247019635928,0.016269294586378012,0.00028406245800022164,5.2071807942980825e-05,0.014891621199167149,0.01275255250142219,0.8877864154040465,7.150610133225249e-05,0.0004388421732088483,0.0007544038826179384,0.01252602964495957,0.0014590810957409795,0.0002709600296314037,0.0002528536416633033
SRR5898973,0.017162147514536548,0.005642370538491364,0.002123973506751146,0.7013505665307668,0.009619986662735315,0.039732097534373685,0.0009430160264774041,0.002408087822162954,0.000707474525832393,0.00019707349405204914,0.001546593820368699,0.0005707886750258541,0.0009613063845348796,0.027849131473910146,0.020160144648478793,0.0018425485866156552,0.0005254823748160542,0.005949341811041848,0.0704097433453234,0.02630985887285039,0.00039130297518405227,0.035456321289477837,0.022340354793319805,0.0023472441735169817,0.001196432225763819,0.00032039490635408623,0.0019362154872381808
SRR5898974,0.12115554141534023,0.005184765382808553,0.0014766027162435916,0.12749926532766134,0.007871671695981972,0.015876960121229588,0.0012218351470448348,0.0006545467873987364,0.0012308729720324903,0.00021302893017436392,0.0010671857282056245,0.0003856525039401318,0.0003286120836316827,0.029680544746456906,0.011590226137887977,0.000775537118395376,0.001033469703746814,0.044522722435711655,0.031212521895331746,0.5650828009622507,0.0001566050903466674,0.015022750912711472,0.006683820699489978,0.008261092718629251,0.00045105287520937667,0.00023877120131413852,0.0011215426908246587
SRR5898976,0.02283973924913799,0.0022822968790857387,0.000547078810756647,0.029435922881203523,0.007357387777659451,0.035138191280506395,0.00038445705839909756,0.0007657147098892264,0.0019074565774907135,0.000168114780568756,0.0022977218432028916,0.00046473736078450417,0.0005665750532050338,0.0008152049622589586,0.005333276644026437,0.0008522325109961119,0.0017828230749803787,0.013196332011461621,0.020635788168449822,0.8295991381790494,0.0004090034463281511,0.009516941231114415,0.0032990190872771506,0.008594492967857486,0.0005483971165283713,0.00046560079749794966,0.0007963555402836577
SRR5898977,0.0006562659707498196,0.00032126765168520653,6.692184854425556e-05,0.00041176963714093846,0.0025429789900727378,0.0034961736279273746,0.00011849387049611222,0.00027492237098731333,2.380604290926546e-05,4.015640837982983e-05,0.0008657170904481471,0.00014131671460471004,0.0001252277467336688,0.0051281408257056755,0.0015101573099653993,8.623914523469795e-05,7.601540602435549e-05,0.0008493351907473348,0.02621428532688225,0.952746693362534,2.283850181782805e-05,0.00125984442982621,0.0007807963205672694,0.001983836641845815,0.00017150605054661096,5.016944457077304e-05,3.5124073052401454e-05
SRR5898978,0.0010973427892278572,0.0009907730533493312,6.400663974837211e-05,0.0038334164320356135,0.006876031490550692,0.009777191598065376,0.0002083402976470441,0.00028572848083958545,0.001137676633239278,0.00010895470830196579,0.0012686737894294802,0.0003152913856667055,0.0002736222830426143,0.0003881145310315712,0.04144160100700571,0.0003630850980640862,0.0010999372502031339,0.000758116562570675,0.029784847833715072,0.897042005531088,0.00013168460401049545,0.00048750899082425266,0.00016195268279947157,0.0016384717849089242,9.881268723334544e-05,9.736558427563716e-05,0.00026944627112583696
SRR5898979,0.0012275665257469267,0.002164093685375772,0.0001335367343513917,0.0001984459561677652,0.007179933332725633,0.009760633589028058,9.061046306994895e-05,0.0002274687796505978,0.00041803779224050373,7.308795364861757e-05,0.0011525938456971299,7.444678420825253e-05,0.00011089476551774316,0.0005048525339081171,0.03809079655614197,0.000284412745099133,0.0005329137288208661,0.002645842192901703,0.01728000885548862,0.9111570679966291,0.00015808636683453542,0.0031830710459590937,0.00029399623552058246,0.002617965995473163,0.00017889169393296085,9.847957726540589e-05,0.0001622642685961654
SRR5898980,0.04294285455256958,0.0019099296313848837,0.001453829828483159,0.006911545243733377,0.0032057308873072324,0.685614712916385,0.001321931932802284,0.0007821454068423141,0.003128756575765706,0.00048379343164822204,0.0009526381057263962,0.0010286381764900382,0.0013467762069633916,0.042662057689768114,0.03617814682246779,0.009552706781901371,0.008577223163157947,0.03889640460541692,0.005778572734303413,0.0006733334492605691,0.0013944005118509707,0.06470505552920283,0.009603152547741559,0.0258733282090489,0.0010015218624709321,0.002751880449758196,0.0012689327475488108
SRR5898981,0.00012035242518117116,0.0005665049700810639,0.0039733621781799814,0.00012018799252178872,0.0009028265798465767,0.012466108562977867,0.0013307390771783577,0.0009834359157084376,0.004830918389529204,0.0003127980222936544,0.0037327614986739513,0.0009430141276527672,0.0024958649127574833,0.042352422819535475,0.0205584956218348,0.0022554869938899613,0.005032351753484436,0.45243244828543505,0.009721902576671122,0.36291394693312046,0.0010890410919767118,0.015869907805228994,0.011009933621596753,0.03957247154603809,0.0014181159934663506,0.001196991287261125,0.001797609017878226
SRR5898982,0.0007587588363073516,0.001360179332977789,0.007745284302526905,7.430330507141145e-05,0.008308211470357995,0.009474498638901806,0.0006830673309194063,0.0005230148269028624,0.0038658398466851064,0.0010029136123780368,0.0018929151281766934,0.0017016673238902378,0.0023410088122631646,0.03901308507171883,0.017548755507030583,0.0014682597581830786,0.005121276304372684,0.05089687204379784,0.04382160202179627,0.7837430188278465,0.0014178369309308183,0.002262345029145548,0.0029527745662297853,0.009336108521895922,0.0008377232908727462,0.000916547196296983,0.0009321321625236117
SRR5898983,0.016200386653055118,0.01716717346921626,0.004216902577075764,0.0312250875379719,0.002998449016639332,0.031773727921166,0.006447428164962517,0.014040101659026444,0.01088724127286954,0.00624636479873623,0.05542957288646778,0.006931551755411765,0.002803685559268862,0.08705865741642632,0.028800643510024402,0.0935003570511651,0.004485394226068667,0.017804778648403918,0.00347464520117854,0.016921075881722206,0.00919859450523679,0.4838159792199058,0.007607154097329656,0.026639016822809083,0.0037142163950913006,0.0031247486014014812,0.007487065151369253
SRR5898984,0.0006729905567692667,0.002866032372641699,0.00048178317371863773,0.01794904480828486,0.004088381974419423,0.003801152884014981,0.0001338178509966807,0.00029722418643799364,0.001034934282089645,0.0001670416793140909,0.0017015116532091176,0.0002350765896641679,0.001021705170633083,0.00264975272508255,0.00932227108742866,0.0009656229398499148,0.00145796227743145,0.0210000775026467,0.010872287142414555,0.8689959661857659,0.0002677008913804605,0.03981278663868382,0.001101498712222358,0.008127509736627184,0.00031962817243695184,0.0001770404884910074,0.0004791983173449745
SRR5898985,0.007220319865611782,0.0002343768013300074,0.0033165802707196853,0.002760718857360495,0.004426298839219652,0.08007893881425264,0.010573478101493183,0.04764475757862427,0.004283202835297565,0.0006171849315190067,0.010806784108681551,0.008689572907623464,0.0038343118880979164,0.12583424453363923,0.05527180772113875,0.003912105081750887,0.003932606771063137,0.02028466760742893,0.16612020220644833,0.307009395100433,0.0009256301723371397,0.06139800701979272,0.038150957111713464,0.013715678920223514,0.007983566604988022,0.005370810760988904,0.005603794588222687
SRR5898986,0.0011684877595951868,0.00234123051878685,0.00013115301916284957,0.00015539477522377146,0.007322413105323023,0.009855597467506435,8.960733269337237e-05,0.0001954504088477179,0.0003952925999962841,6.136564696581395e-05,0.0010642962957730965,8.477680677490478e-05,8.890393927334389e-05,0.0005112653139804023,0.0399672228508511,0.00026640335626476315,0.0005419076621624314,0.002709645413750723,0.017209072271106688,0.9093276299369073,0.00014468707507230805,0.0031267533304077375,0.00026402977137950025,0.002568597263845307,0.00018793316918422012,6.681805278802613e-05,0.00015406485637691126
SRR5898987,0.2702429911359651,0.00959301826826222,0.004697966835347584,0.018442765651086143,0.019856558239914668,0.10199535815694206,0.0014123764155446418,0.0040279173813813005,0.022555365099624903,0.0006998780834396264,0.002609752767936257,0.008244019558953162,0.009789861010650928,0.006155390365941596,0.11365250174849474,0.013434664830220848,0.05967320594263767,0.019681273684846578,0.0250919163990678,0.11070388750148258,0.010676656440325309,0.013898961000428759,0.0067091524550133095,0.13493166399835677,0.0033266427524516738,0.0034468129555188,0.0044494413201652
SRR5898988,0.0032746290398584514,0.0020456066546710376,0.001571279809417788,0.006733970697073361,0.09266414972335037,0.0037827852782354975,0.01080182612132353,0.33902243592819653,0.0020551187674866986,0.001834282158775566,0.0037246899037616126,0.004606501569710579,0.0032595103134071338,0.004433000842190559,0.10336990652790165,0.004799621800963936,0.0005482110654606795,0.003596644888020811,0.008231953593820859,0.000707581234037828,0.0031352743229364705,0.005069391379317934,0.004516586709048108,0.37128986508695927,0.0031346595034072713,0.0019776997050056887,0.009812817375660894
SRR5898989,0.013924898764085014,0.0014646851640850176,0.009684578759310348,0.0009941110261286682,0.02349626713370942,0.017025446756485315,0.006144010310019101,0.034039378311423465,0.04760665251564339,0.0020818010798391135,0.0028426225764817733,0.00733934516651344,0.003002233626648484,0.00772932713691375,0.07421492867216978,0.008781862370923606,0.05972225360778696,0.26978235935565864,0.052395969798958754,0.03783350941021624,0.0198347225468008,0.1285451111702488,0.035091318241919287,0.1111636543075433,0.004722653555449286,0.006872685225116151,0.013663613409922054
SRR5898990,0.014180090691301129,0.0012469587711998846,0.0007362148081889667,0.0024644375598373972,0.0052250435613216606,0.008971367328804571,0.0020787551377602605,0.004071977343554209,0.00033133196074173517,0.0001731526183106946,0.012704718476684225,0.0010536935273340905,0.0021388274843520917,0.056840050496466454,0.03685894420412824,0.0007878255147326889,0.0005037374836546726,0.0007779273567900195,0.01605676786076645,0.786535222973779,0.0001969431680472415,0.036587270097165926,0.0006977438010774701,0.0053097654085874505,0.0026793753053471277,0.000328118461586806,0.00046373859847939977
SRR5898991,0.0018718868581146589,0.0012882050133582147,0.000766219182529227,0.0012255278901667586,0.004458261324463943,0.006532108678259719,0.00365746873780162,0.024839484327150375,0.00027913408455792544,0.0010423158036899866,0.0023194394342781668,0.00849928154714933,0.0008700811659213153,0.08500819920207374,0.023871544041379585,0.001779208773997083,0.00020836417401326715,0.0012006952388073423,0.04627001917165931,0.7402769956420238,8.219894468446752e-05,0.030202250224558344,0.0015286367068772248,0.009333489251257427,0.00038725697904934306,0.0004694660265806039,0.0017322615755973108
SRR5898992,7.368817226604686e-05,0.0008268906825826273,0.0003697108163847,4.2051961140567364e-05,0.00494848260375044,0.005657498571858246,0.00018840310235318058,0.000425148353641556,0.0010454119408846254,7.377629742130715e-05,0.0006990349434211099,0.00034297955077011174,0.0005638070166402489,0.0009761315488958743,0.01690627065648912,0.0007011251935226087,0.0029419963581426025,0.009204283229406545,0.0109332262623288,0.9275460440232219,0.00037711360434704506,0.008584681217882565,0.0010498199787669043,0.004443913501869521,0.00031679654323340075,0.0004860563937407217,0.0002756574750376646
SRR5898993,0.0001434973164693364,0.0006306911548343996,7.691862020156302e-05,2.3471656729601445e-05,0.007099618272706648,0.00926995525157467,9.39505387442832e-05,8.587665386315741e-05,9.526541709965519e-05,5.9515196000971674e-05,0.0006720425397001615,0.00015077833818598495,0.00010168475097392027,0.006225654948669319,0.015893557333899376,0.00022232149401944594,8.259779781553153e-05,0.00030447710878215645,0.03167048667676401,0.9215496900350483,4.442832374304958e-05,0.0014006225017157146,0.0004006002437506613,0.0033526585391181057,0.0002502956222936483,3.932877649490716e-05,6.0014890801383184e-05
SRR5898994,0.002032808525387042,0.0013588009366715783,0.0017780523396562875,0.002638627878121357,0.009578441269081197,0.007248826383166714,0.002032196660263672,0.003920337895661728,0.0018673113998710817,0.0006824431680823917,0.0014602551803909575,0.0011196193567223854,0.0008002821838665039,0.0911904412439093,0.21015760844351625,0.0029067497461919517,0.0014549141960281933,0.009973072011466187,0.014550742657703408,0.5180841694353387,0.0006297463303948415,0.041740642217754004,0.0043472565520212055,0.06131675372886758,0.0037432573452136015,0.0015381541878890818,0.0018484887267623627
SRR5898995,0.0012263127798546477,0.0006391649261757516,0.0012457883839050222,0.00037838013857796897,0.0062935579357901545,0.014446671430466193,0.0018717566199493486,0.0015191857506477206,0.0011937965113830926,0.00011560897968112737,0.0007839843200115606,0.0003668250129243214,0.0005773745626605411,0.061897378178236914,0.013424538781208226,0.0027475880878834137,0.00133424315847025,0.026325911985164468,0.015211979162543141,0.7873242106671147,0.0003161475305805578,0.03521319421138687,0.0027440447529430406,0.02004566015406217,0.0005791839426579159,0.0006378357966690019,0.0015396762390516832
SRR5898996,0.006268583680499023,0.002207736017006819,0.006617604276222975,0.0007100398436190969,0.016511450991969424,0.0008219837436197243,0.007212260858379489,0.00604180424285946,0.006523754450302549,0.0008809994726176056,0.0018997173359965513,0.0022910885084402766,0.004665175659000381,0.13139620575759242,0.05697587977626186,0.011453831430969213,0.011708167918609971,0.30707428480639914,0.0015750173708393778,0.09566956119909452,0.0061833183223314,0.09604441769778878,0.06537333816999175,0.13364756597830854,0.005666923913328283,0.004300012793932192,0.010279275784019373
SRR5898997,0.029096814557281647,0.010754349362569051,0.0005524896519483558,0.019806338964245277,0.11115756930310916,0.7340385092046635,0.0013215763151234506,0.0011203960362246434,0.001379755852341352,0.001200334368172803,0.0007463797084290222,0.0006094721747245394,0.0006257231237706738,0.003920508467980744,0.046456946115645034,0.0007355030398551774,0.0016961161536485669,0.0015572857835695407,0.01148331736064223,0.007877339263395336,0.000920458137877741,0.001201739590317525,0.0006837632486226858,0.0009936114340122397,0.0008900477076805387,0.0006528250486132619,0.00852083002553589
SRR5898998,0.000562068100728708,0.001304278966371868,0.00011660861506181741,4.223018271047895e-05,0.0036654458028213543,0.008078911501830868,9.91580546111013e-05,5.3329693731398353e-05,5.6630543401140964e-05,0.000695472053413121,0.0003458251382104341,0.00039594767994656683,6.624310348933179e-05,0.008179143359761802,0.0010969352726931338,0.0006581612284903706,2.6016917612760586e-05,0.000325955327313978,0.025255133127532213,0.9355283811405517,1.8109787295578522e-05,0.010311245952788322,0.001100109725520942,0.0006903034029161944,0.0001443574311086158,6.891483446617072e-05,0.0011150830556199537
SRR5899000,0.0401182961613375,0.012949765444744443,0.0004197809512108834,0.011334628509711184,0.00425187906329359,0.00900579393180533,0.0006766605295238002,0.0023063041962213004,0.0012003573598769275,0.00023265686768449023,0.001701379107420849,0.0005936041762515681,0.0011854602692374376,0.001853823843758056,0.008002809094848882,0.0006002323287306008,0.0023962425779603417,0.005878959751831413,0.019142196680924345,0.8461464108441075,0.0007978648983891846,0.0039449206622417035,0.004773524805104441,0.008361320715432179,0.003840514758539041,0.007893697529351146,0.00039091494046182866
SRR5899001,0.03158033479471815,0.0027655571759629925,0.0009786531297475156,0.06165713217787822,0.002984372708022319,0.006217416666145905,0.0008477793604746749,0.0016277382582986946,0.0015760437584126515,0.00015915886772064415,0.0019807347245529307,0.0004847593022614821,0.0011427679843482971,0.09702790829666268,0.009664167384389265,0.0008920615832989308,0.0023726370389720946,0.050975331961108525,0.011404505280945755,0.6536500739674532,0.00047324311381150225,0.038694732547371324,0.005078067292249393,0.01357843489417171,0.0009780042219226228,0.0005880879561841737,0.0006202955529141534
SRR5899004,0.009742987689431264,0.002701454938698881,0.0002106923637248195,0.04108123525044904,0.0025294153238008986,0.006721873366985911,0.00011827568949288533,0.0005443082630810581,0.00037177044595457367,5.262133321570467e-05,0.0008888814989879904,0.0001454134242138237,0.00016011120432959407,0.012767920259803806,0.0022783316155196177,0.00021734105799351393,0.0008521767222955649,0.003331477456208653,0.007721222571867343,0.9021513872011034,0.0002136819018907141,0.0015300523366173248,0.0006110419074279563,0.0025735590715101515,0.00012677725862477097,8.942967342064144e-05,0.00026656017334984175
SRR5899005,0.003689342767812318,0.0020309113098942668,0.0009476726724598452,0.00016568135601956012,0.003573407451873287,0.006444755127816461,0.000511333111515834,0.0021937820272164422,0.0012566359209902937,0.0005645671580535526,0.003006521964995089,0.000670520565072303,0.0009572853890024157,0.029442657048705075,0.006024310980214127,0.0009091660249442524,0.0007520137076438164,0.006316657390972928,0.024036797808974386,0.7421279792054105,0.0001966140865278829,0.15684950911998835,0.003181835858235899,0.0023328740743938526,0.0006155072346668604,0.0002622449163429133,0.0009394157202576851
SRR5899006,0.00019690002999072552,0.0004264216916070019,0.008850675050056392,0.0003559284775290396,0.002583501477543532,0.0062518894835339005,0.00047733373341092404,0.001394623863423465,0.0018266825795596948,0.00014755166599762396,0.0008712215246725334,0.0003311774764610158,0.00043366329530728577,0.021068918087151417,0.007460481546418691,0.0005873406689411614,0.0036754582912976027,0.006712885136844,0.02246553360774079,0.892045343374716,0.0007857379865024486,0.006280661316385794,0.001548100030386945,0.011010259753802338,0.0008573155677526516,0.0004065505543378202,0.0009478437286291758
SRR5899007,0.005773965385535339,0.0012341088204549065,0.0001645189219128727,0.06989663472524059,0.0035163867818568846,0.005472034814650693,7.654516638056326e-05,0.00046602360312586737,0.0004164319992744937,5.477497788870806e-05,0.00045659368645136416,5.789265005997331e-05,0.00020727271109617098,0.003415210167439549,0.00604721327084304,0.00014626221423020208,0.0003229724710236001,0.0044725989455659315,0.005922264533661877,0.8834153787237385,9.15157913190139e-05,0.0036248329133994808,0.0003869124691336758,0.004105997275574617,0.00012445485277115995,4.2293403799881116e-05,8.890872357091083e-05
SRR5899008,0.09985559577188044,0.005736606603290278,0.00047455775682215536,0.022616134672230438,0.006681525620280974,0.7311283791015879,0.0005749525894219874,0.0018082717781481785,0.0029132478172374373,0.00014678625090814933,0.0016254687167961553,0.0012043554770914593,0.000649243934513472,0.011957320188539221,0.08279702435569027,0.0027627886138075096,0.0029732034849573852,0.004055056819905409,0.00812706170794424,5.885673595318116e-05,0.0013320604602976547,0.0029767109125605046,0.001393541335246839,0.004362271411751301,0.0004466969478110231,0.0003223981662525915,0.0010198827690739648
SRR5899009,0.007439219669447646,0.04488972584265366,0.002742855033287508,0.0029226777531251255,0.006402085806771318,0.07068956355001534,0.004383652406942491,0.0018281245762034348,0.0026617568056636156,0.0002570163663144272,0.0014470365358533587,0.0014764858773202798,0.0011807216626556316,0.038744242012603444,0.00828362740978554,0.002357150788274476,0.002688649528768934,0.024090439890391738,0.02078942442557457,0.713110982200255,0.0013316975193785464,0.012646209767270692,0.009410825530417053,0.01360435316719765,0.0016256408446160438,0.00046936004810600165,0.002526474981106457
SRR5899010,0.0027499776279433456,0.0005440852700333733,0.003869037129293314,0.009965601814679597,0.002466865482311811,0.017500806758042515,0.01348505102330278,0.008182377102437821,0.0034716363291387125,0.00021085205638165152,0.004259723591357552,0.006572983559213071,0.002420949328482338,0.32072890326356795,0.12015750825660831,0.0030888455726172867,0.003475321001858385,0.023748970301984786,0.036504371619299654,0.2844737850842827,0.0008066023823382219,0.05407042331555263,0.01282248054906896,0.05447599827318379,0.00417559997824752,0.0017898541714930943,0.003981389157278687
SRR5899011,0.00027912847626368204,0.0008441709166754593,0.0012729391477802067,0.000277503357834311,0.004771242132702188,0.017234383658636238,0.002688563760648631,0.0019486136539810222,0.0004903435466655645,0.00010574500768882397,0.004079315475758867,0.0016765425982206525,0.0017835647682834274,0.10996869818795368,0.0159432648060056,0.0008267980844379168,0.0008624741592877209,0.005563134891014405,0.03458336469705143,0.7570373783703891,0.00018677609172308276,0.023949980989596387,0.001826105905155285,0.004992300555908901,0.0035225416800266085,0.0018446443191372415,0.001440480761173545
SRR5899012,0.036873136363643436,0.0066923789919186225,0.0006767174576464408,0.28125921918280544,0.07640668316820733,0.3273014192873315,0.003256256350429192,0.013583278636679111,0.004480018509109983,0.0003972094216065985,0.00046664509686770853,0.0031695788926055135,0.0026597018866420766,0.0009199757081541557,0.11998107434435787,0.011882366149536201,0.006227774715208425,0.03678082202257836,0.004327954197537521,0.005331554960301502,0.0027015851674907668,0.03717426766755934,0.002360733242149983,0.012206745631926145,0.00042810041992470823,0.0003938279213463016,0.0020609746064357247
SRR5899013,0.01601642804945643,0.0008676208882852795,0.012925822334708062,0.0006800768599363985,0.00999860593096808,0.03364702796736842,0.01435645920182494,0.010837713341174322,0.004768756337906208,0.003461790467964762,0.005677008259377189,0.0017508104556117083,0.004943307780026557,0.19112769150085787,0.06765322741417988,0.015809740047800384,0.0013292929242635166,0.017755999096590133,0.004081664083665638,0.00012527764419920407,0.0012886029887398567,0.0682890404755204,0.019072906850080926,0.44124662843495965,0.00524898318006831,0.004257096244286153,0.042782421240179495
SRR5899014,0.0013478433056902752,0.0010628490174185998,0.0012781305793973998,0.005073999697398173,0.024999725213522967,0.0032010454908539088,0.0007782963992637429,0.0011626432184819522,0.0008283609971198889,0.0002953201823151475,0.00162952197147214,0.0007847623520687225,0.0024412078727320628,0.00429257068404972,0.7129833338656448,0.007122250426300399,0.0010873263963946205,0.007027421929634331,0.018885098103226475,0.007853303127814728,0.0004981367918041248,0.17027310599039522,0.0022212810914437305,0.007579761714421221,0.012143495318301714,0.0010856117006156558,0.0020635965622182277
SRR5899015,0.0012014012543123931,0.0005802620950564467,0.0033886433311340596,0.00030725448627266566,0.0015238315656441413,0.031164440688697448,0.002483471266623685,0.0019902682115757763,0.011403684537090092,0.0022493134051406825,0.0024842668916953245,0.004103914685453701,0.004528105865747655,0.03140711509076713,0.5268814468264558,0.013215876495243771,0.019156175235047302,0.1913711246940093,0.0029890087309075762,0.010807470989116849,0.004338898897216916,0.024385995625631617,0.014527322722607188,0.08055539294687099,0.004288997866789959,0.0018583429796088166,0.006807972615282848
SRR5899016,0.1778463504390688,0.0032609775055812795,0.0008468180947931298,0.02242805462285049,0.03552311112185872,0.5020793644175153,0.010281320005821163,0.01754324776131702,0.003915463748010284,0.002052227359273539,0.0012384826885889469,0.008456090190879312,0.0026939907781062715,0.022996107974295105,0.013372848368801026,0.03293347372950459,0.03056432738876726,0.0024190107881107343,0.003055761495468096,0.0002771288146724897,0.002239327686295994,0.08592467483474138,0.0023547684058856937,0.006908381748276576,0.006082233503701212,0.0004252142548020932,0.0022812422730131687
SRR5899017,0.0017106875156175224,0.00060935346194833,0.0008736041332741674,0.0014981600623510585,0.005118578980549116,0.01820262158439773,0.0028925627294157214,0.00407947591641275,0.0012781530432331158,0.0002735265111402343,0.0015448192229146362,0.0033141196818967057,0.000764502158563774,0.03889633447658407,0.045543394172391526,0.005974285817643184,0.0010104822090747185,0.011160388284665092,0.01524643225145756,0.7771332221817946,0.00043602946007309404,0.0488085377996982,0.006327612760797857,0.00504615854360496,0.0006849162818581475,0.0003966295548852525,0.001175411203756798
