SampleName,Cohort,Total_Reads,Mapped,Fraction_Mapped
CSMA8M9R,nonIBD,19884444.0,9350717.0,0.470253
MSM6J2RU,nonIBD,19874995.0,10663018.0,0.536504
MSM79H6N,nonIBD,17635326.0,9182872.0,0.520709
MSM9VZNH,nonIBD,17498519.0,13125443.0,0.750089
MSM9VZF7,nonIBD,17406321.0,9450732.0,0.542948
MSM79H6J,nonIBD,15389081.0,7573405.0,0.49212799999999995
MSM9VZHT,nonIBD,14791565.0,13171308.0,0.8904610000000001
MSM79HA7,nonIBD,14766686.0,8109149.0,0.5491520000000001
MSMA26BT,nonIBD,14697764.0,10986148.0,0.747471
MSM79H6H,nonIBD,14456140.0,7768577.0,0.537389
MSM79HFW,nonIBD,14201659.0,7107969.0,0.5005029999999999
HSMA33QM,nonIBD,13184730.0,7885128.0,0.59805
MSM79H5S,nonIBD,13095393.0,9123763.0,0.696715
HSM7CYZR,nonIBD,12527365.0,8264912.0,0.659749
MSM79HES,nonIBD,12353531.0,9158719.0,0.7413850000000001
MSMA26BL,nonIBD,12017876.0,7975475.0,0.6636340000000001
HSM7CYXO,nonIBD,11899685.0,9608936.0,0.807495
MSM6J2SI,nonIBD,11795195.0,8600198.0,0.7291270000000001
PSM7J16W,nonIBD,11664762.0,7254784.0,0.6219399999999999
MSM79H7W,nonIBD,11558086.0,5380736.0,0.46553900000000004
HSM6XRTG,nonIBD,10826058.0,6525843.0,0.6027899999999999
HSM7CZ2E,nonIBD,10501281.0,7547426.0,0.718715
HSM7CYXE,nonIBD,10335810.0,8553144.0,0.827525
MSM9VZGW,nonIBD,10287658.0,5223032.0,0.507699
MSMA26BF,nonIBD,9723336.0,5796947.0,0.5961890000000001
MSMA26BJ,nonIBD,9705393.0,5831099.0,0.6008100000000001
MSM6J2QJ,nonIBD,9688979.0,4208854.0,0.434396
HSM7J4KM,nonIBD,9503534.0,4928311.0,0.5185770000000001
PSM7J1DL,nonIBD,9404559.0,6304054.0,0.670319
MSMAPC5H,nonIBD,9385699.0,7212348.0,0.76844
MSM79H89,nonIBD,9234460.0,5855785.0,0.634123
HSM6XRVA,nonIBD,8966491.0,4629153.0,0.516273
HSM7CZ1G,nonIBD,8961026.0,5004811.0,0.558509
HSM67VFX,nonIBD,8900598.0,4690276.0,0.526962
HSM7J4HK,nonIBD,8381263.0,4973566.0,0.5934149999999999
MSM9VZLF,nonIBD,8156645.0,4505477.0,0.552369
MSM9VZGS,nonIBD,7875473.0,2426712.0,0.308135
HSM7J4I9,nonIBD,7761112.0,4744532.0,0.611321
MSMA26BV,nonIBD,7083637.0,4416495.0,0.623478
PSMA265J,nonIBD,5800551.0,3674664.0,0.6335029999999999
MSM79HEW,nonIBD,5292389.0,3836999.0,0.725003
HSM7J4O9,nonIBD,5020699.0,4017687.0,0.800225
MSM9VZHL,nonIBD,4427190.0,2366917.0,0.534632
HSM67VGK,nonIBD,4071638.0,3636034.0,0.893015
PSM7J15Q,nonIBD,2982358.0,2869800.0,0.962259
MSM9VZHX,nonIBD,1391590.0,1198730.0,0.86141
CSM79HP4,nonIBD,807599.0,726038.0,0.899008
HSM7J4LN,nonIBD,566108.0,548402.0,0.968723
MSM9VZKI,nonIBD,109141.0,92843.0,0.85067
HSM7J4OL,IBD,21428641.0,16353547.0,0.763163
HSMA33RD,IBD,20271391.0,17755741.0,0.875901
ESM7F5AM,IBD,17544087.0,13585746.0,0.7743770000000001
CSM9X1ZO,IBD,17543352.0,10259600.0,0.5848140000000001
PSMB4MBI,IBD,16477488.0,9508631.0,0.577068
CSM79HOH,IBD,16172148.0,11312972.0,0.699534
PSM7J12Z,IBD,15997307.0,8532997.0,0.533402
HSM6XRTO,IBD,15957839.0,11940250.0,0.748237
MSM6J2LN,IBD,15364789.0,10343683.0,0.673207
ESM5MEC9,IBD,15098983.0,11444654.0,0.757975
CSM9X1XU,IBD,15046053.0,13076262.0,0.8690829999999999
PSMB4MC1,IBD,15027648.0,11735121.0,0.7809020000000001
HSMA33LX,IBD,14907040.0,8974567.0,0.602035
PSMA267F,IBD,14540809.0,10764155.0,0.740272
CSM79HQZ,IBD,14526001.0,11422491.0,0.7863479999999999
HSM7J4JF,IBD,14490157.0,11398377.0,0.786629
PSMA264K,IBD,14324842.0,8400440.0,0.586425
CSM79HM7,IBD,14206114.0,7790178.0,0.5483680000000001
CSM9X21R,IBD,14034556.0,10201401.0,0.726877
ESM5MEDK,IBD,13877835.0,8917065.0,0.64254
HSM7J4Q1,IBD,13691936.0,8407305.0,0.6140329999999999
MSM5LLER,IBD,13392986.0,9832017.0,0.734117
HSM7J4OB,IBD,13247520.0,9008498.0,0.680014
CSM67UG8,IBD,13025505.0,7779941.0,0.5972850000000001
CSM7KOJQ,IBD,12959440.0,10246052.0,0.790625
CSM9X23H,IBD,12888694.0,7353163.0,0.570513
PSM6XBUM,IBD,12733302.0,8920780.0,0.700587
PSM7J1AS,IBD,12641506.0,10233026.0,0.8094779999999999
MSMAPC55,IBD,12452446.0,7187287.0,0.577179
MSMAPC6C,IBD,12403111.0,7912181.0,0.637919
MSM6J2J1,IBD,12377159.0,9103295.0,0.735491
MSM9VZIU,IBD,12299676.0,10464482.0,0.850793
PSMA26A1,IBD,12271643.0,9239340.0,0.7529020000000001
HSMA33R1,IBD,12271087.0,8399003.0,0.684455
CSM7KOSH,IBD,12204685.0,7484568.0,0.613254
MSM6J2RA,IBD,12124047.0,5496790.0,0.453379
MSMA26AV,IBD,11961980.0,9909589.0,0.8284239999999999
CSM79HIH,IBD,11929135.0,9624478.0,0.806804
CSM9X213,IBD,11734934.0,7583837.0,0.646262
ESM5MECQ,IBD,11575784.0,8582137.0,0.741387
CSM9X219,IBD,11551111.0,9135846.0,0.790906
HSMA33PN,IBD,11267611.0,3661974.0,0.325
CSM67UFV,IBD,11225091.0,6839597.0,0.609313
PSMA264O,IBD,11211353.0,6990324.0,0.623504
PSM6XBS8,IBD,11103622.0,8037070.0,0.723824
PSM7J1B9,IBD,11055177.0,7280237.0,0.658536
HSM7J4Q7,IBD,10991236.0,6500426.0,0.5914189999999999
PSM6XBSU,IBD,10954218.0,8148072.0,0.74383
PSM6XBSK,IBD,10911035.0,7902660.0,0.7242810000000001
CSM7KOUB,IBD,10845753.0,5238206.0,0.48297299999999993
CSM7KORS,IBD,10827114.0,8008813.0,0.7397
PSMA267H,IBD,10804495.0,7909703.0,0.732075
PSM7J1C4,IBD,10716803.0,4839632.0,0.451593
MSM79HDU,IBD,10714661.0,7189792.0,0.671024
PSM6XBQS,IBD,10706156.0,8158162.0,0.762007
CSM7KOMX,IBD,10419389.0,7456210.0,0.715609
CSM7KOP6,IBD,10391010.0,5185142.0,0.499003
HSMA33PX,IBD,10150874.0,8159116.0,0.8037850000000001
CSM9X21L,IBD,10083551.0,6794998.0,0.67387
CSM79HOT,IBD,10032840.0,7087761.0,0.7064560000000001
CSM79HK9,IBD,10014179.0,7094810.0,0.708476
PSMA266O,IBD,10009199.0,7183205.0,0.7176600000000001
CSM7KORM,IBD,10005579.0,8114684.0,0.811016
HSM7J4J9,IBD,9961879.0,8021608.0,0.80523
ESM718T9,IBD,9945107.0,4786025.0,0.48124399999999995
MSMA267X,IBD,9896131.0,5140710.0,0.519467
CSM7KORI,IBD,9812368.0,7241916.0,0.7380399999999999
MSM79H7M,IBD,9489151.0,6511705.0,0.686226
HSM7J4JP,IBD,9237003.0,4405126.0,0.4769
CSM7KOTO,IBD,9186361.0,6852611.0,0.745955
PSM6XBVO,IBD,9165128.0,6718226.0,0.73302
CSM67U9J,IBD,9093660.0,6541556.0,0.719353
HSM67VHQ,IBD,9090578.0,6798998.0,0.747917
PSMA2653,IBD,9085505.0,6456559.0,0.7106439999999999
CSM9X233,IBD,9052999.0,4776993.0,0.52767
ESM5MEDU,IBD,9047644.0,6603981.0,0.729912
CSM79HQB,IBD,8981939.0,4573007.0,0.509134
HSM67VHS,IBD,8847706.0,6731067.0,0.76077
HSM5MD6Y,IBD,8729340.0,7138025.0,0.817705
MSM6J2IM,IBD,8645744.0,5731804.0,0.6629619999999999
HSM5MD53,IBD,8606415.0,6599409.0,0.7668010000000001
CSM7KOQX,IBD,8473438.0,6287992.0,0.742083
PSM7J1BX,IBD,8467853.0,3885213.0,0.458819
HSMA33S4,IBD,8350864.0,5896395.0,0.706082
CSM79HMP,IBD,8292436.0,4986360.0,0.601314
MSMAPC66,IBD,8241678.0,3634645.0,0.441008
CSM79HNK,IBD,8176740.0,4994763.0,0.61085
PSM7J1BD,IBD,8077991.0,4992288.0,0.618011
HSM7J4PQ,IBD,7979950.0,7084301.0,0.887763
MSMB4LZP,IBD,7947955.0,5103928.0,0.642169
MSM6J2IO,IBD,7915926.0,6900748.0,0.871755
HSM7J4PM,IBD,7664495.0,5632313.0,0.734858
MSM5LLDC,IBD,7651965.0,6656568.0,0.869916
HSM7CYY5,IBD,7497540.0,5935056.0,0.7916
HSM6XRUX,IBD,7491487.0,4257978.0,0.568376
CSM9X21T,IBD,7455714.0,5005047.0,0.671304
CSM79HL6,IBD,7277002.0,5274485.0,0.724816
PSMB4MC3,IBD,6979846.0,5601278.0,0.802493
PSMA265B,IBD,6964207.0,5888714.0,0.845568
MSM9VZLR,IBD,6886752.0,3156753.0,0.45838100000000004
MSM6J2JD,IBD,6770119.0,3760489.0,0.555454
HSM67VIF,IBD,6757920.0,3297495.0,0.48794499999999996
PSM7J1AM,IBD,6590904.0,4903588.0,0.743993
MSM6J2II,IBD,6372668.0,2964271.0,0.465154
MSM9VZPN,IBD,6318980.0,3662841.0,0.579657
PSM7J19F,IBD,6287294.0,5269175.0,0.838067
CSM7KOMZ,IBD,6258248.0,4440119.0,0.709483
CSM67UDJ,IBD,6135128.0,5514928.0,0.89891
MSM79HF3,IBD,6083918.0,2775613.0,0.456221
MSM79HDM,IBD,5841508.0,4110112.0,0.703605
MSM6J2JB,IBD,5824361.0,3301174.0,0.566787
HSM67VID,IBD,5662790.0,3157302.0,0.557552
HSM5MD79,IBD,5153034.0,3809287.0,0.739232
HSM7J4HQ,IBD,4987539.0,3609458.0,0.723695
HSM67VHH,IBD,4980576.0,3814345.0,0.765844
HSMA33JB,IBD,4763428.0,4087137.0,0.858024
PSMA266U,IBD,4477754.0,4305060.0,0.961433
HSM5MD4N,IBD,4310935.0,3091725.0,0.717182
HSM7CZ3C,IBD,4202168.0,3431817.0,0.816678
MSMAPC6A,IBD,4170287.0,3733892.0,0.8953559999999999
PSM7J18I,IBD,4165766.0,3419548.0,0.8208690000000001
HSMA33JD,IBD,4070272.0,2899852.0,0.712447
MSM6J2HJ,IBD,3933068.0,2826643.0,0.718687
MSM9VZF1,IBD,3845025.0,2611910.0,0.679296
HSM7J4HU,IBD,3589289.0,3053692.0,0.8507790000000001
HSM7CYZB,IBD,3304739.0,2649440.0,0.801709
MSM6J2KM,IBD,3264478.0,2915921.0,0.893227
HSM7J4PC,IBD,3163752.0,1756680.0,0.5552520000000001
PSM6XBTP,IBD,3062716.0,1157254.0,0.377852
CSM67UC6,IBD,2969258.0,2708002.0,0.912013
MSM5LLDE,IBD,2920438.0,1606313.0,0.550025
HSM6XRQK,IBD,2878939.0,2603932.0,0.9044760000000001
CSM67UDF,IBD,2710158.0,1702967.0,0.628364
MSM79H7C,IBD,2700868.0,2394409.0,0.886533
MSM6J2OH,IBD,2687833.0,2054829.0,0.764493
HSM7CZ1Z,IBD,2624364.0,2597145.0,0.9896280000000001
HSM7CYZF,IBD,2546240.0,1547403.0,0.607721
MSM9VZIQ,IBD,2541460.0,2305518.0,0.9071629999999999
HSM7CZ2Z,IBD,2404625.0,45825.0,0.019057
HSM7J4JN,IBD,2337416.0,2126842.0,0.909912
HSMA33RF,IBD,2287990.0,1570250.0,0.686301
CSM7KORU,IBD,2280518.0,1922905.0,0.8431879999999999
PSMA266M,IBD,2237165.0,881497.0,0.394024
MSM9VZJB,IBD,2229192.0,1644178.0,0.737567
HSM7J4NS,IBD,2063598.0,1453583.0,0.704393
MSM79HAL,IBD,2059544.0,1218396.0,0.591585
HSM67VGY,IBD,2039580.0,1968937.0,0.9653639999999999
ESM718T7,IBD,2012771.0,1907712.0,0.9478040000000001
MSMB4LYB,IBD,1910817.0,1651936.0,0.864518
MSM79HF9,IBD,1730029.0,934082.0,0.5399229999999999
CSM7KOPW,IBD,1719293.0,1663093.0,0.9673120000000001
HSM7CYZD,IBD,1711569.0,1234891.0,0.721496
PSM7J1CI,IBD,1667224.0,1205544.0,0.7230850000000001
HSMA33IA,IBD,1666612.0,768346.0,0.46102299999999996
CSM7KORC,IBD,1538178.0,1439210.0,0.935659
CSM7KOMB,IBD,1494480.0,1438578.0,0.9625940000000001
PSM7J17L,IBD,1443542.0,992615.0,0.687625
MSM9VZEU,IBD,1438396.0,1433163.0,0.9963620000000001
HSM6XRVM,IBD,1405408.0,789295.0,0.561613
ESM7F5CB,IBD,1320428.0,1152666.0,0.872949
HSM7CYX6,IBD,1306378.0,913361.0,0.699155
HSM7J4NU,IBD,1232085.0,645954.0,0.524277
HSM6XRQM,IBD,1227229.0,159167.0,0.129696
PSMB4MC7,IBD,1221247.0,477647.0,0.39111399999999996
ESM7F5C5,IBD,1214296.0,956821.0,0.787964
HSM67VEK,IBD,1200415.0,1099860.0,0.916233
MSM6J2RC,IBD,1080282.0,460723.0,0.42648400000000003
MSM79H7E,IBD,1066113.0,957546.0,0.898166
CSM79HH4,IBD,1029992.0,602688.0,0.5851390000000001
MSM5LLDK,IBD,1017587.0,665814.0,0.654307
MSM9VZP1,IBD,990699.0,907764.0,0.916286
CSM79HOL,IBD,937849.0,878882.0,0.937125
ESM718V8,IBD,892756.0,615115.0,0.6890069999999999
PSMA269G,IBD,858876.0,432666.0,0.503758
HSMA33QY,IBD,658749.0,522241.0,0.7927770000000001
PSM7J15W,IBD,617531.0,602015.0,0.974874
MSM9VZOY,IBD,610248.0,485641.0,0.795809
PSM7J15A,IBD,526252.0,183340.0,0.34838800000000003
HSM7J4K2,IBD,526030.0,503705.0,0.957559
HSMA33PL,IBD,438697.0,385825.0,0.8794790000000001
HSM7J4JD,IBD,418609.0,373500.0,0.892241
HSM6XRRV,IBD,387969.0,348685.0,0.8987440000000001
HSM5MD66,IBD,327942.0,231131.0,0.704792
PSM7J199,IBD,282396.0,149403.0,0.529055
PSM6XBSO,IBD,203172.0,189025.0,0.930369
HSMA33OT,IBD,194003.0,39823.0,0.20526999999999998
CSM7KOOD,IBD,191102.0,138307.0,0.723734
CSM67U9D,IBD,134181.0,122828.0,0.9153899999999999
HSMA33LB,IBD,132750.0,91527.0,0.689469
ESM5MEBG,IBD,124826.0,75920.0,0.6082069999999999
HSM7J4M8,IBD,121441.0,106418.0,0.876294
PSM7J13E,IBD,98925.0,94884.0,0.959151
MSM6J2QR,IBD,89029.0,64031.0,0.7192149999999999
CSM67UDY,IBD,85438.0,67360.0,0.788408
PSM6XBVI,IBD,36996.0,34866.0,0.942426
HSMA33M2,IBD,34800.0,31394.0,0.902126
HSM67VHB,IBD,34502.0,31469.0,0.912092
HSM6XRQI,IBD,31636.0,14690.0,0.464344
HSM7CZ1V,IBD,29687.0,26340.0,0.887257
HSM7J4MY,IBD,25833.0,11222.0,0.434406
CSM7KOKZ,IBD,16117.0,12410.0,0.769994
CSM5MCY4,IBD,8226.0,4066.0,0.49428599999999995
DRR171910,CRC,40939449.0,19542606.0,0.477354
DRR171750,CRC,39916545.0,20866762.0,0.52276
DRR171784,CRC,38526323.0,24664206.0,0.640191
DRR127515,CRC,37959075.0,18321334.0,0.48266000000000003
DRR171702,CRC,36792413.0,20272965.0,0.551009
DRR127485,CRC,32394094.0,12965901.0,0.400255
DRR171871,CRC,31856391.0,20947500.0,0.65756
DRR127481,CRC,31396164.0,20272357.0,0.645695
DRR127519,CRC,30113329.0,21652869.0,0.719046
DRR127476,CRC,29758312.0,14130963.0,0.474858
DRR171767,CRC,29693194.0,19228577.0,0.647575
DRR162778,CRC,29511382.0,18763579.0,0.635808
DRR127517,CRC,29366732.0,16209970.0,0.551984
DRR171697,CRC,28818858.0,9772057.0,0.339086
DRR171742,CRC,28726461.0,21047022.0,0.7326699999999999
DRR127521,CRC,26062704.0,17081058.0,0.6553829999999999
DRR127720,CRC,25989283.0,15811769.0,0.608396
DRR171704,CRC,25304795.0,13828363.0,0.5464720000000001
DRR171661,CRC,25202392.0,10758290.0,0.42687600000000003
DRR171794,CRC,24869844.0,16055567.0,0.645584
DRR127536,CRC,24657565.0,16927093.0,0.686487
DRR127789,CRC,24266054.0,10677984.0,0.440038
DRR127674,CRC,24260857.0,15358996.0,0.633077
DRR127767,CRC,23812101.0,10380352.0,0.435928
DRR127754,CRC,23653636.0,14416332.0,0.609476
DRR171805,CRC,23632412.0,19453497.0,0.8231700000000001
DRR127559,CRC,23116589.0,14015458.0,0.606294
DRR171667,CRC,22926271.0,13166672.0,0.5743050000000001
DRR127478,CRC,22858303.0,16411053.0,0.717947
DRR127580,CRC,22726867.0,13729546.0,0.604111
DRR171672,CRC,22347713.0,12867207.0,0.575773
DRR171665,CRC,22258334.0,15385335.0,0.691217
DRR127509,CRC,22196264.0,14688331.0,0.661748
DRR127579,CRC,21892676.0,16614578.0,0.7589100000000001
DRR127625,CRC,21819541.0,13761395.0,0.630691
DRR127685,CRC,21793483.0,14291648.0,0.655776
DRR171685,CRC,21532205.0,13415305.0,0.623034
DRR171858,CRC,21342958.0,10963296.0,0.5136729999999999
DRR127666,CRC,21000354.0,13030748.0,0.620501
DRR127646,CRC,20992015.0,9086339.0,0.43284700000000004
DRR171683,CRC,20726361.0,10367852.0,0.500225
DRR171693,CRC,20603314.0,11721867.0,0.5689310000000001
DRR171764,CRC,20589810.0,13672269.0,0.664031
DRR171472,CRC,20524289.0,15398965.0,0.7502800000000001
DRR127567,CRC,20202654.0,18570525.0,0.919212
DRR171859,CRC,20054173.0,13333402.0,0.6648689999999999
DRR171891,CRC,19860181.0,13444847.0,0.676975
DRR171666,CRC,19849793.0,10569249.0,0.532461
DRR171905,CRC,19645470.0,12900696.0,0.656675
DRR127774,CRC,19455837.0,9265476.0,0.476231
DRR171519,CRC,19436750.0,13524552.0,0.695824
DRR127718,CRC,19162955.0,15280056.0,0.797375
DRR171909,CRC,18852315.0,11399021.0,0.604648
DRR127594,CRC,18797817.0,10494517.0,0.558284
DRR127647,CRC,18746551.0,13798737.0,0.7360680000000001
DRR171800,CRC,17829397.0,12157048.0,0.681854
DRR171819,CRC,17703105.0,11209512.0,0.633195
DRR127507,CRC,17500122.0,12396622.0,0.7083729999999999
DRR162777,CRC,17493403.0,12584890.0,0.719408
DRR171459,CRC,17399938.0,13981607.0,0.803543
DRR171688,CRC,17306074.0,11461512.0,0.662283
DRR171684,CRC,17034410.0,10489016.0,0.615755
DRR127617,CRC,16875223.0,9951086.0,0.5896859999999999
DRR127700,CRC,16536184.0,7716499.0,0.46664300000000003
DRR127557,CRC,16482804.0,10793259.0,0.6548189999999999
DRR127638,CRC,16382467.0,11435447.0,0.69803
DRR127603,CRC,15606948.0,4337505.0,0.27792100000000003
DRR127708,CRC,14519726.0,6781243.0,0.467037
DRR127669,CRC,12897723.0,8449668.0,0.655129
DRR162779,CRC,12801394.0,8290675.0,0.647638
DRR171680,CRC,11800214.0,8291587.0,0.7026640000000001
DRR127491,CRC,7803432.0,4848788.0,0.621366
DRR127514,CRC,7467777.0,5041948.0,0.67516
DRR171879,CRC,5593585.0,2760631.0,0.49353500000000006
SRS019068,American,146440506.0,90989903.0,0.621344
SRS015431,American,145342910.0,91257053.0,0.6278739999999999
SRS147766,American,124128156.0,77035032.0,0.620609
SRS103987,American,116236100.0,71842871.0,0.6180770000000001
SRS143876,American,111457769.0,68106301.0,0.61105
SRS011084,American,110792425.0,61462750.0,0.554756
SRS077552,American,105107679.0,68323682.0,0.650035
SRS098514,American,99299279.0,69513647.0,0.700042
SRS105153,American,96350533.0,56496518.0,0.586364
SRS104197,American,92649664.0,62934665.0,0.679276
SRS049896,American,91344392.0,55410615.0,0.606612
SRS143598,American,90134375.0,70029089.0,0.776941
SRS104400,American,89843019.0,42353052.0,0.471412
SRS045528,American,89786118.0,62521192.0,0.696335
SRS142503,American,88933698.0,53156820.0,0.597713
SRS147919,American,84740803.0,56574056.0,0.667613
SRS013098,American,82179260.0,50345472.0,0.61263
SRS147652,American,78209389.0,37635068.0,0.481209
SRS077753,American,74709818.0,51863187.0,0.694195
SRS024075,American,68894096.0,45582914.0,0.661637
SRS049900,American,66394296.0,28206085.0,0.42482700000000007
SRS045004,American,62521689.0,40327147.0,0.645011
SRS011529,American,62469968.0,32567851.0,0.521336
SRS056519,American,62344972.0,45535848.0,0.7303850000000001
SRS011271,American,62210716.0,32425785.0,0.521225
SRS049995,American,61824021.0,34379886.0,0.5560930000000001
SRS016517,American,61498224.0,33130505.0,0.538723
SRS011239,American,61363582.0,40663084.0,0.662658
SRS011405,American,60820831.0,34172493.0,0.561855
SRS058770,American,60584709.0,43372677.0,0.715901
SRS143417,American,60415397.0,35690805.0,0.590757
SRS011302,American,60282652.0,34611955.0,0.5741609999999999
SRS016989,American,59838827.0,47139129.0,0.787768
SRS017307,American,59681786.0,35585102.0,0.596247
SRS049712,American,59203743.0,31426905.0,0.530826
SRS015190,American,59035632.0,44550666.0,0.75464
SRS016335,American,58782437.0,19613466.0,0.333662
SRS019267,American,58782339.0,47235036.0,0.803558
SRS024388,American,58655799.0,37517315.0,0.639618
SRS143342,American,58654378.0,46399234.0,0.791062
SRS012969,American,58523815.0,31873827.0,0.5446300000000001
SRS065504,American,58167763.0,37474357.0,0.644246
SRS023971,American,58153975.0,41658329.0,0.716345
SRS021484,American,57986541.0,39503843.0,0.6812590000000001
SRS023914,American,57573581.0,18306600.0,0.317969
SRS011586,American,57540024.0,26661652.0,0.463358
SRS015578,American,57354567.0,43603531.0,0.760245
SRS013521,American,57321509.0,37487999.0,0.653995
SRS022609,American,57094444.0,25964455.0,0.45476300000000003
SRS020233,American,56924266.0,27161044.0,0.47714399999999996
SRS076929,American,56822226.0,33811111.0,0.595033
SRS052027,American,56752416.0,39747805.0,0.700372
SRS064557,American,56507689.0,42009143.0,0.743423
SRS015794,American,56507182.0,38270947.0,0.677276
SRS063040,American,56123295.0,35385390.0,0.630494
SRS043001,American,56082416.0,39278412.0,0.7003689999999999
SRS011134,American,55977233.0,20631616.0,0.36857199999999996
SRS058723,American,55744356.0,45141239.0,0.80979
SRS140492,American,55574916.0,33364398.0,0.60035
SRS053335,American,55304118.0,31870547.0,0.576278
SRS023829,American,55174688.0,43850198.0,0.794752
SRS051031,American,54970424.0,28940097.0,0.526467
SRS043701,American,54902841.0,41592571.0,0.757567
SRS019397,American,54393792.0,38938492.0,0.715863
SRS016954,American,54367525.0,34043961.0,0.626182
SRS024435,American,54321802.0,25349684.0,0.466658
SRS013687,American,54251428.0,25582742.0,0.471559
SRS013158,American,54168061.0,39120206.0,0.722201
SRS017103,American,54066427.0,41396555.0,0.7656609999999999
SRS018313,American,53916765.0,37992920.0,0.704659
SRS018133,American,53876332.0,32295354.0,0.599435
SRS015663,American,53795206.0,27477852.0,0.510786
SRS049959,American,53701919.0,16868686.0,0.314117
SRS077730,American,53617004.0,38538037.0,0.718765
SRS016095,American,53354608.0,24575233.0,0.46060200000000007
SRS012273,American,53098082.0,27669698.0,0.521105
SRS056259,American,53052441.0,37566253.0,0.708097
SRS014313,American,53048542.0,38582891.0,0.727313
SRS045645,American,52994221.0,37692394.0,0.711255
SRS045713,American,52819800.0,35411250.0,0.670416
SRS014613,American,52807553.0,36688198.0,0.694753
SRS023526,American,52787964.0,29520800.0,0.559234
SRS017433,American,52608439.0,38044288.0,0.723159
SRS098717,American,51995980.0,37056094.0,0.712672
SRS055982,American,51959328.0,39310142.0,0.756556
SRS078176,American,51822883.0,27033504.0,0.521652
SRS074964,American,51412524.0,36545335.0,0.7108260000000001
SRS019601,American,51395948.0,36831064.0,0.7166140000000001
SRS078419,American,51386485.0,29197620.0,0.568196
SRS024331,American,51302640.0,37393505.0,0.728881
SRS019787,American,51245912.0,34352632.0,0.670349
SRS018817,American,51093845.0,34953182.0,0.684098
SRS015782,American,51046985.0,25079230.0,0.49129700000000004
SRS017521,American,51037148.0,37218015.0,0.729234
SRS024009,American,50833609.0,33198712.0,0.6530859999999999
SRS016753,American,50704423.0,39397639.0,0.7770060000000001
SRS012902,American,50646636.0,42908505.0,0.8472129999999999
SRS075398,American,50605558.0,39783536.0,0.78615
SRS053214,American,50490176.0,36999325.0,0.7328020000000001
SRS013800,American,50327153.0,31458365.0,0.625077
SRS045739,American,50105522.0,37458132.0,0.747585
SRS017191,American,49981137.0,37503854.0,0.75036
SRS013215,American,49901867.0,40579177.0,0.81318
SRS015133,American,49822241.0,19730528.0,0.396018
SRS019685,American,49780208.0,25101357.0,0.5042439999999999
SRS014923,American,49740145.0,19808127.0,0.39823200000000003
SRS078665,American,49712378.0,35396817.0,0.712032
SRS053398,American,49696317.0,30356973.0,0.61085
SRS024132,American,49377666.0,27494382.0,0.556818
SRS056273,American,49313010.0,29435747.0,0.596916
SRS016495,American,49207425.0,31248750.0,0.635041
SRS018351,American,49109143.0,29285151.0,0.596328
SRS019968,American,49092660.0,31874258.0,0.649267
SRS051882,American,49083354.0,30335586.0,0.618042
SRS142712,American,48806143.0,33947211.0,0.6955520000000001
SRS014979,American,48757778.0,22530653.0,0.46209399999999995
SRS022071,American,48471965.0,28007932.0,0.577817
SRS016267,American,48318760.0,36128039.0,0.7477020000000001
SRS050752,American,48189569.0,23025984.0,0.477821
SRS021948,American,47809076.0,21273191.0,0.44496099999999994
SRS024625,American,47714312.0,29785053.0,0.624237
SRS063985,American,47621602.0,19222277.0,0.403646
SRS057717,American,47595531.0,37266865.0,0.782991
SRS014235,American,47594599.0,24025645.0,0.504798
SRS019381,American,47567644.0,32216731.0,0.6772819999999999
SRS018427,American,47457163.0,30480155.0,0.642267
SRS042628,American,47127181.0,22080927.0,0.46853900000000004
SRS015217,American,47020110.0,19534732.0,0.415455
SRS020328,American,46981618.0,20207867.0,0.430123
SRS050925,American,46939991.0,26874286.0,0.572524
SRS015854,American,46711166.0,28234592.0,0.6044510000000001
SRS048870,American,46663633.0,29842889.0,0.639532
SRS018575,American,46491922.0,32764895.0,0.7047439999999999
SRS054956,American,46000752.0,32032527.0,0.696348
SRS019161,American,45962044.0,27337163.0,0.594777
SRS058070,American,45375012.0,24310397.0,0.535766
SRS062427,American,45205131.0,22652187.0,0.5010979999999999
SRS015960,American,45081882.0,31730032.0,0.7038310000000001
SRS020869,American,44964606.0,21717625.0,0.482994
SRS023583,American,44939537.0,33747560.0,0.750955
SRS017701,American,44937988.0,29587558.0,0.658409
SRS015065,American,44877952.0,26815476.0,0.5975199999999999
SRS016056,American,44783620.0,31036318.0,0.693028
SRS013476,American,44757048.0,23425049.0,0.523382
SRS024549,American,44754262.0,36252311.0,0.81003
SRS047044,American,44714393.0,27101365.0,0.6060989999999999
SRS100021,American,44600758.0,27806006.0,0.623442
SRS145497,American,44575443.0,31672527.0,0.710538
SRS075078,American,44550224.0,28187779.0,0.6327189999999999
SRS047014,American,44523179.0,27582473.0,0.619508
SRS142890,American,44497488.0,27855433.0,0.626
SRS053649,American,44480640.0,28400463.0,0.63849
SRS022137,American,44450244.0,32946299.0,0.7411949999999999
SRS048164,American,44440161.0,26392102.0,0.59388
SRS078242,American,44432515.0,27383379.0,0.616291
SRS074670,American,44015175.0,33771945.0,0.7672800000000001
SRS140645,American,43832411.0,37531478.0,0.8562489999999999
SRS013951,American,43689453.0,15193461.0,0.34776
SRS052697,American,43623580.0,22084536.0,0.506252
SRS019030,American,43510158.0,28357284.0,0.6517390000000001
SRS064276,American,43442460.0,24920179.0,0.5736359999999999
SRS017247,American,43419490.0,34406512.0,0.792421
SRS050026,American,42901612.0,31687293.0,0.738604
SRS054590,American,42786214.0,30107666.0,0.703677
SRS022713,American,42629470.0,35166237.0,0.8249280000000001
SRS017821,American,42594886.0,24429150.0,0.573523
SRS014683,American,42148804.0,30610322.0,0.726244
SRS016018,American,41467247.0,25909222.0,0.624812
SRS077335,American,41147001.0,33490491.0,0.813923
SRS023346,American,40994814.0,31634856.0,0.771679
SRS077849,American,40848682.0,22766185.0,0.55733
SRS014459,American,40715070.0,24884328.0,0.611182
SRS019582,American,40266733.0,18576072.0,0.461326
SRS140513,American,39921063.0,23128659.0,0.57936
SRS053573,American,39246573.0,26351862.0,0.6714439999999999
SRS049402,American,38998486.0,27979127.0,0.717441
SRS014287,American,38700548.0,18651383.0,0.481941
SRS101376,American,38055003.0,24481734.0,0.643325
SRS143991,American,38022950.0,23833704.0,0.6268239999999999
SRS144537,American,37069770.0,15093437.0,0.407163
SRS057478,American,36682546.0,29718081.0,0.810142
SRS077086,American,36576476.0,30532891.0,0.8347690000000001
SRS050422,American,36563945.0,22455089.0,0.614132
SRS075341,American,35958019.0,21943791.0,0.6102609999999999
SRS050299,American,34580416.0,27883328.0,0.806333
SRS043411,American,34005732.0,24354547.0,0.7161890000000001
SRS077502,American,32495825.0,24161989.0,0.743541
SRS015264,American,31489800.0,22881993.0,0.726648
SRS042284,American,30527697.0,20118666.0,0.65903
SRS015369,American,29265061.0,19973256.0,0.682495
SRS049164,American,28883017.0,17604639.0,0.6095149999999999
SRS019910,American,27486250.0,17517622.0,0.637323
SRS101433,American,27479753.0,18441122.0,0.67108
SRS023176,American,27234031.0,21515523.0,0.7900229999999999
SRS011061,American,26559735.0,14436355.0,0.543543
SRS024265,American,24464845.0,14971545.0,0.611962
SRS018656,American,24342929.0,8304431.0,0.341143
SRS142505,American,18903540.0,13512144.0,0.7147939999999999
SRS011452,American,18084195.0,12817648.0,0.7087760000000001
SRS016203,American,14490889.0,9004894.0,0.621418
SRS064645,American,11036468.0,5885498.0,0.533277
SRS022524,American,10315853.0,6149495.0,0.596121
SRS147445,American,3471602.0,2487251.0,0.7164560000000001
SRR5898910,Indian,7842691.0,2745787.0,0.350108
SRR5898923,Indian,7683319.0,2584447.0,0.33637100000000003
SRR5898990,Indian,7121793.0,1904652.0,0.26744
SRR5899004,Indian,6947275.0,3262087.0,0.469549
SRR5898977,Indian,6746793.0,2027108.0,0.300455
SRR5898915,Indian,6502796.0,1620884.0,0.24925999999999998
SRR5898997,Indian,6404773.0,4198706.0,0.655559
SRR5899006,Indian,6102169.0,2135802.0,0.350007
SRR5898922,Indian,6078891.0,4234037.0,0.696515
SRR5898921,Indian,6078193.0,1751870.0,0.288222
SRR5898932,Indian,5895721.0,2252726.0,0.38209499999999996
SRR5898924,Indian,5784632.0,2245828.0,0.38824000000000003
SRR5898953,Indian,5774237.0,1643328.0,0.284597
SRR5898961,Indian,5771990.0,2191101.0,0.37960900000000003
SRR5898972,Indian,5702769.0,2052925.0,0.359987
SRR5898914,Indian,5683464.0,2547747.0,0.448274
SRR5898956,Indian,5611955.0,3427502.0,0.61075
SRR5898916,Indian,5531577.0,3583230.0,0.647777
SRR5898979,Indian,5345693.0,2290190.0,0.428418
SRR5898978,Indian,5275987.0,3291087.0,0.623786
SRR5898969,Indian,5149772.0,1929331.0,0.37464400000000003
SRR5898946,Indian,5119420.0,1692162.0,0.330538
SRR5898941,Indian,5076170.0,1705907.0,0.33606199999999997
SRR5898937,Indian,5075012.0,1131967.0,0.22304699999999997
SRR5898917,Indian,4988076.0,793815.0,0.159143
SRR5899016,Indian,4931342.0,3351922.0,0.679718
SRR5898947,Indian,4920908.0,2089647.0,0.42464700000000005
SRR5898988,Indian,4902981.0,3449189.0,0.703488
SRR5898908,Indian,4852987.0,1415386.0,0.291653
SRR5898971,Indian,4831331.0,4060135.0,0.840376
SRR5898967,Indian,4806579.0,1869104.0,0.388864
SRR5898985,Indian,4796725.0,1397912.0,0.291431
SRR5898925,Indian,4787443.0,1693664.0,0.353772
SRR5898949,Indian,4785763.0,2695868.0,0.5633100000000001
SRR5898983,Indian,4747086.0,2629266.0,0.553869
SRR5898942,Indian,4719854.0,1826423.0,0.386966
SRR5898913,Indian,4665172.0,2957712.0,0.633998
SRR5898944,Indian,4594222.0,1749447.0,0.380793
SRR5898958,Indian,4592965.0,2937849.0,0.639641
SRR5898986,Indian,4469733.0,1932609.0,0.43237700000000007
SRR5898939,Indian,4415468.0,2381701.0,0.539399
SRR5898994,Indian,4357384.0,1536634.0,0.35265100000000005
SRR5898920,Indian,4321863.0,1038003.0,0.240175
SRR5898930,Indian,4266187.0,2549934.0,0.597708
SRR5899005,Indian,4184495.0,1157597.0,0.27664
SRR5898935,Indian,4147250.0,1749047.0,0.421737
SRR5898998,Indian,4139210.0,1705282.0,0.41198199999999996
SRR5899007,Indian,4129360.0,2574101.0,0.623366
SRR5898976,Indian,4071930.0,1980155.0,0.48629399999999995
SRR5898911,Indian,4063852.0,2221779.0,0.546717
SRR5899000,Indian,4009352.0,1186609.0,0.29596
SRR5898934,Indian,3975828.0,1148805.0,0.28894699999999995
SRR5898974,Indian,3915630.0,1674331.0,0.42760200000000004
SRR5899013,Indian,3887529.0,2790526.0,0.717815
SRR5898938,Indian,3857252.0,994705.0,0.25787899999999997
SRR5898957,Indian,3831595.0,1006078.0,0.262574
SRR5898965,Indian,3789019.0,1059088.0,0.279515
SRR5898989,Indian,3779064.0,1113281.0,0.294592
SRR5898960,Indian,3738965.0,2226892.0,0.59559
SRR5898912,Indian,3726337.0,1412139.0,0.37896199999999997
SRR5898991,Indian,3722480.0,2896890.0,0.778215
SRR5899012,Indian,3719467.0,2064549.0,0.555066
SRR5898951,Indian,3688397.0,891694.0,0.24175700000000003
SRR5898945,Indian,3688383.0,1909854.0,0.517803
SRR5898992,Indian,3670761.0,1306467.0,0.355912
SRR5898948,Indian,3612471.0,2528510.0,0.699939
SRR5898966,Indian,3579153.0,1492401.0,0.41697
SRR5898963,Indian,3579078.0,1158189.0,0.3236
SRR5898984,Indian,3573409.0,1955998.0,0.547376
SRR5898970,Indian,3545030.0,1375592.0,0.388034
SRR5898964,Indian,3539319.0,2029187.0,0.573327
SRR5898940,Indian,3509874.0,2347198.0,0.668741
SRR5898973,Indian,3474557.0,1146377.0,0.329935
SRR5899011,Indian,3466741.0,1362456.0,0.39300799999999997
SRR5899014,Indian,3459535.0,1445302.0,0.41777299999999995
SRR5898955,Indian,3334550.0,1497285.0,0.44902200000000003
SRR5898919,Indian,3303901.0,1304299.0,0.394775
SRR5898929,Indian,3297912.0,1726132.0,0.523401
SRR5898962,Indian,3295193.0,1022781.0,0.310386
SRR5898981,Indian,3290710.0,1023352.0,0.31098200000000004
SRR5898987,Indian,3240404.0,1176640.0,0.363115
SRR5898927,Indian,3151491.0,1351177.0,0.428742
SRR5899001,Indian,3139889.0,1534402.0,0.48868
SRR5898993,Indian,3125097.0,1531064.0,0.489925
SRR5899015,Indian,3071494.0,866442.0,0.282091
SRR5898996,Indian,3042938.0,1370058.0,0.45024200000000003
SRR5898968,Indian,2967411.0,1655140.0,0.557772
SRR5898936,Indian,2940709.0,641702.0,0.21821300000000002
SRR5899010,Indian,2939590.0,671693.0,0.22849899999999998
SRR5898943,Indian,2927329.0,1177829.0,0.402356
SRR5899009,Indian,2873771.0,1256334.0,0.437173
SRR5898933,Indian,2850101.0,1102984.0,0.386998
SRR5898926,Indian,2827964.0,941787.0,0.333027
SRR5898952,Indian,2798755.0,2128268.0,0.760434
SRR5898909,Indian,2797659.0,1775459.0,0.6346229999999999
SRR5898931,Indian,2790989.0,1455915.0,0.521648
SRR5898980,Indian,2759138.0,1619234.0,0.586862
SRR5898982,Indian,2680555.0,738048.0,0.275334
SRR5898928,Indian,2660628.0,1832698.0,0.688822
SRR5899008,Indian,2588706.0,1810895.0,0.699537
SRR5898954,Indian,2571213.0,693381.0,0.269671
SRR5898918,Indian,2493035.0,1178614.0,0.472763
SRR5898959,Indian,2367748.0,1076602.0,0.45469499999999996
SRR5898995,Indian,2357382.0,1312207.0,0.5566369999999999
SRR5898950,Indian,2290659.0,1005264.0,0.438854
SRR5899017,Indian,2073287.0,900705.0,0.434433
SRR341633,Chinese,30476242.0,21028581.0,0.689999
SRR341632,Chinese,30411797.0,22418820.0,0.737175
SRR413634,Chinese,25691694.0,18038770.0,0.702125
SRR413631,Chinese,24867700.0,9230622.0,0.371189
SRR413633,Chinese,23451283.0,14817081.0,0.6318239999999999
SRR413615,Chinese,22026280.0,12890509.0,0.585233
SRR341649,Chinese,21898442.0,13387327.0,0.611337
SRR413670,Chinese,21895126.0,19436086.0,0.88769
SRR341650,Chinese,20744378.0,9060412.0,0.43676499999999996
SRR341643,Chinese,20070230.0,9097680.0,0.45329200000000003
SRR341646,Chinese,19485779.0,13317049.0,0.683424
SRR341696,Chinese,19102038.0,11688060.0,0.611875
SRR341694,Chinese,18927385.0,8353227.0,0.44133
SRR341707,Chinese,18879230.0,10878910.0,0.576237
SRR341695,Chinese,18448950.0,6646985.0,0.360291
SRR341713,Chinese,18326942.0,11482946.0,0.6265609999999999
SRR341699,Chinese,18087223.0,9078610.0,0.501935
SRR341722,Chinese,18065533.0,11489189.0,0.635973
SRR413669,Chinese,17881241.0,10756368.0,0.601545
SRR413668,Chinese,17711437.0,10334334.0,0.583484
SRR341703,Chinese,17645390.0,11777184.0,0.667437
SRR413626,Chinese,17619865.0,9112832.0,0.517191
SRR341720,Chinese,17600344.0,9834158.0,0.5587479999999999
SRR341708,Chinese,17508064.0,12134963.0,0.6931069999999999
SRR341702,Chinese,17428519.0,7878035.0,0.45202
SRR341652,Chinese,17409840.0,10822989.0,0.621659
SRR341698,Chinese,17236599.0,10419670.0,0.604508
SRR341704,Chinese,17235874.0,10806209.0,0.6269600000000001
SRR341705,Chinese,17049357.0,7885426.0,0.46250600000000003
SRR341709,Chinese,16994034.0,9052913.0,0.5327109999999999
SRR341693,Chinese,16839159.0,13174946.0,0.782399
SRR341653,Chinese,16830022.0,12720970.0,0.75585
SRR341724,Chinese,16813807.0,11846796.0,0.704587
SRR341690,Chinese,16604408.0,11298924.0,0.680477
SRR341710,Chinese,16506398.0,10353877.0,0.627264
SRR341716,Chinese,16379891.0,9198272.0,0.561559
SRR341639,Chinese,16222149.0,10620630.0,0.654699
SRR341640,Chinese,16191534.0,12644782.0,0.78095
SRR341715,Chinese,16189812.0,9058358.0,0.5595100000000001
SRR341717,Chinese,16008624.0,10388349.0,0.648922
SRR341706,Chinese,15997230.0,9008136.0,0.563106
SRR341697,Chinese,15992109.0,10857055.0,0.678901
SRR341701,Chinese,15854584.0,11668883.0,0.7359939999999999
SRR413632,Chinese,15840107.0,6806085.0,0.429674
SRR341624,Chinese,15793910.0,12853616.0,0.8138340000000001
SRR413672,Chinese,15735491.0,6533447.0,0.415205
SRR341711,Chinese,15724094.0,8297864.0,0.527717
SRR341644,Chinese,15698592.0,11622376.0,0.740345
SRR341620,Chinese,15597724.0,5892610.0,0.377787
SRR341618,Chinese,15557006.0,9066561.0,0.582796
SRR341636,Chinese,15466924.0,11526801.0,0.745255
SRR341634,Chinese,15463793.0,4430141.0,0.286485
SRR341692,Chinese,15356241.0,7627804.0,0.49672299999999997
SRR341645,Chinese,15068272.0,8005981.0,0.5313140000000001
SRR413671,Chinese,15065840.0,5461682.0,0.362521
SRR341691,Chinese,14950054.0,8900148.0,0.595325
SRR341623,Chinese,14914764.0,8843082.0,0.592908
SRR341712,Chinese,14739345.0,9341500.0,0.63378
SRR341628,Chinese,14664956.0,9195107.0,0.627012
SRR341648,Chinese,14663981.0,7837424.0,0.534468
SRR341631,Chinese,14594641.0,5701984.0,0.39069
SRR341700,Chinese,14587702.0,8192500.0,0.561603
SRR341647,Chinese,14567067.0,6354083.0,0.436195
SRR341642,Chinese,14463211.0,6945759.0,0.48023599999999994
SRR341616,Chinese,14419681.0,10693171.0,0.741568
SRR341629,Chinese,14324615.0,8371723.0,0.584429
SRR341622,Chinese,14284112.0,11720497.0,0.820527
SRR341651,Chinese,14243906.0,10339127.0,0.725863
SRR341630,Chinese,14166756.0,7949218.0,0.561118
SRR341627,Chinese,14098181.0,10044130.0,0.712442
SRR341714,Chinese,13455286.0,8609146.0,0.639834
SRR341621,Chinese,13398539.0,8332686.0,0.6219100000000001
SRR341641,Chinese,13340431.0,7593500.0,0.569209
SRR341626,Chinese,13284751.0,10681336.0,0.80403
SRR341619,Chinese,13108843.0,4450791.0,0.339526
SRR341725,Chinese,12708003.0,8803859.0,0.6927810000000001
SRR341638,Chinese,12447695.0,9186398.0,0.738
SRR341617,Chinese,12298425.0,8557465.0,0.695818
SRR341625,Chinese,12190154.0,5027277.0,0.412405
SRR341718,Chinese,11968827.0,8466653.0,0.707392
SRR341719,Chinese,11874615.0,7023603.0,0.59148
SRR341723,Chinese,11837172.0,8268571.0,0.698526
SRR341635,Chinese,11782255.0,6442956.0,0.546836
SRR341637,Chinese,11729990.0,6164170.0,0.525505
SRR341721,Chinese,11633590.0,5687440.0,0.48888100000000007
DRR127546,Japanese,50276444.0,23817349.0,0.473728
DRR171724,Japanese,42946188.0,26738028.0,0.622594
DRR171783,Japanese,40383932.0,26931569.0,0.666888
DRR171629,Japanese,39520812.0,28567454.0,0.722846
DRR127524,Japanese,39138650.0,18449980.0,0.471401
DRR171741,Japanese,38397016.0,22745099.0,0.592366
DRR171786,Japanese,37802813.0,20815266.0,0.5506270000000001
DRR171640,Japanese,37638462.0,15763869.0,0.41882299999999995
DRR127634,Japanese,36654646.0,20618616.0,0.5625100000000001
DRR171777,Japanese,36167285.0,23779392.0,0.657483
DRR171467,Japanese,35428525.0,23894087.0,0.674431
DRR171733,Japanese,35332935.0,22145585.0,0.6267689999999999
DRR171628,Japanese,34450855.0,23534506.0,0.683133
DRR127731,Japanese,32855419.0,23206235.0,0.706314
DRR171727,Japanese,32735650.0,22178991.0,0.6775180000000001
DRR171953,Japanese,32637263.0,12342598.0,0.378175
DRR171755,Japanese,32224289.0,20318545.0,0.6305350000000001
DRR171964,Japanese,31123519.0,19678504.0,0.632271
DRR127707,Japanese,31065400.0,23830157.0,0.767096
DRR171581,Japanese,30523889.0,21775022.0,0.713376
DRR171617,Japanese,30259542.0,18588480.0,0.614301
DRR171954,Japanese,30164815.0,14690732.0,0.487015
DRR171653,Japanese,30115503.0,13931261.0,0.46259399999999995
DRR171645,Japanese,29991033.0,14150272.0,0.471817
DRR171779,Japanese,29854025.0,14866906.0,0.497987
DRR127724,Japanese,28806746.0,19084889.0,0.662515
DRR171959,Japanese,28797996.0,17553943.0,0.609554
DRR171639,Japanese,28459582.0,17559460.0,0.616996
DRR171747,Japanese,28379772.0,13670396.0,0.481695
DRR171637,Japanese,28270209.0,19601705.0,0.6933699999999999
DRR171762,Japanese,28034460.0,8182965.0,0.29189
DRR171500,Japanese,27988177.0,16086012.0,0.574743
DRR171503,Japanese,27888313.0,18981439.0,0.680623
DRR127751,Japanese,27729463.0,20526943.0,0.740258
DRR171499,Japanese,27664556.0,16004155.0,0.578508
DRR127776,Japanese,27544660.0,17707156.0,0.642853
DRR171642,Japanese,27543323.0,13243663.0,0.48083000000000004
DRR171588,Japanese,27500719.0,15417557.0,0.560624
DRR171770,Japanese,27421537.0,14383878.0,0.524547
DRR171694,Japanese,27254949.0,18116192.0,0.664694
DRR171546,Japanese,27225389.0,17640013.0,0.647925
DRR171610,Japanese,26683664.0,8919394.0,0.334264
DRR127777,Japanese,26638549.0,15661150.0,0.587913
DRR171619,Japanese,26588568.0,18531129.0,0.696959
DRR127728,Japanese,26555359.0,20082135.0,0.7562369999999999
DRR171673,Japanese,26536915.0,16456238.0,0.6201260000000001
DRR171659,Japanese,26418120.0,14058924.0,0.53217
DRR171698,Japanese,26377930.0,10019990.0,0.379863
DRR171616,Japanese,26371392.0,16136025.0,0.611876
DRR127762,Japanese,26304894.0,15150099.0,0.575942
DRR171691,Japanese,26145697.0,16786629.0,0.642042
DRR127756,Japanese,25871537.0,15786142.0,0.610174
DRR171497,Japanese,25735177.0,17671688.0,0.686674
DRR127583,Japanese,25701864.0,15397799.0,0.599093
DRR171594,Japanese,25698155.0,16538286.0,0.643559
DRR171613,Japanese,25631909.0,15739778.0,0.61407
DRR171620,Japanese,25507579.0,16846133.0,0.6604359999999999
DRR171686,Japanese,25399740.0,13975717.0,0.550231
DRR171782,Japanese,25320528.0,16882735.0,0.6667609999999999
DRR127713,Japanese,25319534.0,19481568.0,0.769428
DRR171601,Japanese,25140883.0,12269877.0,0.488045
DRR171631,Japanese,25115056.0,10773405.0,0.428962
DRR171663,Japanese,25097347.0,19815583.0,0.789549
DRR127752,Japanese,24923850.0,19933987.0,0.799796
DRR171606,Japanese,24906710.0,14181344.0,0.5693779999999999
DRR171676,Japanese,24667678.0,11126066.0,0.451038
DRR171965,Japanese,24625541.0,18430813.0,0.7484430000000001
DRR171469,Japanese,24580703.0,14291859.0,0.581426
DRR171791,Japanese,24510663.0,14315140.0,0.584037
DRR171710,Japanese,24434797.0,10244053.0,0.41923999999999995
DRR127763,Japanese,24243805.0,12472203.0,0.5144489999999999
DRR171538,Japanese,24196959.0,14216087.0,0.587515
DRR171641,Japanese,24021221.0,15915214.0,0.6625479999999999
DRR171725,Japanese,23930289.0,15211713.0,0.635668
DRR171608,Japanese,23861316.0,8771889.0,0.36762
DRR171580,Japanese,23746439.0,9382247.0,0.39510100000000004
DRR171651,Japanese,23580542.0,8396199.0,0.356065
DRR171607,Japanese,23539995.0,15792631.0,0.6708850000000001
DRR171957,Japanese,23450047.0,11761637.0,0.5015609999999999
DRR171646,Japanese,23449374.0,15592652.0,0.66495
DRR171655,Japanese,23427827.0,14903488.0,0.636145
DRR171644,Japanese,23406226.0,17879135.0,0.763862
DRR171807,Japanese,23286414.0,18211745.0,0.782076
DRR171648,Japanese,23167101.0,16139935.0,0.696675
DRR171652,Japanese,23166946.0,11842940.0,0.5112
DRR171509,Japanese,23113994.0,6865559.0,0.29703
DRR127616,Japanese,23104697.0,14945392.0,0.6468550000000001
DRR171810,Japanese,22809723.0,14178633.0,0.621605
DRR171572,Japanese,22738965.0,13300504.0,0.584921
DRR171621,Japanese,22601419.0,12071809.0,0.534117
DRR171793,Japanese,22514387.0,12265857.0,0.544801
DRR171657,Japanese,22418492.0,8466944.0,0.377677
DRR127721,Japanese,22403283.0,16337019.0,0.729224
DRR171643,Japanese,22358949.0,15330740.0,0.685665
DRR171506,Japanese,22349032.0,15863889.0,0.709824
DRR127755,Japanese,22231040.0,12396020.0,0.5576
DRR171488,Japanese,22204002.0,19845101.0,0.8937620000000001
DRR171773,Japanese,22110355.0,12963938.0,0.586329
DRR127683,Japanese,22099330.0,18087647.0,0.81847
DRR171598,Japanese,21942911.0,15526085.0,0.7075670000000001
DRR171591,Japanese,21908837.0,9628272.0,0.43946999999999997
DRR171796,Japanese,21887645.0,12007428.0,0.5485939999999999
DRR171737,Japanese,21833640.0,15895852.0,0.7280439999999999
DRR171477,Japanese,21736346.0,15788778.0,0.726377
DRR127672,Japanese,21735663.0,16342945.0,0.751895
DRR171604,Japanese,21544908.0,11586855.0,0.5378
DRR127704,Japanese,21535793.0,16032576.0,0.744462
DRR127628,Japanese,21530453.0,13920766.0,0.646562
DRR171812,Japanese,21432831.0,13335145.0,0.622183
DRR171578,Japanese,21391104.0,14616709.0,0.683308
DRR171711,Japanese,21209823.0,7820759.0,0.368733
DRR162775,Japanese,21037425.0,16699799.0,0.793814
DRR171567,Japanese,21002453.0,10281589.0,0.48954200000000003
DRR127736,Japanese,20954834.0,14786404.0,0.7056319999999999
DRR171662,Japanese,20917165.0,14412202.0,0.689013
DRR127613,Japanese,20888372.0,10149845.0,0.48590900000000004
DRR127537,Japanese,20822740.0,16555758.0,0.795081
DRR127649,Japanese,20822112.0,7849379.0,0.376973
DRR127588,Japanese,20806154.0,14575182.0,0.700523
DRR171592,Japanese,20583843.0,13506529.0,0.656171
DRR171552,Japanese,20368302.0,14920944.0,0.732557
DRR171813,Japanese,20318860.0,13805908.0,0.679463
DRR171599,Japanese,20123644.0,12286171.0,0.610534
DRR171515,Japanese,20117759.0,12184977.0,0.605683
DRR171605,Japanese,19990927.0,11249536.0,0.562732
DRR171656,Japanese,19884484.0,3802678.0,0.19123800000000002
DRR171765,Japanese,19831173.0,13972610.0,0.7045779999999999
DRR171585,Japanese,19761428.0,9832894.0,0.49758
DRR171726,Japanese,19489754.0,11884406.0,0.609777
DRR171700,Japanese,19376320.0,13185653.0,0.680503
DRR127596,Japanese,19329642.0,13208322.0,0.6833199999999999
DRR171801,Japanese,19083549.0,11443573.0,0.5996560000000001
DRR171527,Japanese,19062364.0,12423440.0,0.651726
DRR127692,Japanese,18913671.0,11399944.0,0.6027359999999999
DRR171555,Japanese,18797428.0,11715761.0,0.623264
DRR171587,Japanese,18778661.0,14506136.0,0.77248
DRR171798,Japanese,18759527.0,16473642.0,0.8781479999999999
DRR171816,Japanese,18722532.0,12966880.0,0.6925819999999999
DRR171654,Japanese,18645874.0,11592565.0,0.6217229999999999
DRR127748,Japanese,18322468.0,12553128.0,0.685122
DRR171474,Japanese,18107240.0,13939145.0,0.7698109999999999
DRR127532,Japanese,17995464.0,12521602.0,0.69582
DRR171563,Japanese,17872736.0,12782624.0,0.715202
DRR171763,Japanese,17854778.0,12383931.0,0.693592
DRR171586,Japanese,17806358.0,7996122.0,0.44906
DRR127619,Japanese,17702298.0,13061770.0,0.737857
DRR171487,Japanese,17679335.0,8879243.0,0.502239
DRR171817,Japanese,17405206.0,11998564.0,0.689366
DRR127597,Japanese,17403873.0,8177853.0,0.469887
DRR171569,Japanese,17074214.0,10154522.0,0.594729
DRR171650,Japanese,17062566.0,11065229.0,0.648509
DRR173016,Japanese,17046133.0,11864930.0,0.696048
DRR171571,Japanese,16893865.0,11893489.0,0.704012
DRR171802,Japanese,16621324.0,12022074.0,0.723292
DRR171479,Japanese,16608310.0,13906699.0,0.837334
DRR171772,Japanese,16392703.0,12668109.0,0.77279
DRR162776,Japanese,16390008.0,13208454.0,0.8058850000000001
DRR171514,Japanese,16265328.0,9771386.0,0.600749
DRR171705,Japanese,16146851.0,10385802.0,0.643209
DRR171689,Japanese,15504376.0,9052212.0,0.583849
DRR171513,Japanese,15206453.0,9911884.0,0.651821
DRR171745,Japanese,15064586.0,10859092.0,0.7208359999999999
DRR171771,Japanese,14872334.0,11530507.0,0.775299
DRR171539,Japanese,14544675.0,7214701.0,0.496037
DRR171525,Japanese,14427954.0,9829028.0,0.681249
DRR127535,Japanese,14073316.0,8175704.0,0.580937
DRR127552,Japanese,14053630.0,9738000.0,0.692917
DRR171523,Japanese,13820165.0,8737398.0,0.632221
DRR171568,Japanese,13462641.0,6827232.0,0.507124
DRR171530,Japanese,12697903.0,10317626.0,0.812546
DRR171543,Japanese,11965500.0,7146831.0,0.597286
DRR171517,Japanese,11704341.0,4991375.0,0.42645500000000003
DRR171545,Japanese,11674698.0,4514395.0,0.386682
DRR171647,Japanese,10491211.0,6285164.0,0.599089
DRR171589,Japanese,9784745.0,7339727.0,0.750119
DRR171518,Japanese,8947224.0,6551435.0,0.7322310000000001
DRR171560,Japanese,8206881.0,6780092.0,0.826147
DRR171576,Japanese,365196.0,264774.0,0.725019
ERR011272,European,13803633.0,6353514.0,0.46027799999999996
ERR011128,European,13340954.0,6451893.0,0.483616
ERR011133,European,13322164.0,7970257.0,0.59827
ERR011116,European,13202070.0,4389544.0,0.332489
ERR011119,European,13150535.0,3286943.0,0.24994699999999997
ERR011111,European,13063261.0,3054504.0,0.23382399999999998
ERR011141,European,12803306.0,7994210.0,0.624386
ERR011103,European,12457630.0,5202828.0,0.417642
ERR011104,European,12050244.0,5022658.0,0.41681
ERR011123,European,11692508.0,3081365.0,0.263533
ERR011102,European,11663453.0,4888173.0,0.41910200000000003
ERR011150,European,11437825.0,4861451.0,0.425033
ERR011122,European,11436096.0,3010794.0,0.263271
ERR011110,European,11283866.0,2424506.0,0.214865
ERR011090,European,11165128.0,5116204.0,0.45823100000000005
ERR011115,European,11088421.0,3710350.0,0.334615
ERR011120,European,10882281.0,2739950.0,0.251781
ERR011093,European,10856301.0,4346908.0,0.400404
ERR011148,European,10710991.0,4402932.0,0.411067
ERR011118,European,10688187.0,2386850.0,0.22331700000000002
ERR011121,European,10137535.0,2568395.0,0.253355
ERR011140,European,10092925.0,5802557.0,0.574913
ERR011127,European,10028861.0,4490381.0,0.447746
ERR011094,European,9857947.0,3923223.0,0.397976
ERR011101,European,9565191.0,4043219.0,0.42270100000000005
ERR011132,European,9033688.0,5186687.0,0.574149
ERR011142,European,8958278.0,3474362.0,0.387838
ERR011091,European,7927924.0,3547487.0,0.447467
ERR011236,European,7762038.0,3528684.0,0.454608
ERR011257,European,7487134.0,1958008.0,0.26151599999999997
ERR011239,European,6558325.0,2555391.0,0.38964099999999996
ERR011178,European,6379532.0,2328363.0,0.36497399999999997
ERR011156,European,6320417.0,2946316.0,0.466158
ERR011217,European,6182026.0,3008824.0,0.486705
ERR011241,European,6131114.0,2237807.0,0.364992
ERR011249,European,5873282.0,2364871.0,0.402649
ERR011253,European,5787346.0,2277493.0,0.39353
ERR011251,European,5664675.0,2188616.0,0.386362
ERR011204,European,5661268.0,1296892.0,0.229082
ERR011261,European,5430588.0,1901799.0,0.35020100000000004
ERR011208,European,5267899.0,2147609.0,0.40767800000000004
ERR011168,European,5217506.0,1809636.0,0.346839
ERR011218,European,5142685.0,1286353.0,0.250133
ERR011223,European,5123659.0,2557522.0,0.499159
ERR011117,European,5074359.0,1187902.0,0.23409899999999997
ERR011180,European,5060725.0,2998676.0,0.592539
ERR011114,European,4956408.0,1757417.0,0.354575
ERR011186,European,4937945.0,2533248.0,0.5130170000000001
ERR011206,European,4884970.0,1825326.0,0.373662
ERR011109,European,4876424.0,1129025.0,0.231527
ERR011192,European,4841599.0,1334378.0,0.275607
ERR011131,European,4840212.0,2977796.0,0.61522
ERR011188,European,4826878.0,2865933.0,0.593745
ERR011212,European,4824399.0,2021801.0,0.41907799999999995
ERR011255,European,4792328.0,1856617.0,0.387414
ERR011126,European,4778239.0,2185915.0,0.45747299999999996
ERR011160,European,4703993.0,1167543.0,0.248203
ERR011269,European,4561485.0,2789436.0,0.6115189999999999
ERR011247,European,4497191.0,2232013.0,0.496313
ERR011196,European,4488449.0,1974581.0,0.439925
ERR011092,European,4477651.0,1839494.0,0.410817
ERR011245,European,4423720.0,2463635.0,0.5569149999999999
ERR011256,European,4419948.0,1338922.0,0.302927
ERR011197,European,4318983.0,2058110.0,0.47652700000000003
ERR011089,European,4189554.0,2025991.0,0.48358199999999996
ERR011143,European,4168561.0,1988517.0,0.47702700000000003
ERR011252,European,4102399.0,1580724.0,0.385317
ERR011263,European,4087483.0,1988054.0,0.48637600000000003
ERR011202,European,4076873.0,1239118.0,0.303938
ERR011214,European,3770317.0,1642439.0,0.43562399999999996
ERR011203,European,3673671.0,1454278.0,0.395865
ERR011198,European,3628566.0,1395151.0,0.38449099999999997
ERR011184,European,3611387.0,1430161.0,0.396014
ERR011220,European,3501920.0,2332501.0,0.666063
ERR011228,European,3379402.0,966115.0,0.285883
ERR011222,European,3329256.0,1668158.0,0.5010600000000001
ERR011258,European,3286094.0,893710.0,0.271967
ERR011232,European,3275287.0,1644384.0,0.502058
ERR011230,European,3261374.0,1202261.0,0.368636
ERR011234,European,3229753.0,2224352.0,0.688707
ERR011195,European,2908288.0,1194664.0,0.410779
ERR011226,European,2833780.0,1283742.0,0.45301400000000003
ERR011201,European,2814298.0,1468924.0,0.52195
ERR011265,European,2721403.0,1278680.0,0.469861
ERR011266,European,2683625.0,1271773.0,0.473901
ERR011193,European,2677861.0,896088.0,0.33462800000000004
ERR011237,European,2409499.0,1105172.0,0.45867299999999994
ERR011224,European,2037657.0,649470.0,0.318734
ERR011270,European,2025962.0,1208126.0,0.596322
ERR011210,European,1880358.0,709896.0,0.37753200000000003
ERR011181,European,1753073.0,1111720.0,0.634155
ERR011153,European,1731276.0,726276.0,0.41950299999999996
ERR011216,European,1666612.0,683268.0,0.409974
ERR011268,European,1532180.0,743608.0,0.48532700000000006
ERR011219,European,1471492.0,414083.0,0.281404
ERR011190,European,1471413.0,609805.0,0.41443500000000005
ERR011199,European,1437807.0,615238.0,0.4279
ERR011191,European,1350389.0,580609.0,0.429957
ERR011179,European,1245650.0,446495.0,0.35844299999999996
ERR011231,European,1214606.0,438195.0,0.360771
ERR011162,European,1123868.0,560732.0,0.49893000000000004
ERR011183,European,1098230.0,419173.0,0.381681
ERR011235,European,1088865.0,744525.0,0.683762
ERR011264,European,1073423.0,480063.0,0.447226
ERR011164,European,1058438.0,414640.0,0.39174699999999996
ERR011250,European,1020684.0,459214.0,0.449908
ERR011271,European,969385.0,395947.0,0.408452
ERR011254,European,933633.0,304582.0,0.326233
ERR011207,European,931835.0,397469.0,0.426544
ERR011242,European,868652.0,331704.0,0.381861
ERR011262,European,850384.0,246181.0,0.28949400000000003
ERR011177,European,840403.0,416061.0,0.49507299999999993
ERR011238,European,834964.0,256087.0,0.306704
ERR011205,European,802597.0,212027.0,0.264176
ERR011173,European,791165.0,329394.0,0.41634
ERR011248,European,711208.0,327613.0,0.460643
ERR011200,European,710524.0,296580.0,0.41741000000000006
ERR011211,European,688611.0,262759.0,0.38157800000000003
ERR011233,European,676454.0,275032.0,0.406579
ERR011229,European,664353.0,90462.0,0.136166
ERR011225,European,661992.0,180430.0,0.272556
ERR011227,European,657999.0,225405.0,0.342561
ERR011185,European,651244.0,285034.0,0.437676
ERR011221,European,604184.0,377132.0,0.624201
ERR011240,European,600196.0,223446.0,0.372288
ERR011158,European,561421.0,119393.0,0.212662
ERR011175,European,549908.0,198281.0,0.36057100000000003
ERR011172,European,521497.0,181853.0,0.348713
ERR011209,European,515796.0,203797.0,0.39511199999999996
ERR011187,European,479197.0,259104.0,0.540705
ERR011215,European,467179.0,205853.0,0.44063
ERR011182,European,402924.0,67139.0,0.166629
ERR011189,European,391193.0,232395.0,0.594067
ERR011170,European,381076.0,135661.0,0.355995
ERR011194,European,370959.0,104337.0,0.281263
ERR011171,European,358777.0,179711.0,0.500899
ERR011267,European,354816.0,176888.0,0.49853400000000003
ERR011213,European,339302.0,142097.0,0.418792
ERR011244,European,315958.0,203269.0,0.643342
ERR011246,European,311701.0,168187.0,0.539578
ERR011169,European,278025.0,85203.0,0.306458
ERR011165,European,255810.0,106427.0,0.41603900000000005
ERR011243,European,248908.0,156912.0,0.630402
ERR011167,European,211605.0,89364.0,0.42231499999999994
ERR011176,European,210579.0,83440.0,0.396241
ERR011152,European,206891.0,76266.0,0.368629
ERR011259,European,180131.0,93214.0,0.517479
ERR011174,European,109305.0,18018.0,0.16484100000000002
ERR011166,European,7555.0,1658.0,0.219457
