SampleName,Absiella_dolichum,Acetivibrio_ethanolgignens,Agathobaculum_desmolans,Alistipes_finegoldii,Alistipes_obesi,Alistipes_putredinis,Alistipes_senegalensis,Alistipes_shahii,Alistipes_sp_MarseilleP5997,Alistipes_timonensis,Anaerostipes_hadrus,Anaerotignum_lactatifermentans,Anaerotruncus_colihominis,Angelakisella_massiliensis,Bacteroides_barnesiae,Bacteroides_caccae,Bacteroides_caecimuris,Bacteroides_cellulosilyticus,Bacteroides_coprocola,Bacteroides_coprophilus,Bacteroides_dorei,Bacteroides_faecichinchillae,Bacteroides_fluxus,Bacteroides_fragilis,Bacteroides_helcogenes,Bacteroides_heparinolyticus,Bacteroides_nordii,Bacteroides_ovatus,Bacteroides_pectinophilus,Bacteroides_plebeius,Bacteroides_pyogenes,Bacteroides_reticulotermitis,Bacteroides_salanitronis,Bacteroides_salyersiae,Bacteroides_stercoris,Bacteroides_thetaiotaomicron,Bacteroides_uniformis,Bacteroides_vulgatus,Bacteroides_zoogleoformans,Barnesiella_intestinihominis,Barnesiella_viscericola,Blautia_hansenii,Blautia_obeum,Blautia_sp_N6H115,Butyricicoccus_pullicaecorum,Butyricimonas_sp_H184,Butyrivibrio_crossotus,Clostridiales_bacterium,Clostridium_asparagiforme,Clostridium_bolteae,Clostridium_citroniae,Clostridium_glycyrrhizinilyticum,Clostridium_innocuum,Clostridium_leptum,Clostridium_phoceensis,Clostridium_scindens,Clostridium_sporogenes,Clostridium_symbiosum,Coprobacter_fastidiosus,Coprobacter_secundus,Coprococcus_comes,Coprococcus_eutactus,Culturomica_massiliensis,Dorea_formicigenerans,Dorea_longicatena,Emergencia_timonensis,Erysipelotrichaceae_bacterium,Eubacterium_eligens,Eubacterium_hallii,Eubacterium_ramulus,Eubacterium_rectale,Eubacterium_ventriosum,Faecalibacterium_prausnitzii,Faecalitalea_cylindroides,Flavonifractor_plautii,Fournierella_massiliensis,Fusicatenibacter_saccharivorans,Gemmiger_formicilis,Hungatella_hathewayi,Intestinimonas_butyriciproducens,Lachnospiraceae_bacterium,Lactobacillus_rogosae,Massilioclostridium_coli,Mediterranea_massiliensis,Mordavella_sp_MarseilleP3756,Negativibacillus_massiliensis,Neglecta_timonensis,Odoribacter_laneus,Odoribacter_splanchnicus,Oscillibacter_sp_PEA192,Parabacteroides_distasonis,Parabacteroides_goldsteinii,Parabacteroides_johnsonii,Parabacteroides_sp_CT06,Paraprevotella_xylaniphila,Phocea_massiliensis,Prevotella_stercorea,Prevotellamassilia_timonensis,Pseudoflavonifractor_capillosus,Rikenella_microfusus,Roseburia_faecis,Roseburia_hominis,Roseburia_intestinalis,Roseburia_inulinivorans,Ruminococcus_bicirculans,Ruminococcus_callidus,Ruminococcus_faecis,Ruminococcus_gnavus,Ruminococcus_lactaris,Ruminococcus_torques,Ruthenibacterium_lactatiformans,Subdoligranulum_variabile,Tyzzerella_nexilis,bacterium_LF3,Alistipes_inops,Bilophila_wadsworthia,Bittarella_massiliensis,Blautia_hydrogenotrophica,Blautia_schinkii,Christensenella_minuta,Clostridium_methylpentosum,Collinsella_aerofaciens,Eggerthella_lenta,Faecalicatena_contorta,Gordonibacter_pamelaeae,Holdemania_massiliensis,Lachnoclostridium_phocaeense,Lactonifactor_longoviformis,Marvinbryantia_formatexigens,Merdibacter_massiliensis,Merdimonas_faecis,Prevotella_copri,Provencibacterium_massiliense,Traorella_massiliensis,Eubacterium_siraeum,Intestinibacter_bartlettii,Lachnoclostridium_sp_YL32,Sellimonas_intestinalis,Dysbiotic_Status,sex,age,UniqID,random
MCT_f_0602,121,327,30,444,329,340,321,273,368,276,247,188,330,222,231,220,123,339,203,288,199,188,285,106,117,132,98,209,283,200,222,163,391,335,89,143,200,165,312,206,185,281,177,140,446,251,139,313,275,215,117,194,117,396,275,284,109,71,168,138,189,136,353,176,213,161,115,80,93,147,244,85,436,408,239,345,335,349,168,310,103,44,55,239,102,231,270,213,136,357,278,85,157,239,483,193,343,171,197,239,60,201,85,127,160,469,218,202,286,284,205,92,18,91,507,324,367,97,142,267,347,452,443,304,391,314,54,156,156,433,122,471,164,248,397,227,129,165,0,1,69,294,312.5936902346482
HSM67VID,376,334,281,110,287,273,168,187,195,177,44,213,378,406,108,425,319,58,246,442,108,374,459,347,141,371,82,173,382,251,303,229,191,204,130,346,160,254,233,108,153,321,124,167,212,261,360,171,277,262,293,132,103,241,90,302,212,286,527,360,103,396,165,283,280,412,56,207,47,413,38,269,325,145,141,290,220,177,377,341,342,176,212,439,196,214,312,246,311,92,55,536,317,27,362,218,510,473,246,178,412,379,165,184,149,235,277,164,156,208,162,179,97,223,39,364,413,154,221,374,398,214,82,302,109,192,228,204,433,156,172,540,385,266,558,192,339,212,0,0,7,324,303.96472698984206
SRS019582,238,336,117,392,482,310,328,412,229,280,75,282,477,514,205,255,339,265,118,145,88,138,137,72,234,293,100,244,486,138,345,332,161,100,176,281,316,133,193,106,293,106,53,310,333,421,551,191,76,195,120,33,219,218,283,63,363,241,300,211,94,449,167,254,116,253,286,374,52,240,122,293,195,290,118,457,42,321,210,334,476,369,239,356,295,428,250,529,288,149,174,257,354,128,128,371,194,174,454,336,233,325,307,432,140,210,304,94,326,189,219,427,299,367,518,148,323,78,311,196,442,298,11,110,5,402,313,141,373,444,142,491,524,464,433,2,269,335,0,1,29,179,269.62933153255324
SRS105153,136,44,70,128,514,334,250,374,161,170,121,179,297,386,280,447,253,103,300,492,282,286,283,212,384,369,52,392,247,307,344,289,396,110,341,341,335,303,445,73,348,220,233,123,148,278,143,351,110,162,309,176,376,266,376,163,279,260,152,148,73,207,282,126,232,406,274,23,170,56,280,327,169,526,148,287,199,461,120,114,287,76,277,81,433,234,258,475,269,217,53,187,340,85,101,330,330,438,247,435,345,363,344,378,138,335,126,177,242,255,328,309,71,311,210,3,131,192,228,215,187,126,374,270,433,207,128,309,478,358,209,281,174,226,509,105,234,341,0,0,29,182,277.5686058534992
HSM7J4OL,297,172,177,236,410,311,173,233,142,194,323,50,93,105,481,437,397,214,396,424,349,466,479,237,329,414,370,335,406,446,394,387,233,225,426,197,346,434,493,325,110,274,399,307,57,302,181,69,77,179,115,77,129,152,38,134,107,235,423,200,230,57,119,494,52,357,159,86,293,342,456,313,164,213,339,27,204,114,98,39,22,75,64,451,450,138,115,416,317,248,302,268,345,323,381,97,480,275,28,168,405,189,129,66,325,394,421,304,234,343,103,44,293,333,332,410,210,352,342,478,82,148,237,216,84,73,62,112,363,115,261,196,70,285,174,208,66,229,0,1,6,122,247.40715628895046
MCT_f_0143,474,447,218,165,346,178,171,120,280,239,183,245,49,147,288,231,188,521,132,286,130,380,225,117,70,321,75,94,221,189,361,146,148,46,262,21,310,166,120,89,178,58,72,110,483,210,122,231,299,141,345,415,469,435,259,468,96,110,394,90,32,330,402,165,17,129,103,270,127,102,112,351,234,353,154,329,145,277,207,56,87,32,415,86,313,54,341,294,49,143,176,87,341,125,524,271,112,183,18,170,237,459,480,206,184,207,88,311,487,238,399,167,260,69,20,524,238,188,293,415,437,414,506,303,438,164,413,426,365,379,460,297,478,106,523,284,253,331,0,0,17,133,247.93178643150256
SRS013800,174,54,61,322,425,498,488,437,421,366,62,100,31,111,479,258,435,542,436,334,532,483,401,325,484,512,536,387,224,407,543,500,465,550,458,493,435,282,525,514,472,176,361,114,58,521,132,65,43,66,95,44,68,70,26,75,400,9,543,471,460,53,338,142,71,219,454,226,269,172,84,394,32,421,38,50,354,169,29,69,317,384,382,495,142,86,110,493,473,45,531,463,514,528,556,275,499,532,35,552,290,22,224,148,446,130,136,189,25,66,67,126,21,480,534,331,3,64,14,364,289,289,50,351,35,177,138,4,140,0,1,459,119,208,202,171,315,15,0,1,29,46,264.82033113029104
HSM7J4JF,146,43,372,542,345,196,385,471,222,256,439,510,266,220,402,527,510,200,493,456,270,318,398,421,406,359,359,485,241,451,430,462,312,487,192,370,441,458,419,296,325,272,188,254,228,409,111,7,457,424,378,241,438,71,329,408,199,428,252,116,66,147,482,388,396,285,70,76,421,448,317,493,327,376,377,93,205,206,379,173,330,267,375,305,430,279,244,375,502,342,466,303,401,438,419,349,124,436,138,241,97,31,116,263,99,64,411,434,205,460,448,209,375,221,55,56,260,329,343,378,29,48,424,152,136,143,74,27,521,141,114,201,78,175,56,302,448,58,0,1,9,277,270.73794996931105
MSM9VZLF,227,301,364,131,187,216,169,145,312,175,465,135,110,167,138,147,120,412,176,61,371,146,39,32,182,179,155,72,497,268,191,264,168,224,189,224,179,95,97,386,97,268,183,278,172,57,415,88,228,36,154,397,330,189,262,210,366,147,136,78,216,473,89,197,300,468,130,481,411,328,459,299,354,451,34,144,302,247,271,68,445,462,211,135,453,341,79,192,201,16,106,79,146,70,84,290,98,114,46,120,468,463,470,310,286,483,299,267,360,96,28,272,357,201,171,376,374,315,403,288,411,196,258,421,276,357,193,377,209,400,344,112,194,290,518,411,204,325,0,0,21,308,287.99590604887516
CSM67U9D,519,510,475,488,454,448,476,103,469,354,522,247,400,413,20,395,295,308,18,54,11,331,295,67,208,29,328,174,31,30,106,84,21,286,412,203,295,209,42,71,27,453,401,424,461,25,241,525,449,395,339,204,353,536,513,14,515,76,247,559,499,524,25,426,476,539,469,416,167,58,516,233,481,414,516,528,355,6,10,475,455,228,536,291,541,531,553,54,513,514,88,419,257,311,18,553,31,15,533,54,500,221,259,324,509,529,75,347,464,86,386,455,48,369,490,305,475,473,80,436,543,231,146,438,513,526,457,57,287,547,536,69,456,170,441,490,399,400,0,0,47,27,291.7762162319398
SRS054590,4,224,123,532,269,148,543,483,533,554,286,381,392,49,161,123,187,557,521,270,551,504,367,365,257,492,485,34,435,491,534,306,350,448,288,12,38,306,352,311,520,492,495,450,98,35,449,452,396,341,444,231,499,490,466,400,139,113,156,518,283,374,140,212,16,366,410,120,431,447,472,232,5,419,401,36,81,48,488,219,326,0,81,26,446,45,391,263,171,466,540,447,387,535,444,497,220,475,284,414,106,19,204,79,112,3,246,484,309,476,471,21,506,206,336,222,466,245,20,520,268,20,438,462,45,404,0,320,415,188,403,209,80,316,13,464,331,511,0,0,29,96,250.77346764206314
MCT_f_0155,251,147,389,166,540,422,376,490,376,371,159,205,199,460,440,280,136,363,33,275,81,140,155,135,130,546,377,112,251,544,128,239,369,345,142,166,269,225,137,494,457,326,240,53,300,388,108,168,325,37,63,67,172,67,385,73,115,121,321,334,203,462,464,78,230,309,53,126,192,287,193,72,396,474,80,394,212,355,303,356,97,70,134,424,165,273,67,467,382,235,301,117,393,254,177,169,295,273,427,314,277,235,72,138,234,248,173,3,252,44,230,387,145,158,274,339,250,101,163,230,158,277,215,205,469,233,214,170,369,300,61,234,520,355,435,216,85,54,0,0,37,335,279.1753827999799
SRS019161,274,331,273,243,365,326,234,263,151,536,59,262,61,322,184,358,365,456,268,37,434,112,144,150,270,383,411,298,432,105,347,317,247,236,259,221,313,203,232,430,88,112,40,302,223,217,208,23,26,24,89,179,496,361,49,64,422,83,198,144,369,242,129,168,149,126,211,246,189,223,368,446,152,332,23,179,196,209,87,123,285,468,112,92,193,245,306,441,341,68,124,201,316,135,108,112,202,166,97,154,448,186,283,436,316,364,424,292,241,292,93,172,250,234,197,208,113,163,218,510,426,357,7,168,281,304,132,437,193,286,227,259,195,411,481,141,185,182,0,1,29,307,274.1891262674769
HSM5MD79,28,207,430,443,428,553,487,420,472,523,343,442,498,359,338,210,534,251,539,547,446,538,545,541,502,523,506,495,347,492,404,495,481,509,246,433,483,511,516,326,510,454,179,437,6,532,118,181,510,488,490,394,456,8,145,497,16,513,272,485,72,139,463,133,318,397,217,2,7,438,416,130,283,395,509,137,192,175,471,290,160,8,16,514,101,169,353,535,295,468,554,302,381,545,467,476,506,522,225,548,330,158,186,225,23,19,439,402,196,446,408,164,398,25,400,547,397,20,72,40,366,76,500,495,195,335,24,488,35,30,28,551,22,467,92,428,478,507,0,1,8,167,244.4411647540707
SRS104197,237,458,145,511,527,478,297,376,302,381,83,386,219,272,191,148,415,178,365,401,131,343,420,185,374,183,398,230,443,222,0,291,92,389,132,360,403,325,322,119,169,164,27,390,366,473,253,241,412,202,194,337,222,265,180,197,154,96,384,343,49,229,299,276,259,522,84,339,26,64,393,262,317,206,243,53,352,508,319,76,503,164,376,257,449,239,303,557,124,398,108,367,78,40,351,362,441,281,92,343,182,229,324,134,341,283,79,104,446,107,311,405,301,230,399,16,411,399,357,212,206,16,379,385,373,166,354,311,499,525,314,184,429,506,428,24,347,352,0,0,29,235,287.7876120005233
MSMA26BF,236,306,355,194,311,239,332,223,404,270,265,252,148,177,260,158,270,490,311,73,453,239,76,80,206,231,282,160,440,342,269,283,231,308,101,380,193,190,123,453,170,240,35,223,194,95,408,165,205,21,87,342,202,176,276,127,271,132,212,119,163,519,107,84,139,472,74,280,299,283,353,258,375,471,69,173,208,266,164,130,434,448,146,251,376,272,70,174,239,22,95,92,161,87,125,237,170,159,112,134,459,488,445,340,145,476,234,146,272,55,38,274,377,124,205,283,175,319,412,301,429,206,241,427,86,367,247,366,179,279,360,114,99,368,525,264,154,377,0,0,21,308,270.933547979
CSM9X213,133,141,240,54,155,77,101,102,200,148,407,471,278,336,419,421,273,231,355,392,360,205,361,200,409,390,257,241,309,356,382,328,407,276,310,398,305,349,463,297,215,286,144,234,155,369,152,159,377,184,43,213,131,32,211,358,481,199,267,449,309,126,164,217,22,169,247,399,338,390,229,386,219,359,215,334,250,176,107,158,329,215,127,442,96,156,68,393,109,312,338,320,118,325,277,76,297,306,170,235,429,24,360,312,48,183,47,185,442,56,51,123,128,298,353,53,372,433,302,134,492,137,298,476,303,369,50,307,257,126,163,329,146,291,403,310,183,109,0,0,59,171,238.1142494443909
SRS056259,306,283,192,286,407,294,209,303,201,393,334,177,470,251,207,476,392,383,299,224,441,371,315,460,416,298,533,475,306,308,441,426,341,313,483,497,284,388,332,493,424,373,99,244,221,499,405,145,46,296,218,133,426,197,181,380,1,349,409,395,266,431,354,437,42,459,122,376,159,452,109,350,130,136,15,183,238,202,254,208,454,310,187,168,305,238,143,400,361,85,468,542,428,355,297,316,277,108,251,549,172,311,372,88,105,150,344,175,183,276,271,64,434,115,335,142,109,375,2,308,335,8,32,114,23,478,311,532,515,237,145,363,294,533,483,152,285,2,0,1,29,173,216.12521690388402
SRS142505,549,423,476,486,469,133,560,562,544,562,177,523,549,543,543,0,24,0,210,0,119,187,115,312,451,5,0,0,543,135,4,15,282,230,107,0,0,0,3,266,533,485,398,488,495,312,509,508,417,458,424,503,543,487,372,486,511,506,317,495,390,411,289,458,236,547,525,210,455,502,515,411,393,551,520,510,334,395,549,524,300,206,530,372,509,523,544,17,0,513,0,2,104,32,314,510,317,385,519,562,327,405,370,411,280,363,436,538,404,466,551,462,544,536,32,41,517,443,548,327,512,37,555,531,97,422,528,545,538,541,506,31,527,529,560,498,528,533,0,0,29,4,300.4171792113446
ESM5MEBS,502,404,415,68,104,39,162,80,305,313,115,371,58,189,354,72,11,145,19,46,14,129,38,52,382,487,143,17,222,23,435,507,335,42,32,14,13,10,511,232,341,403,1,422,405,64,350,8,426,275,404,388,465,239,67,455,431,288,382,389,95,341,259,114,131,461,407,116,95,146,15,182,12,407,132,289,12,78,391,137,3,225,453,52,398,181,411,378,76,11,71,376,58,34,346,402,282,287,214,498,80,46,52,19,211,330,59,323,254,222,88,149,135,391,462,257,502,421,543,448,474,250,476,484,547,461,462,536,530,514,454,409,472,501,357,439,460,471,0,0,1,29,289.542745158144
MCT_f_0512,388,290,370,213,120,62,240,148,504,352,194,230,411,446,349,26,215,129,243,298,152,80,43,111,178,15,537,49,367,137,144,59,109,64,136,208,30,242,345,175,129,292,285,98,369,52,473,394,333,257,392,83,134,238,472,353,276,463,108,108,214,384,245,139,169,542,20,261,98,281,183,429,452,400,233,434,209,497,367,437,506,431,481,509,445,165,199,167,97,324,411,113,384,383,305,410,479,508,462,30,135,354,335,303,323,346,194,130,46,100,388,402,314,133,268,291,314,368,59,449,446,243,390,523,167,326,458,376,476,515,457,539,483,534,561,65,283,296,0,0,40,126,235.69397173009932
HSM67VIF,501,400,360,93,313,247,126,142,153,161,98,281,414,397,97,405,221,45,94,319,51,247,352,269,91,217,63,95,496,153,221,150,121,133,77,270,135,180,189,95,112,304,45,212,247,228,453,220,196,250,233,80,135,352,99,156,337,259,509,326,104,418,132,329,183,400,101,330,64,436,66,284,265,224,216,364,182,211,374,322,426,193,179,369,209,265,363,245,231,140,40,494,280,23,317,309,497,425,220,152,247,361,193,209,144,285,237,155,181,243,199,277,182,176,184,409,448,253,245,454,369,245,205,232,74,185,305,335,442,224,137,521,279,341,489,112,341,329,0,0,7,324,248.63143387911262
CSM79HHU,502,404,415,68,104,39,162,80,305,313,115,371,58,189,354,72,11,145,19,46,14,129,38,52,382,487,143,17,222,23,435,507,335,42,32,14,13,10,511,232,341,403,1,422,405,64,350,8,426,275,404,388,465,239,67,455,431,288,382,389,95,341,259,114,131,461,407,116,95,146,15,182,12,407,132,289,12,78,391,137,3,225,453,52,398,181,411,378,76,11,71,376,58,34,346,402,282,287,214,498,80,46,52,19,211,330,59,323,254,222,88,149,135,391,462,257,502,421,543,448,474,250,476,484,547,461,462,536,530,514,454,409,472,501,357,439,460,471,0,0,49,158,238.7844858377965
SRS077335,5,326,330,301,204,152,515,553,458,504,290,334,120,180,355,549,266,492,415,524,451,400,492,478,393,454,247,42,187,413,503,6,379,446,367,317,376,519,490,545,393,81,219,295,266,515,255,338,355,14,108,308,458,440,277,299,408,8,555,549,97,208,456,58,0,130,419,490,168,144,451,321,224,77,380,159,98,525,44,161,184,519,2,488,243,36,156,367,451,438,428,496,212,536,184,414,476,329,139,520,474,332,161,493,478,268,206,365,80,137,353,160,446,463,552,19,446,2,23,229,276,544,477,6,509,449,435,262,2,457,315,221,226,3,308,319,50,443,0,0,29,305,277.6916801841159
MCT_f_0137,473,474,160,336,510,393,405,353,439,424,105,370,158,390,387,343,311,538,182,312,265,444,291,191,165,310,130,176,99,274,397,18,333,80,339,51,361,251,160,257,333,53,70,60,455,397,54,387,358,193,298,360,150,180,414,202,113,95,502,183,14,223,479,103,11,327,8,312,57,8,128,93,429,461,263,467,64,328,209,260,20,53,295,204,166,50,271,361,98,439,191,76,366,172,547,251,190,255,240,407,99,224,327,38,59,142,43,273,437,145,348,292,300,83,201,430,172,75,465,457,513,396,535,316,445,318,176,453,262,442,327,255,499,142,538,222,75,43,0,0,17,133,289.28086223318866
PSM6XBS8,461,296,57,51,282,201,102,158,91,117,475,466,119,33,423,185,198,127,197,356,364,357,281,217,485,368,254,299,272,78,263,371,257,347,496,169,315,445,300,458,266,302,376,363,77,200,199,49,51,408,316,348,349,45,46,53,301,49,469,145,476,131,422,315,435,378,418,390,481,506,331,404,397,462,241,370,288,238,141,19,206,510,50,114,293,21,58,372,112,137,404,218,318,402,506,62,288,363,22,296,382,165,130,394,134,98,259,327,232,47,48,70,363,444,269,266,27,90,392,278,119,327,356,388,108,269,60,223,372,294,139,388,341,183,42,233,308,243,0,1,10,113,267.0411636779804
SRS016267,540,170,362,312,427,313,393,452,185,401,349,105,113,28,351,211,524,288,511,470,273,391,422,543,460,473,461,518,137,422,526,508,411,426,439,511,74,85,515,511,445,412,216,427,80,488,273,389,226,342,332,506,356,0,377,278,519,20,177,376,343,98,442,285,278,135,468,454,309,84,14,134,37,410,389,14,266,54,94,26,277,473,192,287,181,312,106,436,390,224,553,458,198,537,243,462,322,358,9,247,343,121,430,323,146,2,72,502,200,396,46,9,507,482,425,450,5,277,397,139,221,381,491,136,43,256,89,284,186,171,161,367,1,2,12,28,351,318,0,1,29,99,316.45809981405216
HSM7CYX6,524,547,542,6,18,121,23,10,52,83,543,20,463,535,49,2,318,9,83,184,0,7,160,544,27,49,457,1,549,159,48,109,42,174,335,28,554,1,544,39,50,552,529,549,555,146,516,532,542,547,536,500,534,554,557,539,548,540,61,41,518,560,52,525,511,52,544,545,546,1,548,562,550,512,547,551,557,24,505,556,554,559,525,118,558,559,525,86,9,535,558,477,553,554,43,13,56,29,508,88,544,544,557,543,554,554,557,553,532,521,525,542,527,549,139,111,552,538,112,64,550,99,174,39,243,45,526,81,546,554,561,91,556,542,127,550,505,556,0,1,2,250,293.0977872791247
MCT_f_0363,214,24,72,541,275,415,525,545,444,509,54,94,419,365,158,319,386,51,273,363,330,226,210,428,154,102,440,249,79,204,369,160,111,254,85,273,270,27,140,457,278,181,41,10,201,438,43,250,331,233,249,16,371,270,328,416,78,138,127,244,175,70,417,105,56,280,107,307,17,72,157,29,381,258,167,297,426,311,298,344,68,376,379,94,87,433,203,464,272,271,41,356,92,49,251,219,381,71,339,408,30,362,55,123,181,479,266,51,109,230,405,244,6,110,449,367,359,151,151,363,263,406,403,215,531,201,360,401,165,427,246,289,373,469,527,186,70,425,0,0,18,293,276.39348715914207
HSMA33JD,426,432,471,439,284,516,237,447,243,423,268,249,81,191,215,511,389,135,405,460,143,537,265,218,389,141,307,236,488,188,100,30,73,460,407,274,337,170,241,538,508,425,488,480,119,104,216,493,161,473,477,542,340,504,383,10,494,464,466,464,169,34,290,415,423,5,360,0,536,387,523,272,449,1,504,474,188,46,482,484,271,3,377,308,337,53,125,279,539,414,500,142,283,480,434,494,221,165,182,467,467,385,355,13,308,451,529,440,423,522,80,468,344,349,432,343,405,520,44,458,308,44,97,519,124,496,456,24,225,13,428,41,375,498,50,438,387,361,0,1,6,122,279.60882279924493
SRS053649,91,185,68,251,531,469,429,497,334,388,64,141,236,226,470,346,380,533,445,115,390,329,206,277,412,515,248,460,280,349,535,457,506,534,343,464,444,471,496,499,432,325,63,169,217,536,223,89,105,229,34,79,92,272,114,1,330,80,498,473,150,309,397,292,181,306,335,291,13,137,232,202,108,133,83,90,33,472,39,230,252,311,144,434,327,217,273,446,357,124,479,504,467,455,557,412,360,468,101,497,85,269,389,242,436,193,187,118,20,200,221,210,167,394,346,193,266,161,8,409,216,375,44,1,465,133,259,1,249,213,265,410,233,134,297,315,33,10,0,0,29,160,278.0518452526978
CSM79HOL,492,527,511,306,265,466,540,257,281,501,517,307,352,395,24,219,178,187,201,349,53,3,298,10,216,211,148,278,391,57,26,90,24,333,337,55,261,304,45,19,167,449,497,445,524,49,154,540,486,441,482,66,512,515,549,251,552,433,40,543,502,536,28,281,523,318,513,532,346,470,524,285,512,19,513,492,446,7,442,549,534,377,531,22,542,534,542,181,301,528,83,281,202,101,22,496,35,17,550,58,539,478,337,342,431,327,8,401,312,250,377,429,5,509,532,277,496,507,82,549,486,265,149,376,207,539,454,60,38,553,548,71,297,436,313,489,477,82,0,0,47,27,226.8419173400602
HSM7J4O9,20,407,487,545,212,528,364,515,374,368,395,233,515,294,234,454,214,97,60,322,155,219,423,101,432,400,29,368,0,106,142,61,8,145,500,357,512,470,454,306,12,119,483,403,384,175,101,477,471,427,421,99,9,525,481,509,10,401,21,7,160,99,6,227,384,550,21,321,528,11,452,491,505,5,488,198,418,507,409,519,77,326,455,411,264,511,540,288,519,517,371,559,532,481,148,500,403,148,430,31,15,425,101,47,346,485,12,318,0,485,534,495,160,173,371,151,535,498,524,524,498,560,534,298,500,494,379,35,25,259,440,422,512,20,530,455,420,478,0,1,5,144,281.8283730301788
SRS052697,177,236,115,302,111,224,290,413,156,251,157,241,308,373,203,217,83,390,189,32,100,90,123,90,224,221,113,222,357,104,212,335,372,177,373,289,256,172,252,436,134,158,131,150,209,173,324,225,138,13,22,52,251,112,216,155,356,320,517,98,392,441,319,396,302,419,404,436,75,117,385,395,120,116,58,403,232,338,18,237,365,251,343,67,356,332,177,193,256,51,125,163,296,103,146,98,86,191,216,429,128,207,183,268,142,373,243,81,467,278,179,337,193,442,527,156,89,297,241,129,507,276,203,120,277,350,270,271,405,187,196,121,329,394,444,94,224,187,0,0,29,236,266.19311698980493
SRS142890,102,321,270,415,502,369,263,320,364,304,84,45,289,228,262,278,388,260,269,325,120,202,116,81,325,279,259,263,177,301,210,255,213,123,314,236,194,253,297,247,314,47,85,365,271,289,239,99,74,52,136,102,192,311,218,62,244,133,503,516,146,230,312,218,254,206,187,349,100,192,268,300,161,100,200,335,71,381,21,214,361,368,148,225,190,270,208,277,193,364,244,194,179,242,227,278,132,69,84,326,112,461,80,231,439,320,273,63,59,448,165,192,168,225,411,280,231,227,164,127,436,373,236,74,285,216,85,143,236,209,134,173,115,140,195,167,132,131,0,1,29,51,304.5667490831523
SRS015960,299,39,164,445,512,496,467,399,468,541,235,183,503,291,240,469,451,463,417,302,448,491,362,454,465,399,493,510,262,338,444,434,329,367,423,454,410,398,415,541,481,334,22,188,315,481,425,315,64,308,125,171,424,259,270,172,2,384,392,472,217,463,323,220,62,423,259,179,117,331,95,263,142,73,128,215,142,244,340,340,108,291,220,280,208,286,267,455,430,321,518,526,485,412,233,144,313,127,385,557,122,248,464,62,109,240,385,190,87,336,364,133,302,1,410,435,203,403,6,285,258,15,42,220,394,395,126,444,519,183,0,300,365,527,510,22,257,8,0,1,29,152,289.5839346514556
MCT_f_0364,186,31,81,446,119,283,451,493,307,416,128,175,478,358,137,164,407,53,314,262,456,195,117,411,188,146,462,276,166,217,459,201,70,239,61,400,280,56,126,452,263,50,122,33,222,194,77,267,256,218,114,20,352,268,281,421,86,155,259,218,155,49,223,124,65,183,47,244,188,142,164,25,316,163,114,257,385,293,193,385,210,406,345,64,44,345,118,510,395,165,48,338,119,62,120,199,414,57,312,428,16,304,54,39,193,389,211,72,122,194,275,308,14,138,366,419,267,52,196,332,385,321,305,464,473,298,370,416,245,308,151,249,396,454,535,172,131,392,0,0,18,293,324.3503907724322
MCT_f_0426,80,203,16,354,213,426,299,453,238,321,156,84,200,92,383,277,297,137,348,335,397,248,447,102,318,327,333,184,82,427,346,277,419,302,461,227,348,241,109,471,387,149,302,184,179,237,285,70,238,177,221,219,51,118,423,186,224,10,183,394,139,279,432,82,160,140,81,162,136,51,71,113,284,118,137,136,306,384,59,251,170,143,347,466,90,263,100,229,366,96,310,138,267,269,293,154,379,391,116,464,385,303,79,125,344,384,268,87,294,49,76,145,44,103,292,349,136,148,330,213,89,286,275,104,403,176,334,397,375,165,52,131,154,88,534,132,80,255,0,1,31,161,262.3875897275471
SRS050925,353,312,344,417,398,386,353,434,216,347,74,76,442,169,224,342,367,121,249,105,388,266,198,244,377,208,413,342,353,203,365,370,320,269,418,290,257,141,238,193,193,197,59,174,500,296,407,156,158,34,58,246,342,203,247,394,335,217,144,536,213,500,139,347,96,187,241,294,62,256,413,307,158,356,54,82,123,288,80,314,341,411,68,181,72,80,210,165,394,112,175,230,456,245,285,109,115,52,241,382,359,250,392,336,342,211,274,119,165,298,184,215,224,301,438,166,161,72,156,156,112,205,216,283,7,85,90,188,303,118,123,271,116,264,260,170,220,171,0,1,29,213,254.2521720358448
HSM67VHS,105,316,74,229,360,445,207,380,106,259,145,62,303,42,476,532,423,122,388,489,261,289,438,264,343,346,170,435,107,305,362,355,380,471,279,255,217,465,174,338,421,195,74,160,118,472,133,243,262,178,234,58,61,86,160,77,455,213,471,333,363,187,488,297,141,411,369,232,208,412,311,79,365,493,198,228,87,237,133,188,360,175,106,334,156,198,489,516,472,84,381,259,433,400,363,81,356,205,50,516,108,470,117,212,70,111,239,337,17,307,33,122,110,410,442,452,167,62,184,100,182,189,87,265,114,299,191,133,253,252,81,237,95,110,418,398,82,51,0,0,9,61,300.1685162267841
CSM9X23H,139,98,232,36,245,47,100,38,84,39,280,313,388,476,485,426,448,364,438,477,421,382,499,275,514,521,477,433,250,450,509,480,520,447,420,484,446,392,541,337,392,213,104,272,476,493,165,353,210,110,178,212,42,43,129,319,452,81,358,500,122,59,318,295,13,307,134,303,161,203,67,289,291,488,331,453,284,239,219,324,198,287,111,515,179,242,90,450,191,405,431,385,184,432,389,69,438,431,418,295,439,267,340,200,14,314,26,211,317,10,71,219,31,203,237,78,429,458,219,120,520,140,387,360,448,415,56,332,149,110,276,414,269,392,73,358,107,70,0,0,59,171,265.72208229291476
MCT_f_0292,326,511,375,244,178,162,135,69,291,31,491,514,458,385,484,170,507,243,497,501,533,332,510,342,269,167,520,473,374,299,238,447,268,237,233,215,72,440,215,243,381,346,446,449,28,477,104,496,470,448,441,510,483,31,335,454,114,451,335,417,494,162,533,66,502,421,294,146,85,46,19,151,9,355,515,202,35,47,418,23,194,226,164,463,379,160,9,504,151,459,180,9,238,140,475,50,492,505,416,360,435,32,497,171,12,164,129,503,125,459,485,28,332,236,241,68,34,244,271,25,248,166,544,402,418,21,282,514,146,392,346,433,356,121,65,415,458,356,0,1,20,92,286.17690429145125
MSM6J2II,409,159,384,397,85,270,119,44,94,160,464,379,497,393,148,266,86,34,63,94,135,22,70,25,196,258,40,77,307,122,116,135,112,131,266,103,183,112,317,103,84,424,380,381,348,123,42,460,515,453,465,329,397,539,427,480,309,419,87,94,51,106,187,75,309,556,252,264,254,87,144,100,230,252,420,338,121,102,430,384,12,92,458,66,251,374,545,117,29,432,29,81,162,19,471,444,78,236,266,126,253,318,10,18,69,62,308,294,110,404,421,198,153,208,173,523,425,229,497,499,406,122,417,472,280,437,357,449,506,447,380,197,399,232,427,325,509,429,0,0,25,194,286.2016303192883
SRS140645,556,544,481,269,555,449,516,451,33,62,493,551,530,510,535,517,555,479,557,558,553,542,556,539,536,561,557,557,487,554,544,553,549,559,379,558,521,441,561,372,30,548,506,531,508,549,6,499,10,489,13,546,525,523,470,17,23,0,537,558,506,6,559,446,1,544,509,3,518,518,492,1,44,541,529,500,404,184,11,3,414,10,20,559,494,478,533,541,529,117,350,545,542,544,514,8,557,549,497,559,288,1,402,355,386,22,491,550,459,548,547,0,549,32,536,460,47,22,83,46,56,82,150,547,208,35,507,61,39,40,30,486,23,38,100,75,535,83,0,0,29,183,280.6196936528006
MCT_f_0395,135,276,9,159,449,456,460,485,414,283,339,337,95,271,360,165,142,371,383,539,302,100,178,170,119,243,76,150,96,447,204,49,439,217,159,220,304,30,302,396,453,57,108,214,311,255,45,81,133,127,263,155,5,199,18,121,209,66,146,517,98,213,409,53,283,78,85,201,205,124,86,261,384,90,171,291,316,299,385,352,321,137,227,325,29,256,56,307,276,101,104,263,286,105,407,267,418,525,198,502,296,116,23,10,320,502,155,12,14,149,282,261,46,148,513,499,384,269,423,128,325,464,434,209,518,319,203,235,100,192,20,535,171,457,352,253,241,256,0,0,29,278,256.8908174517108
MSM79HAL,369,195,165,478,549,235,431,475,392,487,205,48,416,63,92,362,146,237,21,192,362,62,373,24,530,370,508,147,34,368,311,76,83,294,393,107,457,296,190,380,408,366,11,294,78,455,442,270,387,194,290,74,139,398,245,425,428,43,166,551,76,351,15,28,112,220,329,112,400,7,46,107,413,121,212,52,52,252,263,433,85,115,407,186,118,400,484,44,307,234,491,556,383,484,481,475,508,215,333,43,452,140,121,9,292,388,7,160,18,147,235,457,4,328,94,436,451,354,325,362,467,548,282,91,436,200,345,116,215,27,141,467,511,28,468,470,291,288,0,1,72,337,287.60988466786165
SRS016018,257,70,38,509,357,507,506,511,527,526,8,125,360,354,324,370,317,473,286,207,496,392,321,333,445,449,491,264,145,343,452,324,357,373,344,355,402,118,448,546,478,36,190,187,388,486,304,121,95,235,78,277,406,170,130,231,273,200,304,435,46,297,496,225,61,256,105,141,36,44,180,184,45,176,99,188,20,417,163,398,349,68,101,339,222,377,259,373,407,331,134,443,497,165,349,273,345,452,151,505,212,115,226,327,423,194,73,245,69,337,172,314,129,154,427,348,88,59,223,176,380,4,29,67,426,168,130,355,122,334,269,273,411,398,272,14,15,190,0,1,29,253,300.8462705031207
MSMAPC66,213,190,366,164,68,156,127,237,115,409,478,118,137,304,307,243,51,95,110,230,129,190,170,26,121,230,206,84,169,201,177,157,103,48,300,162,80,119,211,333,199,330,397,281,169,218,330,215,269,70,133,301,236,293,419,305,165,204,186,249,361,460,235,264,481,424,87,176,469,299,153,270,150,260,176,304,407,154,336,308,423,166,416,238,439,333,308,231,160,119,196,420,158,133,486,261,169,277,322,137,274,292,359,185,217,488,291,145,346,109,260,213,208,205,320,32,205,210,443,261,240,351,207,435,275,363,262,225,367,331,416,162,240,449,548,251,233,428,0,0,45,142,269.957040080339
HSM7J4KM,396,365,35,94,67,176,74,96,419,113,260,459,222,342,198,350,66,147,196,261,110,122,161,236,52,127,165,45,289,253,98,278,122,58,195,98,67,247,187,367,104,442,337,301,203,214,362,96,139,394,357,419,336,30,121,101,445,345,415,130,209,88,209,326,432,546,474,88,321,430,349,472,439,385,130,388,228,442,245,121,212,89,435,496,485,32,254,395,142,19,136,179,155,97,464,86,509,499,80,195,157,166,180,483,151,232,497,453,210,202,63,290,397,504,22,223,206,145,280,111,90,339,252,92,78,309,283,519,529,182,107,506,252,519,257,459,318,159,0,1,10,101,302.3153944870459
MCT_f_0599,317,59,394,441,276,400,272,167,438,344,397,405,13,37,448,341,368,238,435,422,417,369,491,286,281,463,352,370,45,373,421,378,526,395,178,308,467,328,476,236,350,226,270,386,65,431,1,384,42,75,67,236,41,101,374,180,108,18,325,309,250,46,400,299,306,106,188,37,397,371,328,27,277,406,189,42,460,265,31,42,50,28,136,404,28,25,305,380,240,229,414,279,375,393,310,70,455,201,61,337,27,145,36,21,130,112,340,258,56,317,23,19,8,191,537,520,201,113,374,344,109,489,499,309,413,68,86,108,173,343,46,393,161,98,194,352,109,128,0,1,69,294,270.74449831002903
HSMA33RF,23,353,506,495,165,257,174,331,197,355,376,463,102,82,122,157,498,247,143,166,326,96,42,231,8,18,1,108,200,431,13,69,11,442,511,25,66,99,28,4,13,497,480,521,428,31,501,487,534,539,502,480,355,288,449,511,502,525,522,11,525,368,11,559,554,111,492,475,471,543,543,430,435,7,480,21,547,82,532,500,539,371,428,347,540,470,510,38,398,412,25,12,83,20,463,455,396,312,511,36,472,316,261,478,514,497,494,504,538,519,12,466,505,378,474,211,294,546,64,545,403,488,449,452,182,481,509,318,510,21,522,530,130,23,242,450,474,75,0,1,9,64,280.0343157024596
SRS013476,387,329,241,173,382,237,212,275,264,178,291,160,165,379,181,275,99,512,228,134,471,144,143,300,262,142,67,166,491,184,109,302,269,78,113,141,151,91,281,150,238,187,232,129,126,111,559,128,40,134,128,82,347,121,31,348,476,276,494,257,408,392,213,178,153,445,396,396,79,327,173,326,116,298,4,327,242,419,179,246,380,450,461,103,382,330,116,549,363,20,74,133,274,28,299,90,197,324,302,251,280,230,243,211,396,261,144,150,220,342,102,343,477,443,209,160,128,280,301,314,207,212,8,300,486,77,152,199,403,242,102,145,229,289,295,147,259,127,0,1,29,201,264.8870550679482
HSM6XRTG,256,192,380,248,146,325,191,139,473,242,195,289,451,269,202,324,322,85,265,131,171,192,75,109,248,268,146,216,189,236,200,11,130,291,229,369,275,237,220,212,312,355,100,85,137,298,260,363,395,251,433,92,125,520,333,175,377,315,352,153,63,152,283,109,216,511,302,278,153,382,24,405,428,440,284,347,135,308,381,262,444,117,116,546,91,462,406,238,236,375,246,147,94,367,130,384,463,540,188,459,380,449,111,259,163,400,179,352,19,266,257,333,231,354,24,477,154,159,458,12,229,232,69,276,80,388,219,409,217,233,313,542,444,165,531,273,345,419,0,0,0,186,258.9706739140004
SRS047044,513,390,378,332,402,525,466,521,547,410,384,394,523,462,509,528,429,310,528,305,350,415,293,299,308,478,473,305,541,548,457,455,472,517,400,420,308,464,462,388,326,352,347,9,357,506,471,291,326,387,8,340,490,331,309,7,459,380,534,521,454,365,435,488,465,333,486,519,363,460,470,513,247,483,101,410,432,538,423,419,543,544,484,549,495,281,1,532,516,367,439,462,528,397,541,285,502,546,401,2,292,374,418,480,502,454,503,343,451,253,432,411,427,510,28,310,21,11,38,538,17,467,75,14,92,476,7,16,14,8,439,559,461,9,455,45,68,38,0,1,29,0,271.6062968082768
SRS011302,514,428,0,406,455,453,311,345,511,324,264,480,533,542,446,309,186,233,350,421,208,449,436,211,311,459,470,227,522,528,5,28,448,310,382,156,301,302,7,504,495,414,423,12,516,270,512,470,5,401,401,319,492,444,320,435,430,403,12,2,456,518,350,435,340,533,351,239,340,515,336,439,437,511,192,514,262,500,356,487,381,350,521,427,455,510,503,474,352,275,154,452,306,182,364,405,8,260,491,7,364,479,429,490,560,499,489,314,295,311,475,454,481,496,531,49,493,425,551,555,536,43,95,498,122,479,490,531,19,543,479,40,546,549,398,56,87,55,0,0,29,214,252.3585439623233
SRS051882,463,357,20,226,89,272,302,405,265,292,80,418,29,25,259,378,361,131,212,273,137,281,306,145,347,446,160,365,343,136,419,385,280,216,128,246,192,321,270,258,318,233,189,242,23,297,174,137,276,25,278,184,44,335,52,164,60,21,231,239,134,73,191,325,282,238,147,156,272,169,395,372,29,331,135,25,353,300,239,320,130,244,67,141,83,104,150,462,290,358,420,330,388,396,332,221,207,413,23,456,333,246,174,251,459,343,365,274,357,355,39,159,309,305,383,226,72,41,162,477,245,187,254,259,298,90,58,212,175,108,89,323,205,139,191,123,319,120,0,0,29,156,294.1812088969759
SRS024265,302,255,8,271,397,265,216,260,519,234,41,398,448,508,489,409,143,244,331,407,193,416,371,196,334,429,469,186,156,539,256,377,436,243,411,73,271,297,424,431,504,202,94,103,310,347,433,335,27,135,138,54,298,430,102,252,91,254,241,168,226,412,343,318,108,432,90,195,133,403,204,237,173,110,8,376,73,199,136,335,281,173,446,462,224,352,293,499,320,108,177,466,178,241,405,47,211,288,248,291,236,258,304,228,545,436,295,38,126,279,126,116,305,322,397,138,216,267,517,271,480,162,31,233,22,260,340,200,208,466,363,290,508,507,259,15,19,214,0,0,29,208,288.8503520056091
SRS077502,488,264,386,119,442,99,285,480,140,323,476,128,306,262,107,497,254,89,34,138,177,21,127,168,192,260,81,350,356,140,218,298,337,55,42,104,299,347,156,91,145,340,350,368,141,58,423,411,464,360,86,477,393,379,57,263,473,319,143,106,114,278,75,359,23,164,465,395,450,217,475,54,243,499,360,104,452,518,251,449,27,504,280,45,160,365,304,0,409,257,60,202,110,63,333,445,255,362,66,469,183,458,366,71,381,149,148,463,212,393,433,271,496,487,198,4,461,243,379,233,331,526,505,133,387,384,240,229,103,287,409,5,428,419,233,462,423,521,0,1,29,16,309.9365252596307
HSM6XRQM,517,519,517,89,5,238,12,6,38,65,539,435,536,280,500,509,473,418,474,415,354,548,550,434,19,33,358,513,518,533,30,438,28,542,170,427,486,482,48,21,33,486,505,497,551,454,464,441,528,498,553,2,436,557,542,548,27,472,42,26,511,530,373,546,536,290,489,434,501,535,457,3,89,24,553,539,533,10,508,507,525,548,516,508,554,525,500,419,532,522,559,499,62,527,25,545,38,405,546,63,477,505,531,520,461,26,474,551,497,551,526,488,538,37,112,101,49,501,516,518,545,183,153,546,214,37,27,526,539,45,550,74,453,43,105,536,498,510,0,0,10,147,276.29111410305603
MSM79HF3,315,120,62,169,334,42,199,200,177,233,361,445,201,485,86,224,18,31,100,123,183,170,214,14,282,205,99,32,459,190,175,129,158,36,186,23,133,69,223,339,135,171,151,181,296,115,436,341,176,176,98,177,450,362,217,176,89,243,104,285,348,471,77,156,294,476,174,242,149,266,407,417,218,241,77,242,164,416,333,395,92,392,469,88,415,493,437,154,154,44,303,521,123,208,356,224,239,243,273,151,323,240,249,285,235,197,290,198,299,357,357,366,416,135,185,296,412,339,370,528,420,450,222,336,314,349,245,243,147,426,138,333,253,405,500,289,274,186,0,1,72,337,305.7907752595747
SRS011084,420,149,97,504,435,420,333,444,149,465,25,194,194,357,150,259,125,107,359,150,204,174,88,368,277,264,193,190,181,220,232,222,254,135,477,318,252,326,338,518,327,317,249,305,143,216,280,251,52,163,267,32,144,184,56,221,198,158,422,268,88,465,330,164,83,487,228,298,91,178,221,225,225,230,71,274,109,399,190,315,140,73,262,193,81,77,120,506,391,128,409,197,394,320,289,183,0,66,305,430,231,324,318,402,453,244,228,60,115,192,234,418,356,280,327,197,139,401,217,348,445,480,302,415,400,383,409,375,213,276,207,188,386,318,231,6,189,145,0,1,29,125,305.0867420075819
MCT_f_0245,352,34,135,508,547,519,504,498,557,533,221,256,401,435,436,39,260,402,477,225,337,296,174,195,228,184,375,175,237,288,245,187,167,203,76,142,296,174,159,291,556,80,254,40,290,364,303,196,85,116,213,225,154,123,287,129,418,227,141,346,293,151,438,13,260,352,43,77,107,70,340,70,364,503,163,377,183,408,208,382,26,146,266,275,215,268,443,343,432,190,362,59,54,301,221,268,154,221,426,544,37,398,113,305,411,304,55,84,83,95,131,335,75,97,506,279,430,137,364,286,422,149,470,254,537,347,143,162,430,419,202,230,400,425,258,50,78,48,0,0,16,111,295.8310975264992
CSM67U9J,276,339,395,96,118,17,70,3,23,52,453,537,532,264,375,420,208,43,234,406,308,425,191,489,350,226,69,11,122,322,442,254,346,358,99,506,533,459,320,113,106,464,192,434,162,495,99,484,499,514,448,483,223,452,502,365,68,402,488,491,269,164,177,87,242,534,173,57,425,171,48,414,102,119,499,175,431,88,422,441,115,124,489,80,385,467,186,406,59,475,151,312,321,291,352,406,466,245,323,294,431,239,145,316,368,201,176,320,399,419,515,162,318,116,394,90,343,307,499,35,427,72,400,454,385,266,461,419,517,149,351,60,219,488,238,68,543,426,0,0,55,20,285.2468985447661
CSM9X219,42,512,465,3,54,19,16,47,41,71,521,541,284,102,165,515,447,75,109,532,484,127,336,118,497,450,524,356,171,77,331,98,110,61,351,470,518,501,333,27,38,445,509,501,471,99,445,425,478,413,457,216,200,102,497,450,539,424,47,190,487,227,37,447,192,35,514,547,475,503,495,526,510,31,481,139,487,493,472,502,493,509,491,456,474,42,414,68,6,512,519,207,26,342,309,390,191,494,490,71,543,410,521,530,28,128,375,363,512,345,483,504,468,507,119,103,534,472,553,52,401,181,548,542,552,516,493,394,516,443,450,424,492,49,109,516,436,543,0,0,59,171,297.2486283241505
MCT_f_0581,26,253,66,293,318,236,340,406,553,278,316,303,290,363,9,281,201,414,282,314,423,201,125,210,138,373,255,205,323,232,247,77,463,112,292,359,233,125,548,373,143,342,259,16,437,396,290,309,413,241,144,262,238,389,200,374,15,389,271,482,342,493,403,425,420,383,118,397,278,239,219,63,424,235,307,399,448,467,306,429,179,298,264,545,157,481,281,253,431,301,179,453,84,197,499,7,540,558,259,293,214,495,97,247,318,517,222,184,284,212,220,317,115,23,406,390,386,19,69,350,302,493,425,131,508,222,23,533,33,284,299,550,445,231,473,71,343,368,0,0,38,267,265.04377604116297
SRS140492,106,73,264,315,542,60,379,252,354,406,233,243,340,176,156,63,357,404,53,257,96,24,310,437,295,111,360,248,268,115,176,281,259,106,346,185,181,212,128,501,175,35,129,326,214,93,61,339,239,65,331,339,362,414,189,84,59,164,372,234,53,193,91,157,197,356,119,288,256,135,294,322,127,186,249,126,213,418,41,248,93,91,364,246,300,420,181,325,383,160,96,357,398,206,275,161,407,65,190,301,267,35,140,269,399,425,159,239,44,344,469,282,338,127,550,2,251,180,203,432,173,498,367,113,479,193,397,187,190,476,407,226,216,193,271,369,212,304,0,0,29,292,277.99320606353893
MCT_f_0586,507,325,438,87,292,35,188,309,554,59,379,390,155,512,21,202,93,252,85,283,348,19,17,151,16,436,129,149,442,76,23,85,453,19,180,316,120,52,543,79,132,370,316,243,492,252,480,434,453,281,245,220,194,247,205,452,157,378,35,486,467,494,439,512,434,417,23,485,352,399,400,365,477,429,231,483,389,510,331,490,456,388,410,547,289,455,301,55,426,346,160,428,23,119,505,299,544,559,460,260,210,540,256,371,441,534,323,86,264,207,292,447,211,30,341,443,46,238,509,444,381,505,445,378,535,315,25,530,453,499,256,555,487,413,383,267,117,80,0,0,38,267,290.9654697489641
HSMA33PX,151,82,359,453,235,145,310,470,166,228,366,493,196,209,348,519,490,79,471,387,228,194,211,503,244,194,267,436,131,424,327,417,228,450,175,330,201,439,258,216,305,298,105,371,229,205,274,6,361,333,370,239,437,368,288,369,76,364,237,187,96,119,411,357,387,162,271,50,426,432,228,208,133,447,364,60,461,105,450,154,46,227,419,271,359,236,342,331,460,153,320,253,371,264,378,80,85,354,42,173,41,43,35,105,91,75,468,478,158,438,517,74,437,222,37,43,249,328,425,425,106,40,455,196,408,121,73,327,508,270,191,277,85,203,39,403,428,267,0,1,9,277,292.84647787878237
MCT_f_0089,402,372,331,126,121,101,346,346,133,203,281,298,525,490,178,141,80,415,80,97,28,47,193,20,159,301,39,35,257,37,93,223,126,30,22,95,139,116,197,144,163,258,199,72,451,142,384,359,207,213,391,269,293,374,402,166,303,386,95,222,184,346,250,172,407,512,112,127,230,361,299,172,322,295,247,440,311,278,262,478,517,88,465,426,164,84,122,169,121,273,63,72,171,35,447,389,550,378,448,132,148,392,412,352,265,352,161,99,119,290,297,267,294,88,207,467,356,142,143,317,453,210,288,274,279,445,344,357,408,234,173,472,504,372,243,98,307,380,0,1,23,184,297.12218548131835
MCT_f_0393,294,304,393,192,505,515,422,473,459,261,430,222,40,142,458,151,137,319,490,541,310,213,213,204,135,241,74,182,208,486,193,67,435,382,182,302,187,35,27,439,492,205,374,316,460,345,71,17,61,64,84,398,76,298,13,124,444,45,263,452,298,391,431,223,448,138,244,296,362,264,194,379,221,364,146,78,415,213,189,147,370,260,392,448,184,264,19,310,346,39,143,254,351,138,456,157,473,550,58,532,399,176,44,23,363,523,425,25,129,203,27,120,196,227,516,457,308,209,388,244,47,514,458,299,533,29,256,42,26,393,253,549,136,408,417,417,114,74,0,0,29,278,285.1346868663188
SRS024075,285,332,40,289,271,429,248,284,426,340,182,70,187,67,403,132,467,502,236,465,379,314,408,479,369,422,428,422,415,393,375,458,534,234,464,523,418,492,402,92,511,323,388,203,85,475,488,82,145,28,51,238,230,140,78,68,493,33,515,408,355,506,225,362,241,519,441,106,353,300,396,428,192,349,203,204,343,151,79,359,535,266,215,327,352,422,252,502,520,260,90,316,459,114,185,88,505,361,81,345,186,436,282,382,504,286,435,264,293,23,118,318,273,486,322,15,132,1,10,479,354,269,255,369,389,371,127,2,383,111,424,240,0,152,324,23,35,317,0,1,29,247,245.64106567196725
SRS062427,65,13,4,559,557,561,562,560,559,561,527,27,551,13,557,562,553,561,555,557,555,558,557,534,40,65,558,554,560,549,62,122,558,558,491,556,555,558,83,506,557,9,539,19,17,560,18,524,21,2,549,551,35,17,518,37,47,2,556,55,555,18,556,540,522,63,37,8,1,542,550,556,507,557,489,10,558,562,541,8,527,20,41,557,22,10,43,561,553,532,550,561,560,552,53,24,559,552,2,105,481,539,545,549,553,44,555,531,5,529,552,508,545,60,156,123,61,30,130,76,71,108,186,51,262,55,35,96,70,76,40,490,44,75,139,86,124,104,0,1,29,19,293.34035352537916
MCT_f_0195,290,373,125,171,81,438,218,279,167,281,32,526,135,221,444,17,47,315,385,63,101,42,58,127,179,94,157,158,105,206,84,327,234,287,486,126,99,272,237,128,204,260,56,438,134,51,51,471,278,363,476,395,303,41,77,448,380,285,239,385,428,32,455,48,454,292,140,166,41,469,214,166,235,128,412,308,444,183,286,410,74,29,318,110,155,199,66,249,46,167,390,236,189,326,91,478,164,401,321,3,38,462,134,491,81,419,320,422,176,388,474,268,165,189,454,536,482,121,346,92,444,157,316,382,496,495,154,205,111,180,231,445,309,122,160,307,295,322,0,0,30,66,222.09957243812602
HSM7J4JP,558,530,536,91,22,71,24,12,55,86,557,530,556,553,52,121,22,10,2,5,18,8,3,4,29,52,11,39,562,2,50,110,44,2,0,1,46,49,69,42,53,498,540,499,538,9,545,498,533,546,546,538,545,433,519,550,514,544,63,44,530,527,55,550,489,554,508,555,547,544,557,534,551,558,548,548,556,561,556,523,545,513,544,4,526,539,538,89,11,509,4,35,3,4,45,525,59,31,539,91,552,560,522,554,544,464,553,532,537,389,559,530,548,515,142,114,559,463,559,489,546,528,557,544,247,511,546,84,554,550,559,443,549,555,395,534,545,538,0,0,6,120,256.5412621228863
SRS143991,467,154,173,198,344,123,251,157,188,307,180,234,374,124,242,54,85,96,96,252,90,175,266,59,390,227,156,148,339,385,81,380,175,115,459,87,253,155,254,480,176,287,267,441,404,177,37,22,169,156,224,324,421,286,274,430,289,263,159,96,68,181,160,434,371,532,327,342,265,475,242,241,121,185,378,75,168,490,202,190,72,90,205,367,82,449,480,451,200,385,47,200,275,65,168,206,166,133,176,256,56,69,202,118,177,126,163,386,409,528,516,299,365,323,262,501,373,428,287,511,285,6,487,383,457,493,79,408,401,421,347,12,305,191,484,177,243,469,0,1,29,22,303.37513793333403
MSMA26BT,258,181,295,107,133,318,228,272,502,314,197,488,356,89,322,298,255,466,343,186,269,370,275,193,426,192,211,306,348,186,281,300,204,241,51,301,338,407,452,394,113,105,28,79,107,195,244,358,211,203,299,284,95,378,228,187,118,160,485,186,435,158,236,312,122,252,136,203,40,185,295,470,309,182,319,124,161,132,281,98,205,503,328,390,154,195,404,140,258,333,417,232,454,424,261,270,257,116,279,180,444,54,331,219,404,423,166,192,287,205,218,67,89,197,200,46,186,264,339,461,79,230,93,132,120,303,212,109,374,360,498,205,214,196,409,277,163,274,0,1,36,98,282.2518828257362
HSM67VHJ,502,404,415,68,104,39,162,80,305,313,115,371,58,189,354,72,11,145,19,46,14,129,38,52,382,487,143,17,222,23,435,507,335,42,32,14,13,10,511,232,341,403,1,422,405,64,350,8,426,275,404,388,465,239,67,455,431,288,382,389,95,341,259,114,131,461,407,116,95,146,15,182,12,407,132,289,12,78,391,137,3,225,453,52,398,181,411,378,76,11,71,376,58,34,346,402,282,287,214,498,80,46,52,19,211,330,59,323,254,222,88,149,135,391,462,257,502,421,543,448,474,250,476,484,547,461,462,536,530,514,454,409,472,501,357,439,460,471,0,1,7,72,235.7458279350878
SRS042628,496,217,24,252,100,220,206,291,249,254,18,362,514,521,118,137,57,299,99,82,301,114,60,68,197,182,181,31,403,69,133,0,77,88,201,19,100,25,185,441,217,316,111,309,368,81,421,329,432,373,244,371,503,235,141,428,339,188,121,131,317,425,270,324,252,507,213,415,219,418,350,283,293,398,126,429,227,544,216,411,352,272,462,62,423,516,458,166,168,184,37,174,221,36,129,279,100,268,341,275,285,287,292,421,543,426,418,196,239,440,397,437,396,272,227,157,463,153,525,389,374,151,10,237,379,400,427,462,328,339,349,246,434,536,410,126,245,393,0,1,29,68,265.84045408924317
SRS055982,243,274,95,112,386,418,355,401,129,210,125,280,185,106,327,204,325,197,412,394,467,441,440,336,371,375,442,294,292,370,460,406,370,510,488,406,369,361,385,199,473,177,368,266,190,294,358,53,108,131,160,244,97,443,106,100,364,125,283,442,364,180,474,270,307,329,482,132,233,446,382,82,35,243,29,125,133,218,132,146,387,144,186,208,116,66,445,330,420,122,131,304,404,132,318,269,481,233,53,545,232,391,147,87,77,127,368,200,86,160,206,113,157,430,13,191,1,126,284,354,388,263,384,156,31,265,182,258,393,184,239,451,157,250,541,193,36,286,0,0,29,304,297.47944345990214
SRS050752,138,131,161,158,218,155,247,118,388,357,170,429,150,318,310,329,42,46,137,64,259,34,51,60,162,234,50,125,482,108,165,188,232,149,295,18,106,283,95,509,213,331,309,236,482,87,310,364,50,261,228,288,152,417,155,260,189,91,383,79,337,273,103,414,354,276,258,208,304,379,121,392,204,225,105,411,258,363,88,349,404,344,274,203,392,440,174,300,60,276,354,107,369,304,257,272,243,218,324,272,113,397,328,282,359,406,303,147,504,392,334,321,307,312,362,360,265,299,372,281,118,388,6,195,334,132,178,169,228,471,99,500,222,245,170,329,145,247,0,0,29,180,252.41355761068922
PSM6XBVO,244,164,444,422,257,144,398,318,409,468,419,35,180,156,502,530,306,270,386,332,439,522,466,502,503,549,315,434,416,487,372,416,473,495,391,298,475,512,510,547,447,436,250,418,47,538,163,36,247,426,415,374,442,84,17,481,132,383,508,371,439,183,309,378,395,365,246,153,348,450,442,407,369,434,391,373,179,279,187,63,133,264,84,513,172,31,144,225,436,320,412,322,400,376,126,3,279,214,69,304,461,77,278,459,13,296,230,432,227,455,163,171,371,15,349,70,483,228,55,189,34,58,431,405,460,231,378,342,311,396,22,52,331,135,69,407,410,64,0,0,10,243,301.3921325796263
SRS048164,210,275,120,154,341,290,330,342,126,215,215,137,129,94,204,398,212,163,56,29,195,169,105,243,370,305,313,183,160,62,141,311,395,231,430,225,254,348,365,379,188,85,36,228,43,116,262,150,285,43,88,261,66,209,232,112,345,186,499,479,327,78,214,185,166,150,413,223,115,237,304,118,236,346,238,29,233,462,292,143,249,121,75,295,136,22,255,200,297,225,158,222,389,127,487,115,320,364,71,216,149,93,302,457,345,265,395,266,439,150,69,32,271,460,244,201,110,84,230,164,291,260,271,180,322,306,65,383,195,121,54,447,55,402,282,344,171,161,0,1,29,289,310.95707104311816
HSM7CYZF,506,441,385,127,327,193,104,172,14,147,178,270,267,135,227,474,168,209,208,221,224,255,224,520,60,121,285,169,489,358,164,43,195,279,177,502,92,151,247,78,121,407,288,474,426,163,248,239,220,438,418,482,501,132,207,489,236,492,133,193,208,349,115,206,67,324,375,149,221,370,477,387,427,444,384,288,308,422,454,201,149,254,83,97,189,114,6,314,143,13,122,260,187,113,210,103,252,228,147,205,297,262,499,319,107,266,147,513,261,387,320,432,494,139,256,254,32,252,528,104,250,324,111,465,142,416,169,474,490,488,436,213,366,531,448,527,464,418,0,1,9,244,311.74328142269036
HSMA33R1,109,99,18,513,499,529,522,427,486,539,321,163,291,45,449,538,449,365,449,324,386,417,500,473,519,524,249,413,288,514,474,475,458,491,395,445,510,489,529,551,524,308,159,92,281,524,142,111,265,204,323,38,240,261,139,241,242,271,353,274,58,116,267,130,275,426,398,411,336,278,236,56,267,98,232,73,219,165,376,305,186,460,200,240,68,266,448,283,249,231,470,391,527,433,359,173,138,134,114,535,101,471,146,302,194,88,119,238,9,90,81,42,304,370,457,507,417,439,52,257,32,56,122,149,153,451,162,333,267,190,21,361,322,314,67,62,102,63,0,0,8,199,315.8949104055961
PSM7J1AS,289,340,426,49,340,293,61,65,9,19,108,322,326,260,276,518,459,177,452,511,352,503,528,459,368,7,465,504,498,485,234,456,308,511,196,534,49,505,245,363,416,348,394,394,94,494,404,100,219,425,347,420,440,69,98,476,463,430,395,507,143,299,551,466,40,143,301,188,453,337,467,340,251,485,428,323,499,243,329,117,431,521,502,420,330,81,4,414,178,397,444,129,90,450,425,116,210,326,130,356,504,465,474,544,158,99,226,444,379,101,268,358,476,178,312,44,26,335,515,298,199,41,444,475,107,109,374,457,399,314,285,36,112,439,41,378,406,452,0,1,0,34,275.9107373652697
SRS022713,166,223,371,65,289,301,214,76,4,7,405,522,242,337,512,263,377,416,512,526,445,454,473,427,500,467,504,497,44,479,328,489,319,407,541,521,462,506,522,378,372,231,383,376,396,556,65,57,400,475,419,330,446,275,248,253,412,458,432,502,462,115,506,356,351,227,359,33,497,320,255,478,8,478,426,430,345,53,449,351,117,60,122,480,471,139,173,242,442,486,478,491,405,459,448,0,423,289,481,261,160,469,89,31,4,4,415,380,157,508,536,370,400,336,16,20,395,162,504,2,390,22,512,486,520,487,380,454,3,511,495,387,398,251,15,493,431,376,0,0,29,189,303.2364390803184
SRS063040,318,268,204,115,421,271,166,262,231,365,213,391,203,196,133,46,147,407,136,49,393,162,194,360,104,278,122,273,351,171,283,232,306,56,29,118,302,224,196,413,147,114,299,250,319,272,295,13,190,45,38,206,346,278,176,222,341,214,301,139,224,478,87,256,373,325,334,381,358,305,213,221,196,340,160,87,301,339,102,185,440,433,222,178,258,226,221,401,343,182,270,160,312,224,80,281,165,192,118,176,311,132,378,404,482,467,238,153,352,386,110,163,215,457,174,385,269,276,382,400,123,329,2,182,328,66,234,329,381,275,336,159,258,391,275,202,202,284,0,0,29,269,258.4332288118443
SRS024132,287,271,238,184,290,245,186,288,165,164,282,212,109,309,119,300,28,377,88,31,402,77,34,382,74,100,56,68,437,112,104,178,261,24,38,148,110,51,177,432,218,200,116,253,142,329,558,46,69,106,147,65,263,188,29,285,396,93,401,163,436,380,138,239,253,214,341,403,277,270,133,413,81,264,3,276,178,499,201,171,318,217,400,91,230,316,178,536,399,18,266,167,249,167,223,142,114,248,267,220,411,245,194,275,252,234,219,183,377,425,86,325,462,419,229,307,122,214,207,294,94,364,221,242,417,374,111,146,272,203,124,475,243,301,256,226,249,175,0,1,29,187,284.1994518268207
MCT_f_0366,283,27,13,503,198,370,501,529,389,482,76,150,468,362,102,184,369,54,318,331,455,249,169,431,152,168,489,235,91,237,458,262,72,272,57,429,263,57,96,469,279,185,123,28,168,293,60,211,301,175,185,22,404,290,316,426,79,156,248,226,99,61,293,72,30,319,57,183,128,79,111,20,271,184,123,292,384,296,357,366,181,318,351,73,89,346,209,528,353,163,38,347,114,50,172,227,390,74,368,424,18,309,30,30,148,258,140,10,139,235,201,266,15,73,429,404,270,100,235,295,391,300,290,367,444,244,382,390,160,340,167,242,333,466,514,100,190,401,0,0,18,293,322.34186811819507
SRS018817,323,79,78,316,380,376,319,265,279,325,315,157,355,218,306,150,387,117,23,323,93,304,359,481,265,294,245,486,136,141,308,521,471,354,435,422,395,274,375,218,277,347,334,77,249,335,225,154,32,80,188,128,280,174,164,117,81,326,278,252,331,260,277,278,225,408,54,113,191,309,100,432,186,155,41,275,364,250,259,186,188,132,102,212,272,144,246,521,437,126,18,352,70,79,139,120,401,396,106,402,320,133,381,176,473,279,387,289,43,262,169,341,246,75,434,239,105,193,418,223,272,246,213,123,344,328,384,240,366,215,379,8,135,475,477,239,7,369,0,1,29,231,233.9227125296851
HSM7J4K2,52,460,503,467,16,545,551,476,445,535,550,558,524,234,46,460,472,495,61,269,444,348,501,257,452,47,171,345,13,49,424,538,41,125,527,300,501,437,63,36,48,536,545,537,554,56,478,550,537,542,556,448,29,13,476,503,36,533,528,38,543,464,50,522,545,48,30,444,535,511,535,542,534,44,531,552,490,22,530,541,557,15,550,105,557,285,420,84,554,456,452,33,226,420,40,540,289,384,1,86,305,342,516,3,34,34,552,525,535,191,443,514,521,47,135,513,536,551,108,61,482,268,170,554,239,533,544,80,533,61,558,88,560,62,123,426,554,450,0,1,10,26,276.10317110112965
HSM7CYXE,22,528,341,266,167,58,164,116,102,47,458,235,415,232,525,550,513,362,538,527,494,452,543,345,522,522,339,522,427,464,388,522,498,201,544,481,513,536,520,127,542,7,305,271,99,529,387,500,496,434,440,273,418,214,483,379,11,457,540,403,412,204,374,258,440,10,257,503,135,376,113,69,257,516,445,352,141,492,413,333,295,545,206,527,141,76,389,485,333,464,516,506,154,509,442,253,522,7,242,427,460,209,510,393,358,188,392,333,448,231,321,180,394,18,348,188,507,195,493,191,46,68,448,23,179,28,20,41,477,20,364,284,16,342,285,420,441,73,0,0,4,135,246.38611246044084
HSM7CZ2Z,555,552,555,19,41,15,44,29,561,112,7,34,11,22,72,10,495,560,12,18,514,551,551,542,558,78,22,442,28,14,71,555,65,529,526,9,384,396,94,539,71,10,0,552,22,559,23,4,562,562,557,10,38,550,3,558,53,542,85,65,4,556,74,551,538,75,555,550,562,560,4,15,522,65,519,558,532,42,560,15,2,23,49,17,535,546,559,559,26,546,16,560,471,16,542,32,75,554,560,117,6,8,538,8,47,54,549,552,560,6,11,8,2,68,167,562,561,544,141,87,77,119,562,58,274,559,41,561,81,87,45,111,561,86,150,553,127,108,0,1,10,145,267.5721701748966
SRS147766,339,499,128,408,322,361,183,310,135,311,202,359,100,149,175,196,509,175,410,448,70,436,395,283,441,196,482,437,392,267,99,420,102,403,185,435,417,196,327,62,117,198,138,393,332,299,278,104,92,132,100,414,363,126,87,296,506,14,365,279,107,303,181,170,339,494,490,405,203,148,323,243,67,413,224,20,497,342,184,59,464,148,373,132,414,206,253,542,126,281,123,337,168,139,342,196,458,367,89,159,180,402,205,358,385,293,169,230,517,122,113,193,349,513,313,12,415,333,440,393,168,11,232,350,28,87,286,168,468,495,321,174,198,465,457,19,342,294,0,0,29,139,235.76710355035485
SRS050422,316,315,92,67,351,185,103,207,175,136,477,162,301,95,75,323,96,271,112,135,121,68,172,22,103,173,209,155,228,165,213,218,86,452,90,45,190,239,207,244,166,450,448,342,36,353,162,93,99,137,236,429,276,122,81,200,451,413,420,167,468,210,327,424,425,153,446,163,436,488,496,201,305,227,72,178,469,309,64,72,236,314,137,48,286,310,73,420,291,79,255,139,303,238,138,348,253,328,41,358,324,110,424,120,257,156,469,411,374,424,144,125,369,479,2,358,143,278,396,289,355,512,228,142,376,246,135,118,187,146,100,417,126,216,381,211,286,183,0,1,29,241,242.17033041034796
MCT_f_0162,391,112,365,183,538,474,424,508,440,397,187,218,280,492,451,215,160,337,50,339,74,143,134,130,110,545,346,113,290,545,102,176,354,362,145,179,268,215,104,486,443,250,307,130,279,461,131,155,274,50,40,88,212,194,406,56,125,104,404,307,200,415,511,81,310,297,96,64,173,274,248,110,313,392,111,355,312,409,206,339,44,48,312,402,153,339,129,460,443,214,386,94,356,314,205,213,293,270,425,312,257,335,70,137,233,264,252,14,380,116,190,406,148,131,260,259,328,80,46,306,147,362,102,115,499,104,183,185,218,217,119,239,518,420,445,103,92,202,0,0,37,335,305.6175471688394
HSM7CYY5,225,481,10,108,217,259,78,190,215,142,154,68,369,48,309,413,404,98,310,398,290,199,413,513,200,323,202,447,52,249,225,362,272,372,248,124,300,412,326,260,257,267,98,166,29,267,59,31,487,471,436,49,374,208,82,478,421,323,367,123,300,80,453,146,231,136,353,171,148,89,188,137,176,178,409,44,11,81,429,73,201,221,59,384,88,99,130,458,228,171,406,203,399,364,329,479,486,290,15,396,308,25,363,116,53,60,28,456,21,360,55,18,43,357,398,489,104,132,282,137,333,333,219,139,96,119,61,358,93,92,78,430,56,351,293,476,425,39,0,0,10,147,258.3242867109181
HSM7J4PQ,441,486,484,555,159,365,526,350,526,547,508,499,441,408,26,247,548,278,226,403,54,390,512,549,537,553,446,533,5,365,27,503,26,318,554,536,545,28,46,20,31,534,510,476,469,314,528,505,526,497,514,493,445,9,487,522,530,522,41,241,526,355,30,115,514,32,520,347,542,540,527,435,485,365,524,337,531,550,489,452,385,379,22,50,473,3,481,62,323,488,547,22,56,555,24,504,222,186,469,61,114,503,272,405,27,24,524,392,325,530,502,506,450,535,109,98,537,524,549,48,526,85,547,460,211,501,513,63,524,43,493,383,26,41,103,506,512,479,0,1,7,72,241.88294454666755
HSM5MD6Y,33,443,501,106,237,114,120,539,260,189,444,546,27,103,19,536,504,74,75,155,288,313,205,467,322,28,109,507,441,231,22,82,20,139,78,507,488,525,524,301,26,418,385,500,507,170,500,397,363,456,505,504,281,424,488,525,477,497,34,25,465,352,301,351,479,26,485,469,200,150,509,520,528,16,496,433,483,506,473,495,453,241,17,43,467,35,465,247,549,502,525,544,512,466,212,492,30,14,412,53,372,535,534,488,526,524,342,381,333,346,98,550,473,478,102,550,45,465,536,42,53,540,357,343,203,453,536,500,464,37,445,455,275,35,98,529,503,535,0,1,9,244,300.87179035079964
CSM79HL6,406,349,245,35,171,91,60,0,164,34,138,304,287,175,480,133,439,471,325,249,241,312,430,261,427,474,476,376,395,377,370,433,438,261,421,417,480,418,299,114,527,263,354,262,106,271,447,119,399,298,281,180,275,303,453,116,243,346,328,463,84,305,128,263,184,305,239,187,266,161,429,510,260,195,308,342,310,217,240,159,504,323,159,343,479,483,138,155,50,278,293,227,117,252,301,313,195,60,200,26,488,426,477,447,428,368,199,214,324,121,146,220,198,273,69,511,150,67,377,262,311,468,226,279,156,360,290,386,132,305,316,150,310,168,184,353,358,253,0,1,43,81,281.6248917496532
MSM79H7W,266,385,397,145,179,170,76,129,199,123,279,69,68,263,313,264,243,245,173,74,78,294,120,49,372,322,78,137,511,273,310,213,134,180,306,101,202,159,370,332,223,314,128,197,116,160,409,83,243,317,252,344,473,380,47,123,170,142,211,228,393,509,198,408,385,479,227,407,235,393,346,442,373,307,24,328,251,287,237,67,383,486,288,93,365,183,291,220,162,15,100,301,281,71,154,429,157,309,91,167,508,394,397,425,475,462,253,154,350,162,95,328,444,308,279,252,164,342,264,493,316,270,100,107,128,230,263,238,376,105,216,194,147,188,337,280,227,252,0,1,66,295,263.61801810667635
SRS045713,12,480,340,517,553,543,510,551,510,454,203,481,520,529,524,296,540,534,484,453,550,502,451,388,438,475,530,527,429,473,528,536,538,459,331,537,442,362,533,361,512,328,241,377,453,546,325,431,385,365,9,364,420,411,321,8,7,397,461,322,537,381,548,508,487,368,7,194,220,532,316,503,147,469,358,458,116,476,5,451,331,258,442,541,274,513,317,522,515,471,528,515,552,507,449,451,489,507,479,540,427,329,463,506,9,519,475,448,269,418,431,435,409,392,458,278,23,447,39,403,417,38,77,15,98,450,9,17,15,10,12,536,370,492,34,48,73,41,0,1,29,116,244.20439469113603
MCT_f_0618,64,551,450,196,87,261,29,155,531,95,449,26,512,97,551,330,542,437,551,548,518,540,534,500,557,556,494,502,542,522,556,532,535,464,561,519,560,553,555,342,531,478,478,465,14,306,489,58,19,509,479,525,498,14,71,34,43,511,497,556,294,336,558,275,472,59,35,356,506,492,542,305,28,366,472,7,281,97,476,6,263,547,38,552,19,116,41,98,471,485,536,495,547,551,530,20,538,544,317,541,356,203,427,273,282,40,518,514,2,479,5,4,520,56,521,551,494,28,125,72,69,541,537,47,540,51,33,91,65,74,38,469,40,72,384,84,451,102,0,1,58,297,247.34385533134025
SRS016203,445,96,126,413,483,347,286,390,325,200,165,263,52,380,192,462,206,525,181,95,123,123,217,173,215,152,269,277,445,247,211,181,94,164,281,58,277,271,257,186,323,86,204,78,92,137,191,197,153,228,199,200,277,276,213,277,277,362,142,287,336,399,228,154,314,246,270,384,104,325,434,242,248,279,40,268,309,272,225,236,78,233,269,406,244,101,318,148,41,134,65,134,355,58,306,254,256,311,191,374,265,129,153,217,312,274,327,212,148,319,122,285,278,325,409,1,125,160,304,482,462,319,268,163,299,245,336,353,339,288,404,339,350,151,339,241,312,414,0,0,29,281,271.7903218847472
MCT_f_0551,124,402,93,454,523,521,351,371,250,269,218,44,277,129,248,332,207,283,380,90,274,76,243,166,251,319,429,242,129,133,149,415,136,219,207,340,241,135,273,465,260,395,276,186,188,348,80,91,115,99,53,72,74,534,198,201,153,89,500,411,218,502,449,128,151,336,199,225,307,116,377,122,165,242,1,122,325,385,117,100,145,428,366,338,43,62,128,303,286,49,198,333,339,328,269,58,333,200,37,236,322,301,62,260,276,458,63,112,166,35,41,307,52,220,499,363,152,178,181,147,189,433,394,179,526,180,208,202,97,120,18,185,143,97,342,308,96,180,0,1,48,283,264.29101209877786
SRS104400,489,41,236,461,491,372,345,467,338,247,23,426,56,505,153,414,124,423,74,57,79,50,162,99,93,82,220,165,183,118,115,153,69,140,291,36,107,218,175,154,344,174,73,70,258,148,97,326,174,186,90,145,185,248,238,457,200,175,128,208,305,461,233,64,189,212,207,392,12,215,162,22,208,358,98,405,271,516,227,378,237,104,398,244,395,386,354,126,34,218,54,114,338,42,279,325,139,279,332,364,96,75,28,122,327,367,44,70,40,384,301,371,164,210,422,456,445,217,363,377,475,359,355,176,427,272,355,439,162,458,437,238,469,184,456,93,313,491,0,0,29,206,244.01677728534153
MSM6J2IO,233,453,459,451,72,451,65,36,93,38,512,2,398,35,111,493,169,26,117,171,250,131,414,38,515,136,212,444,29,345,178,58,223,244,406,379,471,454,497,210,138,481,417,462,176,62,383,463,512,480,449,445,412,522,420,501,127,477,19,109,89,286,4,5,446,447,300,500,442,49,298,257,480,4,465,13,529,65,433,528,5,357,178,55,163,131,522,33,125,494,85,546,531,31,545,435,301,446,7,29,510,297,33,466,66,323,484,408,381,474,356,465,455,150,73,459,504,497,529,117,358,217,520,211,165,473,459,154,119,382,471,465,58,18,254,503,483,508,0,0,25,194,289.9280162863432
SRS051031,140,235,37,101,404,333,185,301,390,179,53,92,21,165,488,194,36,162,536,320,94,147,249,188,288,499,132,71,349,503,284,155,442,99,275,78,285,238,361,473,474,319,171,251,152,442,399,228,41,10,18,115,98,463,44,90,443,291,242,501,239,414,490,401,240,172,459,311,231,357,127,505,92,267,9,77,95,281,27,169,400,485,89,378,73,185,133,433,313,42,185,313,264,196,174,92,290,422,60,401,396,331,254,468,477,242,296,251,492,140,34,181,173,494,231,184,166,338,194,445,298,213,12,444,8,94,101,226,189,94,264,346,67,277,224,286,136,278,0,1,29,44,299.16588427283136
SRS063985,452,106,124,395,172,292,158,339,198,153,72,356,167,384,528,79,122,50,430,311,424,145,181,328,83,257,281,36,267,98,264,238,381,295,104,262,28,177,203,168,225,84,127,131,216,181,401,233,291,287,206,207,164,260,246,324,392,306,249,180,324,178,324,279,176,420,440,362,366,353,74,423,420,223,96,426,221,439,278,241,293,407,175,184,363,394,286,396,338,106,32,297,327,52,469,137,496,206,375,327,229,154,172,215,528,357,122,305,416,297,362,397,342,461,221,284,345,187,488,255,218,167,4,477,2,252,324,400,299,464,297,140,395,484,298,235,191,293,0,0,29,70,292.1848349911005
MCT_f_0604,284,101,221,329,234,330,211,127,363,273,300,376,190,422,380,285,282,125,354,328,400,320,388,160,151,265,252,318,263,292,333,312,492,314,120,263,324,276,412,196,281,103,118,277,79,285,55,416,66,302,200,282,88,141,312,192,146,99,224,197,204,38,294,436,284,229,158,56,281,365,420,53,478,274,265,416,408,403,246,116,147,94,88,306,32,17,193,308,179,376,342,171,152,299,218,368,377,137,252,282,105,382,61,61,65,305,408,269,192,322,153,212,30,155,533,429,232,79,298,416,210,426,447,412,316,190,71,486,395,451,180,362,397,147,185,362,105,68,0,1,69,294,281.80853073543346
CSM79HNK,458,416,422,221,485,534,441,124,155,37,189,527,132,530,5,152,426,93,256,216,65,56,189,538,5,171,396,461,499,16,494,469,165,29,11,34,31,9,23,395,208,310,358,420,474,377,505,328,479,368,355,461,308,316,310,346,435,356,412,368,195,314,526,405,201,485,450,478,217,378,497,192,359,453,372,493,485,424,277,418,511,275,473,39,419,485,471,175,33,290,23,95,46,41,6,341,14,110,477,415,276,445,489,484,167,246,383,403,334,352,361,431,474,498,511,77,329,434,460,163,367,178,396,445,164,389,450,431,420,526,442,54,486,450,368,456,398,449,0,1,41,312,275.74843480980985
SRS052027,542,476,482,493,475,200,511,547,517,472,486,7,531,0,526,491,551,505,554,546,545,517,554,406,510,533,534,546,553,547,537,551,542,548,404,544,524,545,545,553,547,517,541,478,529,555,539,336,9,467,12,1,12,7,484,545,516,474,477,509,434,498,524,524,451,17,505,554,509,539,414,495,406,524,437,0,445,555,9,2,553,560,14,519,9,529,23,543,387,490,555,16,386,546,495,551,534,516,441,41,537,516,546,553,548,18,532,465,508,536,527,450,526,526,92,398,43,460,66,552,51,520,136,25,189,33,22,47,31,25,27,64,19,27,86,70,115,77,0,1,29,221,279.1327884854981
SRS014683,469,438,146,209,392,509,179,229,373,237,225,52,211,466,390,484,405,281,334,295,329,264,358,229,354,441,478,458,115,441,216,430,348,392,492,333,259,369,422,286,403,19,218,44,370,350,110,226,344,111,177,114,407,191,192,57,274,222,379,440,446,47,369,412,366,236,175,65,175,391,271,409,273,301,344,285,304,542,268,303,127,78,139,374,92,111,331,501,464,110,224,379,403,280,386,459,231,382,310,494,68,200,103,155,321,202,346,91,36,268,425,398,49,343,505,164,204,327,317,1,177,484,45,169,29,300,129,306,276,199,143,308,342,485,223,401,34,11,0,1,29,82,296.1913181785646
SRS049959,398,246,206,202,459,107,462,456,266,378,50,451,499,507,110,18,43,312,38,83,32,32,41,65,57,118,57,110,210,56,80,136,291,455,122,243,51,81,224,116,180,275,34,155,407,328,506,334,343,207,247,318,375,254,315,339,404,221,112,220,431,275,194,400,111,491,143,295,108,319,110,183,252,319,122,349,143,369,335,463,99,400,467,139,442,484,439,239,131,251,102,519,266,90,239,210,447,513,382,207,189,271,270,413,143,260,465,163,188,98,385,293,326,194,267,146,194,336,371,372,259,228,200,425,0,175,315,476,480,446,289,485,407,172,547,312,221,242,0,1,29,195,267.99253584958194
MSM6J2JD,89,69,138,492,241,314,329,377,431,240,293,279,253,349,517,107,227,400,322,350,255,499,344,27,124,254,120,104,77,311,341,269,294,342,231,127,357,201,149,505,489,257,132,347,293,325,150,365,323,72,103,130,242,471,379,91,62,141,179,141,234,237,126,69,95,132,169,227,132,329,51,168,188,323,351,225,474,104,269,488,216,282,490,130,104,411,504,534,478,201,216,66,166,156,288,467,378,299,498,359,81,386,296,93,430,445,74,9,140,215,57,353,60,233,377,352,452,432,148,266,365,201,92,328,119,221,93,436,412,196,270,38,369,125,157,303,225,135,0,0,55,261,270.6546596933227
SRS065504,395,260,141,304,403,188,236,188,482,312,29,377,263,366,209,363,264,440,147,118,279,191,141,88,320,456,167,347,412,291,198,234,302,166,165,304,297,313,136,438,296,117,150,355,329,130,349,118,164,245,130,152,408,364,193,199,326,244,229,114,197,325,253,317,167,428,162,217,77,366,461,357,75,272,22,313,144,193,200,204,465,455,320,321,350,357,372,363,397,73,327,446,276,287,235,95,219,146,243,255,368,351,345,384,405,216,410,206,247,264,138,155,335,196,328,159,92,262,321,491,460,455,37,174,27,181,253,359,485,317,284,176,274,447,318,236,25,204,0,0,29,15,285.1212779125381
MSM9VZHL,433,430,478,61,177,223,208,311,144,339,409,89,123,312,326,113,374,37,129,122,498,107,56,34,50,12,84,258,536,143,182,224,385,339,12,372,24,64,171,167,11,465,137,406,481,29,484,303,469,364,434,350,444,460,360,298,440,382,298,66,330,539,329,364,113,322,350,468,283,394,300,481,410,148,245,314,390,396,384,460,505,293,445,116,323,505,279,30,27,243,52,185,194,26,133,189,174,262,379,25,530,528,441,460,408,204,422,308,267,176,188,383,417,252,68,368,488,385,507,522,471,242,324,349,487,354,393,468,558,129,338,51,410,516,207,269,366,440,0,1,62,108,302.24277493381624
MCT_f_0174,259,97,196,338,359,351,320,396,131,197,12,86,178,223,311,349,290,508,324,205,338,181,99,270,102,222,271,320,54,336,412,263,507,218,164,249,248,298,306,429,265,253,253,69,45,445,62,234,214,101,39,117,127,237,314,93,158,232,137,466,205,316,335,262,220,223,55,22,76,260,50,76,156,112,140,243,397,509,176,321,174,35,380,161,138,351,239,432,270,157,396,277,309,413,278,408,380,353,293,227,14,429,45,145,174,472,379,176,454,288,31,246,38,142,323,518,288,270,152,179,114,336,408,236,339,320,53,316,174,373,60,434,211,358,36,104,247,110,0,1,32,52,285.31579375936224
HSM7J4OB,361,84,96,188,242,275,203,266,125,206,471,47,179,123,429,383,356,119,320,333,239,376,377,177,189,300,242,283,270,351,258,287,120,130,287,163,206,343,409,401,101,311,405,280,337,174,202,101,89,123,165,106,189,314,50,332,437,299,340,132,400,64,109,472,36,422,424,51,337,346,356,220,352,208,313,51,252,231,104,36,192,74,199,316,386,220,198,345,211,219,182,191,220,218,312,117,435,198,48,153,147,302,91,406,468,455,315,312,154,354,109,54,227,469,291,276,118,301,290,379,83,165,266,327,62,267,81,219,330,212,293,167,76,362,301,349,142,114,0,1,6,122,278.67042751499065
SRS019068,235,295,49,125,128,174,205,241,124,181,134,110,154,192,299,78,64,349,120,177,68,150,237,100,173,149,65,79,421,263,227,137,152,113,230,144,182,250,188,121,484,188,202,189,82,122,543,32,134,122,42,230,448,136,72,322,382,140,440,303,270,402,218,344,380,175,348,308,267,340,251,359,111,454,62,253,394,273,73,149,379,218,229,150,120,83,265,132,203,28,205,75,252,111,122,111,225,523,110,149,365,327,423,496,382,427,373,191,258,54,56,168,268,446,441,341,221,181,294,413,392,410,209,112,393,257,299,182,229,200,121,340,224,390,405,261,134,149,0,1,29,48,283.6539764006987
CSM7KOQX,293,194,207,153,147,276,210,245,257,199,31,293,507,281,289,410,419,374,373,425,244,475,462,190,423,253,194,312,477,456,456,307,397,477,414,324,294,371,328,226,414,376,79,275,73,275,251,213,390,276,243,260,47,149,392,469,67,381,302,272,211,48,494,68,43,438,63,488,113,245,361,424,278,164,317,41,216,232,223,210,173,129,321,416,52,317,55,405,305,206,340,271,310,392,214,318,296,334,115,185,402,47,487,214,94,92,41,399,60,326,47,127,406,13,374,320,361,73,149,410,81,180,119,121,149,270,281,396,290,232,330,279,175,211,490,61,264,289,0,1,57,6,331.9959504801771
HSM7J4HU,56,420,519,544,20,547,259,210,53,557,524,561,90,10,50,488,523,309,540,463,459,549,535,438,524,50,484,492,15,233,484,513,401,526,538,503,188,530,67,40,51,545,516,546,527,258,526,559,551,528,531,491,520,297,562,547,40,526,445,42,552,457,53,536,558,53,436,486,492,538,537,7,546,47,558,538,429,25,501,152,495,17,33,430,451,504,36,87,199,552,552,525,452,550,472,15,57,404,542,89,203,477,365,119,36,35,526,462,265,471,395,473,530,51,140,112,524,511,114,66,558,100,175,551,245,544,530,82,58,65,35,92,513,65,129,545,546,526,0,1,10,26,314.47251680975216
MCT_f_0077,87,133,392,104,52,22,69,74,75,29,309,305,430,339,441,80,456,172,186,400,174,163,488,362,143,458,136,310,276,303,478,45,172,406,87,99,460,385,143,171,115,265,331,290,235,318,291,427,250,284,344,181,256,530,489,370,148,358,391,267,279,72,378,95,208,128,59,196,432,53,468,18,483,236,479,311,336,358,139,242,301,119,460,469,248,369,313,415,265,442,91,287,115,92,402,166,453,433,370,18,521,359,368,290,295,133,177,241,121,179,522,206,251,10,307,530,145,93,484,404,223,164,526,338,524,370,375,384,527,493,491,288,466,480,59,402,322,476,0,0,22,229,289.85514623930305
SRS016056,462,134,260,409,324,457,454,332,425,493,116,225,417,254,519,345,416,333,447,432,450,496,481,317,531,508,486,441,215,511,413,523,476,472,546,421,525,481,526,540,434,169,37,291,167,517,58,63,284,151,301,235,339,171,408,462,442,248,405,361,37,200,475,237,63,277,326,331,9,195,225,344,51,187,404,97,44,434,129,371,195,183,1,534,173,427,369,538,508,393,483,464,509,463,432,472,389,371,227,470,132,143,213,266,393,190,95,254,153,405,488,80,124,327,469,298,348,268,22,307,2,21,358,353,450,440,1,447,423,404,3,210,197,166,14,30,49,22,0,1,29,205,308.1114753338176
PSMA2653,122,351,251,341,162,304,219,269,132,217,502,145,228,308,312,432,463,248,395,297,486,472,297,381,387,445,344,344,401,462,471,270,494,167,218,412,425,84,411,137,149,284,235,308,32,114,427,271,460,422,407,347,323,115,204,168,180,283,225,329,418,320,221,337,501,355,114,109,303,435,186,103,335,97,266,258,295,285,389,48,234,259,271,42,263,319,176,164,388,237,363,84,203,300,143,434,153,147,157,298,503,212,258,216,269,103,464,307,225,270,351,313,317,170,300,37,20,345,434,406,108,138,308,459,88,469,134,172,500,301,51,245,277,158,29,429,381,217,0,1,9,123,243.10848346820265
ESM7F5AM,273,129,71,378,281,323,258,329,237,204,267,389,184,50,267,481,252,149,345,365,520,467,457,343,470,345,284,256,236,438,462,396,206,458,502,229,323,130,376,96,493,95,120,66,35,479,194,77,424,277,315,198,52,328,156,45,299,215,344,264,131,75,331,129,120,119,222,43,204,208,252,363,141,167,300,15,120,119,56,84,284,432,174,315,36,146,243,318,332,211,287,394,487,388,534,99,208,219,63,273,422,85,414,347,260,369,146,37,99,12,61,15,99,294,230,505,178,174,204,256,120,318,85,66,111,123,75,216,159,96,63,407,141,118,186,185,321,248,0,0,11,65,268.01022593384323
SRS144537,419,234,137,214,355,93,455,468,191,394,240,478,481,509,105,14,23,379,72,102,33,49,49,36,81,125,45,52,227,86,76,140,287,374,60,184,62,93,213,122,142,299,125,208,442,276,536,374,420,318,353,328,435,165,366,387,69,230,115,147,413,256,178,330,150,493,102,313,156,210,191,138,320,397,172,343,269,459,386,467,183,423,429,138,364,482,433,261,111,372,89,365,302,83,163,256,394,488,413,202,110,322,311,288,115,226,433,113,190,84,376,376,425,87,257,224,399,392,401,381,242,330,280,416,282,171,327,348,364,423,319,482,416,213,536,0,268,321,0,1,29,103,241.96015842516533
PSMA265J,553,548,551,11,31,8,32,19,63,100,560,486,560,551,63,6,3,336,6,11,213,13,8,8,39,64,17,6,519,8,61,121,54,8,5,5,65,154,82,51,61,551,560,553,558,15,537,408,503,548,551,539,556,511,393,559,556,561,75,54,532,557,64,556,447,62,556,549,540,3,556,482,557,54,555,543,543,543,557,512,548,480,514,9,524,454,554,102,17,286,8,43,8,9,52,542,65,38,537,104,558,561,559,560,41,43,522,554,523,543,561,562,556,556,155,122,556,561,562,75,555,422,185,557,261,558,561,95,562,546,533,476,540,552,138,560,552,555,0,0,11,174,261.8099677228615
SRS023526,439,279,172,428,383,355,499,349,384,336,305,168,128,80,345,428,307,182,238,52,111,106,45,61,90,139,454,234,321,216,169,267,263,264,340,325,115,249,209,120,206,194,389,344,360,240,334,240,128,320,152,233,262,201,191,158,475,273,228,85,228,445,230,308,250,149,361,255,357,343,338,311,124,209,49,54,92,109,119,155,408,181,128,216,281,153,320,123,422,103,437,353,298,391,401,286,427,441,83,204,348,273,242,205,296,209,288,221,134,163,299,33,233,389,456,323,151,106,159,226,164,393,15,240,12,195,125,369,362,266,174,510,272,223,183,209,193,250,0,1,29,78,285.9808343712541
HSMA33QY,312,524,527,436,309,485,181,100,549,262,519,5,351,249,179,416,516,61,58,233,39,30,245,323,272,465,30,303,558,255,147,72,12,368,548,115,399,153,30,532,423,504,490,519,381,400,406,345,472,482,478,478,447,456,430,542,541,507,24,13,380,308,12,542,424,13,542,541,508,500,536,539,486,146,219,512,546,68,504,501,508,512,517,21,551,1,515,40,195,416,311,14,285,126,9,488,19,9,502,39,307,548,411,462,492,449,416,497,547,513,447,541,239,548,86,356,521,484,65,276,441,70,134,474,184,555,511,44,28,22,480,59,257,491,263,535,519,458,0,0,8,199,256.87236342073913
SRS142712,2,171,237,550,373,154,554,527,550,558,310,318,314,79,171,94,171,556,534,451,549,506,456,341,203,421,496,28,337,465,529,5,406,485,270,11,33,257,304,334,522,383,422,402,109,46,172,492,421,269,248,316,487,468,349,335,219,261,6,498,164,265,116,215,461,369,356,100,407,277,421,123,295,341,446,515,340,60,258,178,88,250,94,24,434,69,345,234,161,431,517,416,350,531,453,490,234,472,396,433,390,172,158,472,440,79,500,427,248,488,404,11,431,226,347,480,490,300,17,486,253,19,522,315,42,427,171,413,158,145,340,19,62,317,10,472,45,509,0,0,29,13,291.6555364014771
MCT_f_0365,263,46,34,487,154,350,482,499,362,453,97,152,496,424,125,143,396,47,328,310,466,224,132,397,184,128,467,270,167,242,482,231,80,282,53,439,258,61,101,460,245,148,153,22,243,249,75,317,340,255,235,31,361,277,255,412,98,231,276,232,106,125,265,120,69,380,41,160,180,194,147,17,401,203,103,384,382,368,204,392,219,309,361,71,61,340,168,524,393,247,45,326,131,77,188,314,400,56,405,422,26,251,21,51,198,371,133,8,91,219,263,382,33,78,428,401,324,88,144,341,418,288,245,451,390,392,362,427,309,355,206,294,433,459,554,46,157,409,0,0,18,293,283.95436527629215
CSMA8M9R,193,285,42,303,416,263,470,277,540,495,69,360,205,230,225,353,61,504,216,183,97,278,131,375,328,285,459,115,484,304,166,168,138,179,149,299,236,284,309,273,368,96,24,97,157,119,428,40,58,258,143,140,318,144,135,292,359,416,167,169,227,182,131,104,77,439,264,145,51,250,360,318,214,396,57,283,207,160,311,113,483,337,181,68,472,192,167,196,192,63,221,485,270,194,89,143,151,154,274,379,418,279,462,420,400,231,193,115,180,213,101,394,282,285,386,258,130,119,373,523,296,128,117,85,147,174,110,164,379,521,103,274,202,230,394,382,256,197,0,1,71,162,320.43874264423766
MCT_f_0069,451,226,437,146,50,64,86,49,74,26,341,353,490,434,475,101,483,169,199,447,166,292,506,516,148,363,89,379,71,350,495,244,90,463,40,117,450,373,12,115,103,238,194,419,420,401,28,424,481,397,395,441,387,377,473,488,215,351,375,273,472,40,266,24,323,159,231,75,417,28,426,21,41,439,476,469,420,59,513,312,81,33,411,433,358,475,413,259,188,474,68,305,153,102,384,145,432,437,433,10,287,220,118,77,88,67,46,405,186,414,533,336,137,81,53,516,330,282,492,395,341,46,545,344,561,225,481,448,281,520,514,382,438,246,54,449,426,516,0,0,22,229,273.8499684724003
HSM7J4PM,196,456,400,113,215,303,90,286,143,168,425,211,18,30,113,45,33,111,174,33,176,74,331,91,494,335,26,189,49,89,107,20,145,22,474,67,293,357,455,355,256,375,264,426,202,241,446,290,282,307,384,363,132,158,210,161,446,407,105,77,458,253,105,409,504,89,456,369,427,389,490,370,495,75,182,135,19,188,369,358,14,174,150,124,223,229,395,540,274,428,210,524,210,235,1,432,541,190,254,5,228,62,57,337,58,157,113,242,67,193,13,498,19,485,510,303,467,450,531,192,389,551,365,194,363,430,291,21,350,101,447,492,93,103,300,326,359,320,0,0,5,219,288.6567891245073
PSM7J15A,503,240,474,73,64,399,287,109,11,286,209,383,516,206,127,292,371,367,134,178,36,451,351,284,194,457,232,378,33,455,401,32,140,327,452,231,242,197,10,101,82,510,523,511,410,34,363,528,348,464,488,186,481,518,530,491,532,415,113,150,508,269,80,73,334,552,534,15,482,318,13,139,422,66,473,497,365,44,92,240,530,30,524,90,504,448,520,24,452,454,101,112,480,22,298,519,10,333,450,553,7,263,6,27,215,12,27,404,470,60,251,434,516,544,48,292,253,526,491,442,529,45,99,504,127,537,496,323,400,155,546,42,57,547,416,528,489,358,0,1,10,334,277.64420899671694
PSMB4MC7,481,508,532,0,1,130,8,2,20,49,495,387,404,544,195,436,330,276,434,408,225,510,248,69,7,248,111,207,165,127,357,68,123,348,326,322,290,378,427,3,102,511,504,528,523,86,472,514,540,525,520,256,443,472,507,546,261,538,234,10,534,339,10,492,478,11,383,388,526,483,526,511,468,104,511,468,283,72,480,424,488,447,363,394,530,555,399,434,87,392,458,241,231,365,149,537,246,360,528,35,496,517,504,534,17,398,407,371,544,500,295,509,143,313,82,87,491,502,63,34,519,174,132,517,181,524,539,43,27,552,554,524,439,218,80,509,524,552,0,1,10,327,237.60294457388568
MCT_f_0144,330,470,148,310,509,322,361,235,401,417,27,332,69,197,394,366,316,536,190,256,242,413,307,199,164,377,180,195,138,256,443,164,336,59,322,60,406,246,186,213,356,11,16,37,397,393,34,370,330,35,140,245,417,473,358,393,73,29,486,154,11,149,469,37,10,180,71,354,32,42,68,99,285,368,295,356,55,227,128,295,7,52,276,185,218,30,149,389,93,450,272,168,414,244,549,205,235,296,195,362,87,417,354,46,127,121,32,216,466,239,279,94,236,6,203,508,198,44,279,417,459,283,454,256,382,135,173,280,221,327,423,179,498,105,532,106,71,277,0,0,17,133,278.8153072881998
MCT_f_0400,384,394,363,239,500,504,509,541,462,364,438,310,176,173,492,312,283,295,485,554,284,231,197,225,142,287,127,272,329,524,296,83,483,421,294,320,336,40,308,479,516,385,311,337,254,429,124,59,148,84,203,263,17,62,39,13,415,205,305,511,353,5,491,80,397,114,250,193,234,230,282,286,416,170,244,320,411,448,334,313,422,279,221,481,198,306,24,387,461,90,288,370,363,293,476,239,501,557,297,486,415,228,48,34,253,528,442,1,143,286,267,381,346,235,494,487,457,302,79,43,54,507,530,335,548,277,216,56,259,361,29,556,153,421,499,74,116,79,0,0,29,278,253.90983258422915
MCT_f_0120,351,278,431,496,452,232,489,292,356,522,381,37,60,31,379,110,262,105,504,493,536,511,489,396,330,488,431,405,384,214,525,206,366,376,242,409,520,216,477,359,500,165,460,279,115,471,187,275,218,221,168,157,169,50,263,85,329,211,388,513,238,318,425,288,401,88,318,292,350,173,351,266,163,69,305,16,373,413,71,57,447,435,284,266,7,127,13,31,77,99,286,529,246,310,267,4,134,424,8,503,317,227,185,344,154,480,130,297,28,313,115,186,209,307,72,423,155,423,267,388,37,471,465,145,161,134,166,275,128,142,108,432,64,178,182,399,292,231,0,1,42,332,269.2077897567317
MCT_f_0104,108,305,342,200,463,233,274,382,288,470,113,372,276,335,236,48,104,358,51,206,215,51,209,276,53,170,123,206,294,142,292,167,190,288,59,85,197,266,167,423,242,146,77,11,277,292,463,120,388,73,112,327,183,111,201,130,134,192,336,325,288,548,414,8,205,433,91,222,89,213,70,150,462,442,131,326,154,427,221,168,273,182,437,314,304,96,77,431,210,349,77,69,219,74,153,216,424,229,277,330,492,487,135,65,291,498,15,33,481,58,180,302,289,128,364,362,183,387,312,202,315,361,278,380,296,141,184,392,138,267,117,202,232,460,345,346,170,308,0,1,34,196,272.77146356573854
SRS022609,269,307,154,297,325,405,434,435,408,303,192,126,106,225,279,206,237,341,40,91,306,334,133,116,259,481,402,136,500,66,229,309,383,163,183,306,218,164,439,387,339,39,203,51,302,339,550,166,293,77,19,51,84,388,226,79,254,445,428,185,130,466,199,306,211,96,309,275,193,176,172,339,139,424,27,210,46,136,48,197,541,322,241,400,301,124,282,125,468,100,282,366,160,386,394,353,419,511,237,404,211,164,364,333,231,196,240,67,251,165,72,148,399,406,433,140,292,95,335,284,140,278,18,86,14,74,155,228,503,311,175,515,371,274,449,178,5,143,0,1,29,245,258.64665183905805
SRS043701,410,218,256,412,439,454,425,282,300,433,135,216,147,201,486,468,395,464,461,370,497,447,340,440,72,172,303,479,369,458,399,400,414,424,174,157,16,469,362,201,448,219,365,249,72,390,275,133,49,98,104,87,113,114,68,97,450,239,292,321,222,383,392,469,245,288,317,322,241,363,320,170,110,467,66,114,166,216,89,292,327,494,120,310,278,60,299,4,497,172,475,395,141,409,248,413,2,136,238,395,201,260,458,315,388,230,396,442,348,408,371,78,257,341,290,253,148,71,251,481,184,356,36,126,484,97,304,239,216,328,132,368,426,495,4,412,23,208,0,1,29,198,282.21824763566906
HSM5MD66,397,469,361,78,301,419,67,123,403,222,500,549,528,502,7,453,499,289,544,514,286,545,341,531,9,277,222,453,504,482,420,70,363,397,172,381,503,477,29,230,200,490,472,483,382,417,366,474,482,538,506,545,537,393,426,482,282,524,23,391,491,405,357,419,486,12,480,133,520,527,341,0,411,360,375,264,492,372,496,46,487,320,476,512,491,502,532,292,500,198,142,13,504,46,8,530,17,8,499,37,246,333,383,452,18,413,106,533,349,473,411,255,524,242,83,545,40,483,540,407,48,69,133,521,478,30,479,550,507,534,469,330,288,24,81,448,511,408,0,0,4,109,257.519635667968
ESM718T9,368,273,186,121,343,408,160,344,538,159,284,240,461,340,230,314,78,59,235,179,52,189,59,48,157,318,173,81,335,436,137,40,428,315,276,150,138,126,502,111,246,211,69,416,215,316,426,103,135,181,264,112,297,372,254,232,300,305,281,178,173,375,284,228,316,241,262,304,125,219,329,332,403,193,129,281,79,352,156,396,466,427,79,524,139,89,202,274,413,132,276,176,207,211,498,277,552,533,261,162,255,389,394,469,513,401,345,109,401,177,89,250,329,261,57,314,350,304,288,119,299,303,109,153,138,377,244,343,386,214,158,544,255,521,422,393,97,59,0,0,9,14,232.01162795548103
CSM67UDF,464,65,466,449,63,100,111,113,292,212,241,516,295,26,323,495,353,401,487,128,327,148,253,139,507,140,441,408,30,380,273,379,356,336,484,112,491,450,32,64,116,444,319,475,232,307,338,506,483,501,518,430,345,535,534,422,14,495,192,170,16,184,157,138,378,274,208,323,483,162,441,19,318,124,497,43,341,0,448,497,386,283,547,293,503,259,311,336,524,477,527,358,434,522,71,356,142,249,458,300,269,44,105,401,22,107,10,350,403,426,123,13,378,22,95,318,487,464,67,513,370,195,137,82,191,505,482,254,32,247,511,65,246,374,88,291,534,498,0,0,60,280,327.42555698989526
MCT_f_0109,129,452,193,546,556,477,496,502,493,531,46,237,353,429,206,40,108,451,64,169,156,63,183,306,56,191,116,134,61,93,257,162,194,248,36,93,341,169,315,513,444,37,51,31,326,378,319,280,341,56,173,73,99,307,214,113,122,262,322,421,36,440,531,23,84,370,11,150,37,66,12,136,443,228,213,294,174,394,327,391,28,120,384,285,317,133,119,409,310,352,226,172,333,162,348,336,372,203,363,523,401,120,20,85,212,457,11,39,351,25,363,348,61,129,488,269,224,143,356,211,238,365,284,437,415,232,257,197,112,381,197,191,422,278,406,250,90,430,0,1,34,196,253.64032030780314
MSM79H89,342,362,416,137,374,432,377,460,337,481,462,311,86,528,498,83,30,33,35,58,544,159,21,156,115,19,51,12,529,15,14,71,503,462,18,488,10,173,239,327,81,271,447,361,473,125,458,417,433,402,430,223,495,386,353,383,362,207,430,12,471,526,477,394,459,289,381,525,422,455,454,421,306,450,393,476,464,450,345,493,222,321,515,341,315,451,222,39,1,437,59,328,382,43,325,257,18,163,501,38,366,321,494,498,412,185,409,393,311,259,303,278,370,358,85,263,514,441,478,494,493,340,249,246,474,407,399,360,511,302,268,58,451,545,486,381,412,311,0,1,62,108,299.15868074469967
MCT_f_0347,144,28,325,294,151,97,404,455,522,452,237,117,361,188,504,59,293,160,541,417,124,283,460,197,344,355,301,359,141,363,173,386,529,119,228,192,485,320,485,203,450,356,293,58,298,322,117,262,172,96,135,299,62,105,442,173,149,68,470,324,167,284,212,131,329,409,15,108,110,40,37,179,378,425,205,368,351,370,161,216,345,190,209,432,253,271,233,147,296,131,62,110,164,145,439,187,445,153,356,244,416,413,229,253,413,430,105,77,266,199,150,372,47,119,271,350,200,320,174,231,27,309,399,230,338,167,391,286,184,313,212,468,104,186,333,58,180,366,0,0,37,11,264.3321780741384
SRS101376,262,439,73,469,497,495,529,522,381,469,24,57,85,244,292,276,324,445,135,120,229,381,190,205,236,309,374,404,109,181,279,364,237,319,399,342,283,341,417,162,427,25,13,82,320,480,197,238,154,18,41,183,57,80,295,74,256,154,202,259,67,459,347,77,59,194,97,350,178,286,160,229,289,342,45,184,37,474,113,316,150,151,82,179,63,293,232,423,318,111,209,150,334,144,548,320,270,310,136,487,179,341,299,408,274,294,64,143,224,34,135,362,155,199,311,220,309,56,447,93,260,440,279,137,521,226,124,245,123,222,116,350,94,302,423,220,16,1,0,1,29,248,302.95628133314216
SRS014979,482,391,443,426,429,207,457,338,500,499,365,497,375,527,0,214,140,410,152,124,73,101,95,56,293,460,88,228,516,287,2,10,177,186,161,64,276,90,0,366,239,232,325,442,484,204,498,324,411,323,346,370,524,500,369,447,241,411,7,0,485,326,383,496,445,510,5,394,413,480,508,461,107,484,187,489,346,487,370,407,244,456,508,163,464,479,526,248,294,71,206,350,148,192,189,306,216,181,474,351,453,305,387,356,541,491,488,430,383,444,409,448,492,306,19,28,460,369,527,542,506,527,65,491,71,373,478,524,534,539,473,25,522,543,377,495,61,439,0,0,29,264,260.7482520884761
HSM6XRQK,39,487,498,76,106,184,13,159,351,66,394,14,547,526,347,520,343,503,390,494,469,448,505,302,526,548,289,532,7,499,31,93,258,381,320,545,547,546,482,22,34,435,450,486,459,372,8,257,541,521,517,3,542,551,482,516,264,539,43,283,311,327,32,516,82,349,447,446,489,536,359,4,134,25,549,524,342,56,538,470,185,158,486,443,12,324,537,256,247,555,385,244,103,375,266,380,465,460,432,64,336,508,526,162,200,372,57,542,123,517,537,174,479,38,113,102,546,457,555,50,502,275,552,513,215,38,28,65,512,46,461,359,384,472,291,551,520,550,0,0,10,147,225.12470734907083
MCT_f_0446,185,107,242,308,308,394,326,373,315,370,114,148,491,183,98,38,180,484,360,200,322,324,343,226,297,348,201,133,59,128,95,171,149,118,100,284,167,123,276,476,228,156,201,185,60,394,57,322,391,315,167,375,208,513,391,279,103,387,361,68,13,29,189,16,26,457,166,19,20,50,78,197,346,445,314,169,9,196,421,446,32,71,95,200,130,389,260,322,300,334,328,522,73,279,82,358,120,253,119,432,450,244,221,113,262,59,56,123,490,43,258,178,235,101,284,394,169,208,153,243,122,219,318,264,323,228,206,548,233,139,188,148,201,399,524,201,407,412,0,0,35,169,248.2079528502434
MSM9VZF7,232,320,336,334,506,348,517,430,558,534,344,395,429,511,346,382,265,486,292,51,44,182,67,44,133,143,416,267,409,114,126,182,429,33,44,149,439,58,282,529,521,92,303,306,135,357,258,209,83,152,121,254,441,461,303,291,71,337,153,383,22,257,371,25,19,210,111,164,146,71,101,66,25,111,151,392,319,67,371,165,239,203,226,213,431,288,423,349,45,54,356,82,15,382,328,243,127,238,392,325,74,149,66,17,460,165,389,296,32,309,244,59,310,96,543,218,297,258,307,501,470,55,121,191,151,212,403,411,246,504,408,124,517,347,550,127,238,500,0,0,70,168,261.21621340664797
MCT_f_0038,190,128,166,500,277,79,386,198,224,265,242,158,207,240,286,344,344,183,309,190,133,279,157,287,249,210,141,208,184,151,319,186,340,300,380,332,379,263,105,65,125,111,229,154,387,282,151,350,459,210,330,55,90,212,443,212,226,203,164,121,259,26,148,31,44,326,92,214,344,258,154,77,324,435,333,307,388,233,238,287,366,440,255,226,151,151,339,183,259,158,39,425,396,45,121,382,91,160,236,248,426,369,173,249,250,353,134,96,256,197,423,281,81,107,242,454,163,58,261,254,339,124,436,248,420,243,156,123,284,318,85,391,118,161,553,386,151,129,0,1,27,134,271.9088491758181
SRS015854,309,345,121,462,462,119,324,180,268,320,256,82,265,210,404,77,345,55,270,265,150,464,187,327,210,156,48,428,352,286,171,318,118,378,308,384,173,268,144,85,105,82,324,231,489,159,367,9,91,89,288,293,332,308,188,389,449,172,123,100,326,550,123,384,204,259,445,200,302,417,367,345,118,455,25,201,153,236,224,34,462,313,244,162,465,209,447,157,113,77,21,119,45,51,165,78,260,199,256,133,433,435,425,375,371,420,312,188,441,28,83,247,264,474,255,282,114,150,186,293,384,176,391,116,514,239,177,201,318,136,104,2,215,146,328,507,213,337,0,1,29,222,281.47362834220945
SRS021484,338,85,208,464,530,465,334,431,192,507,77,201,366,410,167,369,205,221,377,180,230,291,212,423,294,439,239,226,334,265,220,200,311,183,473,388,445,375,400,528,298,289,152,156,278,250,198,292,111,219,262,34,178,142,243,288,151,223,403,300,69,443,287,190,93,474,180,426,19,136,234,164,172,229,142,262,102,253,144,379,161,130,283,320,174,93,153,498,476,280,239,143,445,84,183,352,1,82,406,421,304,277,358,279,239,203,231,144,85,224,239,284,296,253,352,212,149,242,368,476,451,377,27,285,407,310,371,293,298,304,166,270,324,306,251,11,218,174,0,1,29,230,270.8198231438638
SRS018313,164,243,171,347,413,75,392,248,308,434,251,169,111,172,303,551,430,255,44,402,24,397,72,485,250,124,369,501,209,466,381,440,274,371,41,393,39,26,294,295,3,506,359,370,174,379,185,218,86,332,350,332,203,56,122,227,164,126,464,203,315,90,536,521,416,139,146,125,408,282,259,156,77,265,164,46,190,551,172,95,176,444,340,83,125,361,426,191,146,404,421,344,121,453,374,422,291,126,149,224,73,100,71,78,493,174,479,362,450,123,249,230,323,412,6,199,293,395,234,392,167,446,372,102,485,345,211,209,168,195,281,15,89,375,214,229,314,257,0,1,29,200,263.9058679426925
MSM5LLDC,510,386,499,319,367,524,227,161,186,317,509,16,420,516,30,450,248,328,43,104,240,379,309,498,443,550,92,363,8,207,405,96,264,45,551,198,459,380,495,84,36,460,465,487,385,26,475,464,476,443,467,118,228,356,503,460,521,476,206,29,10,135,35,375,2,270,515,548,439,120,493,342,521,29,523,390,504,528,453,527,71,12,483,28,403,520,427,262,5,531,493,454,484,540,260,523,42,467,495,68,446,12,42,1,278,217,91,370,137,181,92,528,35,525,117,236,474,456,89,51,504,558,532,31,218,523,524,67,531,537,489,418,543,47,555,496,480,539,0,0,39,315,236.06164607019804
HSM67VGY,48,396,552,111,11,96,157,391,47,395,542,454,544,546,41,423,414,212,303,364,480,539,304,528,22,44,409,336,304,175,41,529,36,519,408,368,424,78,58,32,44,469,511,484,542,7,534,539,527,474,458,470,513,524,523,499,540,475,53,344,558,467,46,533,546,42,538,495,410,547,514,560,553,39,534,541,537,18,500,552,515,530,27,3,498,557,30,78,8,530,365,28,411,340,35,562,51,264,548,80,375,519,467,541,406,556,493,489,500,457,504,526,518,545,129,335,548,486,101,550,448,233,166,537,232,519,554,549,50,55,525,84,29,57,117,526,514,496,0,1,7,155,298.84278368861453
SRS050299,509,2,217,540,406,546,448,525,535,418,350,472,282,459,503,513,493,552,515,537,540,519,540,497,480,480,543,538,449,518,517,437,552,513,216,509,530,522,534,341,549,344,402,6,312,542,210,428,287,330,340,97,2,505,445,463,472,65,454,560,177,359,534,367,333,354,466,266,308,188,369,410,39,0,430,149,275,407,408,285,51,330,450,538,216,362,453,491,523,387,549,461,506,532,431,469,515,398,239,512,153,95,353,456,458,8,352,263,364,390,501,124,298,481,365,27,15,481,33,468,14,370,429,323,64,13,419,471,10,5,9,406,184,380,23,39,60,33,0,1,29,237,267.7350428576235
HSM7J4NS,192,384,399,109,53,21,2,31,10,22,368,411,221,303,123,168,111,201,459,242,170,523,517,247,161,103,121,98,212,39,92,207,81,283,45,173,116,308,8,520,226,384,469,481,509,33,443,356,353,500,439,249,232,383,382,311,188,470,277,84,196,209,82,439,327,455,324,404,496,401,327,466,471,423,348,414,386,336,438,139,214,216,297,115,412,401,326,146,440,419,374,181,483,370,136,431,364,119,301,147,133,502,234,526,113,298,186,415,343,364,341,481,485,371,46,421,394,478,530,18,97,492,96,511,123,459,476,472,449,350,501,522,448,502,267,240,459,537,0,0,11,209,272.2051385744906
MSM6J2RC,59,451,526,84,134,69,521,267,534,89,426,517,50,513,54,391,259,226,146,162,209,9,322,419,30,54,12,271,527,59,52,112,46,293,217,275,477,345,71,454,406,365,520,456,525,511,502,507,425,479,538,5,32,521,528,30,420,518,65,340,523,532,57,532,552,56,34,531,502,521,167,490,529,49,356,537,395,110,509,526,467,361,509,540,499,551,531,91,512,487,346,503,258,266,504,555,543,553,514,94,519,551,432,536,38,550,510,2,480,539,347,539,471,54,144,256,476,521,118,507,554,103,178,42,250,508,519,86,60,68,482,557,521,67,366,541,122,99,0,1,52,223,280.8343921048285
SRS064557,107,145,305,427,364,424,406,505,453,396,174,103,294,159,473,485,470,355,372,245,369,326,429,313,496,519,519,516,417,443,414,501,474,502,213,405,528,476,451,537,523,390,222,340,183,468,158,332,141,185,94,401,162,436,394,359,436,324,541,481,39,114,355,253,215,264,438,98,218,38,240,169,198,487,274,30,2,76,40,133,59,186,275,477,256,159,429,520,492,325,410,431,410,514,369,236,200,350,51,349,414,427,399,48,3,1,453,355,23,449,232,17,205,456,435,328,4,112,16,366,176,261,405,340,41,162,190,308,286,147,354,336,223,1,9,377,44,373,0,0,29,268,270.6500753249037
MCT_f_0450,158,26,198,431,377,385,443,436,433,483,110,259,474,202,104,31,165,493,347,218,264,319,350,103,290,311,182,87,53,157,77,193,220,132,91,303,266,108,236,424,202,14,25,25,63,457,33,398,466,358,212,226,201,509,413,182,87,332,245,74,6,33,271,6,35,537,150,17,5,12,185,121,328,428,422,245,4,150,420,498,9,56,80,188,195,460,347,356,185,453,240,490,87,173,90,379,129,269,193,309,363,421,208,218,289,73,18,201,483,24,358,182,126,84,236,440,246,221,209,248,99,282,395,193,431,268,268,528,135,179,101,133,208,247,503,221,405,413,0,0,35,169,286.3675606789621
MCT_f_0161,389,205,291,227,546,520,478,540,491,431,216,221,64,437,318,188,166,230,27,246,21,149,54,55,71,510,420,66,314,536,110,37,278,304,150,81,198,88,146,507,480,222,275,104,389,449,92,175,295,38,66,127,93,236,438,42,119,35,449,293,291,503,504,98,304,382,155,94,174,289,275,105,361,452,84,402,427,489,154,353,49,4,358,376,229,418,220,429,466,125,284,68,292,203,170,287,144,257,420,339,279,451,83,167,246,212,316,28,376,64,173,421,54,132,315,179,273,257,247,345,211,466,235,219,525,248,146,282,351,323,73,285,516,340,460,179,93,201,0,0,37,335,231.03883036818243
SRS014923,477,257,445,218,336,218,87,202,78,126,92,191,449,411,87,180,116,38,76,170,275,274,52,73,158,85,126,135,402,79,195,156,96,69,342,77,95,36,115,81,94,378,260,345,506,63,431,33,104,140,156,298,429,418,290,270,424,328,111,488,395,511,88,482,313,337,384,306,339,454,178,436,87,530,16,385,239,482,150,164,457,295,346,44,110,284,438,116,150,10,58,62,132,59,88,71,77,47,185,198,314,443,422,441,515,301,313,181,189,434,360,456,359,458,302,141,414,415,285,488,400,307,406,393,291,317,386,434,451,460,383,120,311,508,402,268,301,300,0,1,29,331,257.75998147240455
SRS019968,230,140,301,435,250,443,492,503,463,515,133,60,134,178,254,125,303,266,204,219,212,126,314,266,264,325,362,415,368,284,170,352,236,129,323,319,240,331,334,535,360,398,9,444,61,287,269,37,28,20,35,19,170,219,48,48,58,295,220,369,40,206,483,277,72,209,196,204,129,95,453,303,82,194,26,303,70,197,17,328,199,317,290,142,194,78,147,134,226,31,339,387,495,331,321,133,278,144,152,477,190,347,179,243,391,173,154,127,162,280,66,118,277,164,466,153,137,190,197,148,351,199,264,79,371,316,48,208,148,201,169,211,96,244,270,101,235,115,0,0,29,286,226.74935549213416
PSMA266O,241,58,329,172,132,299,85,170,104,140,364,503,405,276,176,56,312,148,371,376,516,340,348,453,418,433,297,329,213,412,343,347,198,297,253,136,363,128,379,370,517,141,162,314,158,28,106,187,369,316,359,196,234,108,123,196,433,282,162,432,495,50,272,445,449,189,263,27,139,367,135,149,347,139,365,193,218,391,325,107,89,128,471,145,452,348,236,217,371,207,202,261,159,302,202,439,143,412,270,329,50,58,84,395,132,315,339,331,378,416,308,98,156,321,188,333,284,393,476,490,88,237,70,443,81,324,201,534,274,363,352,158,330,478,26,165,294,342,0,1,9,105,303.0491162868551
MCT_f_0297,226,513,302,253,76,151,187,70,296,33,446,416,493,208,505,167,497,239,520,506,541,350,520,335,260,11,535,448,510,328,105,376,217,285,236,187,78,446,421,97,401,351,496,453,87,458,224,443,492,437,400,526,466,42,371,372,193,449,334,457,519,271,525,52,505,523,260,55,126,110,31,360,11,411,461,24,68,75,375,0,362,170,147,483,475,147,11,508,118,415,190,10,273,153,491,2,485,498,283,438,493,17,506,182,135,135,249,505,270,445,325,10,426,250,373,69,35,347,433,26,239,192,549,428,447,22,428,148,270,492,398,462,293,117,199,460,454,307,0,1,20,92,275.0486849442071
MSM9VZJB,38,506,509,557,70,430,262,232,36,529,507,438,541,522,27,354,332,427,158,358,80,487,522,165,444,32,334,535,6,235,28,91,27,440,512,451,500,496,47,549,535,471,463,468,522,183,466,547,427,404,460,234,20,506,520,362,26,465,552,284,483,379,31,382,510,501,26,427,424,175,87,548,475,22,528,499,348,9,417,555,513,449,506,51,531,342,550,63,548,559,430,363,526,458,244,526,37,18,527,62,270,524,515,430,449,555,512,479,472,512,304,499,389,35,110,99,526,493,85,527,530,190,152,442,212,534,471,64,42,44,521,355,538,319,419,481,404,86,0,0,12,148,237.30726610306522
