Blautia_hydrogenotrophica,Gordonibacter_pamelaeae,Lachnoclostridium_sp_YL32,Faecalibacterium_prausnitzii,Clostridium_bolteae,Clostridium_citroniae,Intestinibacter_bartlettii,Clostridium_symbiosum,Hungatella_hathewayi,Merdimonas_faecis,Clostridium_asparagiforme,Alistipes_shahii,Alistipes_obesi,Subdoligranulum_variabile,Anaerostipes_hadrus,Alistipes_senegalensis,Alistipes_timonensis,Dorea_longicatena,Rikenella_microfusus,Ruthenibacterium_lactatiformans,Culturomica_massiliensis,Gemmiger_formicilis,Eggerthella_lenta,Prevotella_stercorea,Agathobaculum_desmolans,Lachnoclostridium_phocaeense,Blautia_sp_N6H115,Paraprevotella_xylaniphila,Mordavella_sp_MarseilleP3756,Bacteroides_barnesiae,Holdemania_massiliensis,Blautia_hansenii,Alistipes_finegoldii,Bacteroides_plebeius,Blautia_obeum,Flavonifractor_plautii,Faecalicatena_contorta,Coprobacter_secundus,Collinsella_aerofaciens,Bacteroides_stercoris,Oscillibacter_sp_PEA192,Bilophila_wadsworthia,Neglecta_timonensis,Alistipes_inops,Bacteroides_coprophilus,Marvinbryantia_formatexigens,Alistipes_putredinis,Bacteroides_salanitronis,Anaerotruncus_colihominis,Bacteroides_dorei,Parabacteroides_goldsteinii,Ruminococcus_bicirculans,Faecalitalea_cylindroides,Bittarella_massiliensis,Odoribacter_splanchnicus,Bacteroides_pyogenes,Coprococcus_eutactus,Bacteroides_fluxus,Prevotellamassilia_timonensis,Bacteroides_cellulosilyticus,Butyricimonas_sp_H184,Intestinimonas_butyriciproducens,Butyricicoccus_pullicaecorum,Barnesiella_viscericola,Eubacterium_ventriosum,Sellimonas_intestinalis,Clostridium_methylpentosum,Coprococcus_comes,Ruminococcus_callidus,Bacteroides_nordii,Clostridiales_bacterium,Eubacterium_hallii,Parabacteroides_johnsonii,Ruminococcus_lactaris,Eubacterium_ramulus,Bacteroides_ovatus,Coprobacter_fastidiosus,Eubacterium_eligens,Roseburia_faecis,Prevotella_copri,Fusicatenibacter_saccharivorans,Blautia_schinkii,Odoribacter_laneus,Bacteroides_coprocola,Negativibacillus_massiliensis,Alistipes_sp_MarseilleP5997,Eubacterium_siraeum,Ruminococcus_torques,Barnesiella_intestinihominis,Bacteroides_fragilis,Eubacterium_rectale,Roseburia_hominis,Bacteroides_heparinolyticus,Provencibacterium_massiliense,Bacteroides_reticulotermitis,Roseburia_inulinivorans,Fournierella_massiliensis,Clostridium_scindens,Christensenella_minuta,Pseudoflavonifractor_capillosus,Dorea_formicigenerans,Erysipelotrichaceae_bacterium,Bacteroides_caecimuris,Roseburia_intestinalis,Massilioclostridium_coli,Merdibacter_massiliensis,Mediterranea_massiliensis,Butyrivibrio_crossotus,Bacteroides_vulgatus,Clostridium_leptum,Bacteroides_helcogenes,Clostridium_phoceensis,Ruminococcus_gnavus,Angelakisella_massiliensis,Bacteroides_pectinophilus,Lactobacillus_rogosae,Bacteroides_thetaiotaomicron,Clostridium_glycyrrhizinilyticum,Bacteroides_caccae,bacterium_LF3
-1.0395748422967177,-12.630330012419957,-12.630330012419957,4.138439433936714,-0.8630322192522222,-2.297008708972875,-1.794998516320124,-1.0974120351708407,-1.984783490817625,-3.009440621486023,-2.204584158308476,3.411032486277636,3.887859767023462,-0.04234948638802294,0.8385995213034292,1.2826375688186697,0.17290482774021232,0.297769117504183,-1.0625125263354729,-0.31250875607022177,0.3954565819294986,2.1632655606778277,-12.630330012419957,0.9342715216253374,-1.9689071397160056,-3.2000805889115007,-2.2105136276046924,-0.7261727723506013,-2.16950106591014,-0.9308272548554992,-2.2846376133400117,-2.1428011499920245,3.309257873426346,2.841107994121666,0.8781011586338403,0.26170323116462857,-2.696481986749946,-0.2803097734723661,-0.32987413641760455,5.626983485100563,2.393695285101291,1.2286540930375427,-1.816940965484081,-0.667405909868025,3.1446306441547778,-2.7012574282768913,4.882045943882909,-0.05220851533723714,0.6709539168898653,5.695837277057068,-1.985848374506567,1.9998403361852404,-0.4013984951617653,-2.7473509809008654,3.508872921654771,-0.5674021487994194,-1.4193574824417379,2.310865349863543,0.9611567824532248,1.6643895191776954,1.683129339823327,0.7388798227003086,-0.06718393343074425,0.655638413119485,0.2932268260812858,-3.353063966556947,-1.9223970349290163,1.0910498693614326,-0.3909897627105119,1.194174726956157,1.3910153127591238,1.1642121715812133,3.120304837006789,-1.0709679627229889,-0.24834618815513743,3.787482710920994,0.35203545863682884,0.12299330424687316,4.002675644333521,-2.158461918019423,2.0744554075460018,-2.9826216149491174,-0.2502285326213416,2.652986663744426,-0.01247202556678495,-0.20649849560343458,-2.097312906637649,-0.9052479273956973,0.7068948394156278,3.1992842143951554,3.3192722095772593,1.481294994059354,-0.23822606339087393,-1.7185989650317666,-1.8982516928254185,1.8879411545022657,-0.5546372113412215,-2.8502650922141815,-0.2871227715253406,-0.38136891585607824,0.26712523922180686,-1.9779930070965914,3.2269732955261476,0.9740464658743724,-0.9393649709347223,-1.465410600596396,1.5347955117888965,0.29650958650397197,5.247454250439281,-0.3353241407927712,-0.2536321622244335,0.6740290975959438,-1.526517247382964,0.2931350105185029,0.6697057108645765,1.3269900815584341,3.731554365393153,0.1727997167725812,4.2455438606119795,-1.4889643928920133
-2.553485864638998,-11.965539498047235,-11.965539498047235,4.680685733626947,-0.4715932779584042,-1.235474986021722,-1.8447557212208663,-0.2897540046407885,-0.7456670028306371,-2.8816107697935047,-1.8659406486314714,3.0762527335377445,2.313374892242857,-0.14986600961466046,-0.14867736269352072,1.129522917073861,0.33114789857424665,0.8226162165490738,-2.4261030995393655,0.37549175064233875,1.0498312700573251,1.4593432237407535,-2.0346575986833555,0.48242680087661327,-1.0175144067679662,-1.8628146864959687,-2.7633068418463163,0.22370689841009828,-1.1282424304017225,1.3369208674304351,-1.0880447079140643,-2.235433449156937,2.6610254977762233,5.486053108150658,0.48154347266252273,0.5715881343845162,-3.0103822944596272,-0.33697605103188355,-1.6207096806974723,4.706976617103267,1.6464998258742352,2.3492630534430035,-2.3019767623055083,-0.3330916676392066,3.5074287848531425,-1.5452291229881707,5.14816030302813,0.7153266029080569,1.4780740895725746,6.167950778319003,0.6643164022609831,0.13303419614269263,-1.2335739003926873,-11.965539498047235,3.2351138249317435,-1.9813452621098309,-1.3101638547627106,3.022406447978665,1.0047702722583667,1.0527695679219553,1.8173091300990905,0.22209585552585853,-1.4376339004694865,0.7080569737002884,-0.23382084077601117,-3.218700417795472,-2.6567582333254434,-0.5448851124514293,1.868613318895874,1.9261964590250678,1.2721168772957085,-0.3697013395441795,4.091031101674104,-1.1891098854059452,-0.510325393418344,4.137136315527174,2.2426530723777525,-0.5703889949750112,4.228479268899557,-0.9964657551277307,1.4042354438994566,-11.965539498047235,-0.7732472841013296,2.695244550913414,0.09069328298030399,0.6791376052638896,-2.4979696563561946,-0.9313151623425666,4.2740265956755366,1.559466649228952,3.4395602747960465,2.311128433039756,-0.47945201008510363,-2.0779308760799085,-2.446560686068957,0.6963458592316041,-0.755189539631874,-2.3794543953014005,-2.7435572220026954,-0.3830643673038674,-0.2533344356814924,-1.1069494855610662,3.4806369911005497,0.4383878589643775,-1.8319818173078461,-2.701013653993704,2.4878960440429285,0.6648223719885973,6.249056497417287,0.1048792247529855,0.7371863585130649,2.404498884450433,-2.5738592939004095,-0.5700231578996258,-0.3161700063862414,1.1058237977099994,4.3376439584990845,-1.3630759667974166,3.7192685645968613,-0.516761454900764
-0.6045770711146954,-13.178741262144825,-2.550108704119034,5.222715750767433,0.8419662404682864,-1.036880251235094,-0.14303221201686167,-0.23151306118773896,-0.8390045208508106,-1.9827387549127584,-0.4266825646656862,0.5233594814944587,-1.859736497286085,0.40734682525124466,0.5886379879108619,-0.037603465482524356,-0.388734444491428,2.069026255253651,-0.4848086164518426,0.9455445635667958,-2.1129252613045884,2.319578725484603,-13.178741262144825,0.9450506175477837,-0.7053725827474491,-1.7287532144398954,-1.7610790571231236,-1.1300977760085216,-1.128455130074852,-1.0104193744860384,-0.4375041671049482,-1.79237898715325,3.555064837874822,1.9225454348317337,1.0432387572749136,2.7207498786018425,-1.0143569863024924,-1.6588585448786342,1.021576236597328,3.1444039787593163,2.8750953081221162,2.922096616127261,-0.5964921872130198,-13.178741262144825,2.429619439434771,-1.4272265253899379,-0.031134277292313328,-0.982510197769666,1.6485916418703628,2.6730257355833693,-1.3495359727563594,3.5290517220456716,-1.204761882148234,-2.1069408450259894,-0.6150227865479252,-1.808875299857056,-0.7135918405354751,1.8322015522461683,-0.19060306397432303,-1.0939739488585323,1.080577068029278,1.8523753907454852,-1.238726859214201,-0.5111183946148765,2.3171909962039052,-1.397660357864413,-2.0583326173146075,1.4171088687714706,0.5990046094635071,0.38989337704480587,1.874615421834922,0.6945231728807135,3.4492135505544863,-0.713936907470262,0.6852305563270411,2.6095057400993307,-0.7765334095336955,3.406226452635652,4.318753009343796,-3.159375077201653,2.093175044385352,-1.6852619452293416,-1.596257958445773,3.1104825037420856,0.17487547719809982,-0.116465322385916,-1.2469656907656264,1.290177522338249,-3.158211013076097,0.42030735012848286,3.755410554347408,2.3963209236055905,-1.8340736875308314,-0.9661076528983363,-3.401284851840926,1.6671046024681466,-0.20134762991531296,-1.9891403803077052,-1.9673382505411139,0.3132744231055975,0.6180185235166054,-2.2897504386701533,1.7903961451985504,2.2961322165694824,-0.6151550835633417,-1.0679382351940712,1.4607972385271628,-0.0920424388745884,5.6901824810153485,1.966712964586117,-0.2957029490662002,1.3194611962708391,-0.7903493887173152,0.7385683721717404,0.7360662921158667,3.825086254456548,2.3639201937252237,-0.9726695993301986,3.5574326309568582,-0.5943487126700484
0.053617062110186055,-9.00876519408557,-2.273408767297969,4.967136122874918,0.3760143971383843,0.15604238985035046,-1.7644056200742633,0.3824459946274654,-0.09959895409511728,1.0543710056848343,-0.8242711714107465,2.462321755287416,-0.11439181768909752,0.9787089216813355,1.7831560867566594,0.8219668045728614,0.4460280911082896,0.3899565164789953,-5.687606786103199,0.6280654862416538,-3.9860820029994684,0.06456362708482555,-5.5434047011190835,-4.037259579656214,0.2106565090146093,0.13378341144451392,-0.6613203985381736,-4.595821443050831,-0.4504729242466861,-1.2935300255065751,0.3134258144293118,-0.46000773224196606,1.0516507092936191,1.491271739256467,2.429737419015781,2.177881361457659,-1.9496740320351857,-2.3369911395372185,-0.8513890078596636,-0.3172339292412447,3.11579470111664,-11.847304752369595,0.384529492403017,-3.469989793429366,1.4120410701353976,-1.3981382651079206,4.607261514559171,-4.618779891455422,0.9585872690994076,2.491014945032974,-1.5319311140324672,4.2850014950793005,-0.9050070701483417,-1.8161321401127122,2.0394008399167642,-4.686124069672364,-0.26496342026208336,2.0778617452036925,-5.461452702040014,3.560785452399575,0.7499579941801242,0.547861873103502,-0.3457959573478009,-2.146168665133773,3.069406505015619,-1.9533882745743114,-1.5555929429824207,2.547714231268649,3.011012477149171,-0.7228271947907311,3.14481252579298,0.9171344855012752,3.4946471004312,1.9706534688594324,1.2523208687788838,3.0896384501632532,0.5461585160825025,2.7588067998055466,4.01470983630925,-5.6739495628608845,2.7327075836829002,-5.275427952609397,-8.875500718959334,2.8170725696958647,0.8864115050441065,1.3930857885822583,-0.8888873787073749,1.1689644950574924,2.8418202242831394,0.7748391967908903,4.630816622326112,1.7168947248533168,-5.473348319926143,-0.5373863176472051,-5.852293633231315,2.65816085042588,0.4553087857934622,-1.1541853529398274,0.7640640397331359,0.7471922120799631,0.9318117437490218,-0.600764630292335,2.111560436540996,3.202090105705141,0.519201625009616,-4.464470584577922,1.6065902265621628,-0.05614151067742501,5.752807931424766,1.127177816108971,-0.8658295138000103,2.5008461514671154,0.2110608515339424,-0.326743825635129,1.2559563498891517,3.225506513362395,2.50993943756415,-0.10928353774963166,2.5078698295862085,-0.33622817978803915
-2.3785331190730563,-12.74332121459434,-2.8283685286297082,4.750775861727349,0.28693004810797024,-1.13005942062129,-1.4744199790865944,0.3606795152076196,-0.7388273368825388,-2.9880742829165445,-1.576838127674975,1.543043369766431,0.31359094477899624,0.2103149049615265,0.9435567321009447,-0.5662629667883818,-2.406905325373175,1.6217568390836183,-2.1387300167392103,0.18825644674377084,-0.518220422676856,2.7649653027581245,-9.416816032243995,2.9562597961427124,-1.567949187807038,-1.76936124110508,-1.5806013028944708,2.7394619199728063,0.8014908001239265,-0.9308852403716182,-1.2658429657621941,0.1792868872372916,1.5861316204785385,2.884586698284904,1.9684139154664162,0.7703899071198123,-2.37014310816503,-1.4548298773104158,0.32218049609054233,2.8792116995318104,1.3969105673750535,0.6607701504477301,-0.9569332658829349,-9.64395541165347,2.4946422917413553,-0.5642346042921978,3.6425900999619376,-1.1483325152033756,1.1205113145237682,2.5592429191140327,-1.5338297882646341,-1.0966013372160905,-0.4138322134182033,-2.1826785576353043,1.8816262319959502,-1.950592361194128,-1.5272772583842957,1.193857471924665,2.74735616873665,1.1464272700998177,1.5369758335163421,0.07812304894802906,-0.9793541141844289,-1.4095242502958938,2.383492757806553,-3.282715446776954,-2.7848483328315936,0.2128605523917028,-1.0467284177954201,0.534461985608095,1.0402467681810703,0.5422356218888457,2.181528710009377,-0.6898227881427695,0.6947614924276891,2.4312363990274415,0.5145196890404021,0.45797648538476415,0.4359393240296381,5.844019126212513,2.086974184373939,-3.1675445146423535,0.6529076571039539,2.659064479168483,-1.296242939341741,0.5539512510925716,1.6685260651223601,-0.9439732799896952,3.077798383274999,0.8926094757850432,3.565436313919174,0.9092432468135669,-2.415602877863146,-1.2640562757836804,-2.3533868824486963,1.866089047368341,-0.2656014532396629,-2.679525739758517,-2.458356477471096,-0.481810908107921,0.6573808265169762,-0.1344299875146359,1.9102954347700327,1.0334581966660126,-0.038574169458482764,-2.254198946407435,3.7294374925880844,-0.06739214685256349,5.364397112331311,-0.7327405648761086,-2.845639814571271,0.6898295801122769,1.714078140877272,0.46351976725247085,0.1879209947016142,-1.0201469907144514,2.2858253441033716,0.03122351343715805,3.2216602568832555,0.4502515785888515
0.8739772327432332,-3.9118457693300464,-3.891410066162861,6.091588219337265,1.139658621181731,0.676995618740421,0.6180907552371492,0.5272651361667716,0.3925892360866999,-0.63327310326664,0.3229833597470275,4.379105870713919,1.097966875081978,2.5376280518662666,3.0549690934446097,1.8637102227528493,1.154440692078652,1.9033047690591012,-10.254239606204946,0.7823308171714934,-1.9817077209235672,2.9287064226121196,-4.45560003300824,-4.321535907432891,1.6563622805239513,-0.04817025284175477,0.3015873815636863,-3.462796917115638,0.7317089977165375,-2.464037667693376,-3.4012965074959927,0.7297608926353435,0.9646696238607232,0.7902506583464021,2.9303856229885135,2.020543824609524,-3.8614016843858714,-7.661605448591576,1.6110181745048713,-0.4662036748063265,3.6111024924710367,1.3900282078616308,-0.10347425813316076,-10.254239606204946,0.808689957638031,0.8403762525867036,5.494608100965024,-2.160766448892458,0.9841526327256519,7.744235672431525,-3.568074162716631,3.0885979772685626,-3.1794193866812357,0.5040114133827949,-7.265804106734515,-7.038367090655323,3.68724458396393,0.10189785247513683,-0.7395479795208475,-1.2795925516432327,-2.9816242248213363,2.66970955131688,1.170364237222197,-7.570542664675325,3.381358895444689,-0.8500687056347301,0.588178350375404,2.346011537983267,0.04256919818824123,-0.86676689650093,2.6049872261944595,2.3732907068579645,1.5804217441876423,0.43547441515008245,1.7954739924056682,3.3421035858343995,-2.9234429390614456,4.248506908609129,5.1564478165427685,-10.254239606204946,3.846940548048368,-3.928782763004405,-10.254239606204946,1.3104809433131528,1.2486176500399162,-0.5676527070653359,-0.04429588991713492,0.5244839975311789,-2.5145449475169177,0.018336435667492285,4.800432042149597,3.767989725494535,-10.254239606204946,-0.43826245296154615,-7.48441100358491,3.9142497331631048,0.6969324077244545,-0.4494576894419791,-2.3122508006861664,1.9686734089758045,1.9835316766842352,0.08692337786751854,3.5374440560062403,3.5466906097183397,0.925242872611717,-4.236930259655998,0.9036991059673222,1.9516216013070844,4.571875825049007,2.153533700127874,-2.029719433262914,2.235786704511838,1.4825803534185642,0.7866416109909258,1.7391840608645284,0.970249606003945,5.5102873579926355,-0.16813798398684732,0.21681772535498242,-0.23666876660320568
-2.0287878884018227,-7.77864612332159,-3.058596736372415,4.406600600167866,0.12429065899692526,-1.79415621645727,-2.3133331526462273,-1.1310584796931895,-2.0319927167588006,-2.2530226300432323,-1.3120953663222124,1.7395090505572117,2.0168855689422216,0.06318950005255486,2.040862757902601,0.018389420602554107,-0.776112526152887,1.1097372611695349,-2.2594929061103155,-0.15732173247619752,0.8544731231895457,1.570605900441981,-8.167931865431472,-1.1903747530076325,-1.4369523205005805,-2.0945189271714995,-1.3417589714567524,-2.37221602027749,0.06426405148069358,-1.2946267657327741,-0.7795974995345634,-1.5675726269877774,1.2412213581377332,0.7912165303708854,1.7414984044087922,0.8092232883455379,-1.4876284091957346,-2.775209089666748,-0.34805611493602306,4.99620381219298,1.4966868261991144,1.505921901103656,-0.7461448442384335,-1.3595862660412976,1.6904512964293188,-0.16178983679044956,4.013964153486279,-1.2833013176321444,1.3401310953292311,2.3936443743683387,0.35687688294183983,2.3725092333588367,-1.483977172361043,-2.467807396754444,0.3654033752313075,-1.6455299399536054,-0.7177254816524483,0.8716016272158185,-2.423334401853797,2.814696676225307,2.2334416911309685,-1.029191455593852,-1.3607453197366395,-0.9476587011279185,2.3750499386523614,-1.826536542973911,-0.7668305685126402,-0.10633702004062995,-1.1555529176449566,-0.4040434740974401,1.1871229933709602,0.8832463928399932,3.237710657325822,1.9103761641635195,0.38207614233019216,3.5399543459633906,0.5338981346691258,1.3593559375841044,1.68443575564705,-2.588746331149702,2.380824895226488,-2.273949926712497,-1.3971635325649796,1.0443679868574924,0.8747075393817934,-1.6178034434900432,-2.264797859375329,0.10282019029675604,2.9552375082958435,2.905436594572854,3.364918623088418,1.249250998081762,-1.060206156859881,-1.8808401878101684,-2.8169843984796836,2.504817805037312,-0.027948445256115395,-2.509123771225357,-3.3043116324690365,-0.36142185960979356,0.33595108449344124,-1.5970885098443919,3.3896883587451767,2.877130106910681,-0.6911962618168346,-2.083696317551648,1.7916765116695936,-0.32112778041918677,5.448693978922787,2.0187511804054017,0.4647984158611389,1.0544219370112158,-0.8243891189329453,-0.17572453565228185,0.07671589689309188,0.10115134361640843,2.575745857346094,-1.8373904932773106,3.457494166517629,-1.8402648035995508
-1.166019157772343,-11.096605596254147,-0.6774454413661237,3.811161013049073,1.1722008820753156,0.13280113466133514,-0.7955641081600824,1.674646567335556,0.17415299807193296,-1.3657527570202141,0.9660106600781564,0.6955948662470162,0.3717769564761424,0.17549633394837283,2.4703665039506073,-0.2739514460617887,-11.096605596254147,1.9762180086827534,-0.8057960263141961,0.7819329713961922,0.41720875010592895,3.505575168897561,-0.40184691450648025,3.7120693927510438,-0.9139912898584814,-11.096605596254147,-1.4513624163685765,1.4262076538728468,-1.43351734668859,1.8391505962144699,-11.096605596254147,-6.472861553214623,2.668690441157352,4.078257970122939,2.3647512332447107,2.9084027259857375,-11.096605596254147,-0.0829960064892834,-11.096605596254147,8.125598091110431,3.6491054264161407,-6.185087436136884,0.18440781373787107,-1.4810833766880123,4.727221662681018,-1.2021722097531553,0.2996431617532531,1.583125055268011,1.277171222372813,5.593780715166355,1.348748706987943,1.7304799374120376,0.4840202292939271,-0.41001902844366445,2.5897627758910384,-0.6779563798642849,-1.2787674409786751,4.554747860152943,-11.096605596254147,2.261337278030353,3.7570322656437685,0.5510154375684957,-1.8095853406380167,2.224944721164481,-1.1864843595418453,-6.346477053257684,-11.096605596254147,1.4641261957337606,-1.2083518479514908,1.1530643728412189,3.3998168132017357,0.21484117047760432,1.7213794558329765,1.791427738946246,0.8262558662101078,7.1220098577035715,3.190364571005512,2.7340760196208227,3.8750116477696332,-1.891507746043339,1.1806362335260268,-1.7309596505765201,1.4662081753338945,5.716808462183161,-0.9366380342168004,-6.536158022577651,-1.2099374195685826,0.15826014729851767,-0.9873949183365038,2.6606016689465974,3.3597196431867267,1.1989304436333663,0.59412565375768,-11.096605596254147,0.619353991291967,2.2236334777189466,-0.0392833803691186,-0.9934229993030623,-6.510574899288946,-0.21580820340870766,0.5255567548577895,-1.0032810541650043,5.562423111481531,4.891487183675362,-1.6935611635717418,-6.530001603336034,4.15770713341794,0.6858862545187598,8.359332946972383,0.3094325833803815,2.004813994678718,2.5977414125559584,-0.2678931880633657,0.03627458778613235,1.0062078532934855,3.611566029069847,5.084382345880268,-0.9084938848518611,6.828578002370846,-5.645401518096426
-2.5011559406551407,-1.1151052571885762,0.3023370764888744,1.7486226419071855,2.2631353555373663,-0.25550455095366037,0.12487282336373262,0.6909072739508636,1.7951975289796194,-2.0031465817984615,0.0893206891803097,1.4855850160194821,1.793793649145763,-0.2153426215264004,2.033186385973372,0.7767993389564936,0.30038161454161205,-1.6936540923937544,-3.357667335113453,2.1164038355390913,1.5100476184918208,1.5148359174921593,0.10813607577345596,-2.406085279153346,-0.7859220654842961,-2.3594712010585623,-1.0177764103082474,-2.417843022255405,-2.1926446304349123,0.5155958336303014,-0.08932762101448777,-0.7750522329530624,3.117300118897879,2.0569873761595203,2.9575111686739692,2.2241816104284937,-1.3947187561487346,0.09328905501298863,1.9580686807572192,-0.09931577982366857,3.104243876151131,-11.728159129714506,-1.1624692438790352,-4.119188257258453,0.8184157473320939,-1.9248005018814884,0.7096034625822414,-0.15342711594890593,0.5694169734549618,2.97843118083598,-0.8123809108611612,-3.1384163063020494,-1.504946587835513,-1.671605562827409,1.7740838329641726,-0.3200439891040559,-1.7424682534792941,0.5784388887988335,-2.5888226192428436,1.8876817890470985,1.7978011805118161,0.9663518096204955,-2.164426929559234,-2.5783985427898135,-1.5341397209349976,-0.4090581169294296,-2.4888254239551193,0.5053004977479935,-1.7569452644416759,0.9382889497452718,2.8063462250794906,2.2052439602796876,3.596619793847823,-0.5778501019337993,2.2742204508948087,3.729713798600349,-1.4697727509431582,-0.8913931431939673,2.0133322508582365,-2.8653281766497307,2.2794793451255235,-2.4485863112466495,-3.588776424655883,1.025620981756598,0.7292217216489126,-0.7320866903485991,-3.3263555506726945,0.9248473799632831,0.4316104283913755,3.9372397901095373,3.330191142844916,0.6971413596312775,-2.130288621385924,-2.8341647753258017,-2.979052701344196,0.7275699708491876,-1.3363780638540552,0.5520636619851151,-0.6390392541759272,-0.5977787567705048,1.1764047968976827,-0.7605076295059806,2.814435848855131,0.9221209341919957,-1.0186515174481727,-2.2583989754616978,1.298116154597653,-1.5698991667907078,5.55930962233101,0.6895687432034808,-0.6204661557009009,1.3987608485794432,-0.11807745530996853,-0.7227327623533158,-0.0671681529781818,0.14085072914053795,3.2393276491750154,0.04009383570825905,3.950339835318193,-0.6633371402991383
-0.590198576087286,-5.83998298396205,-1.6725001302972158,3.8374249876346,0.32755301216371,-0.9140992830497726,-5.60634561326061,-0.18526991434325465,-0.3820364720846528,-0.5534990449979652,-0.7692070304175097,3.768834014741678,1.199308486681926,0.9205172965253059,1.0999561445416581,1.4153955088434556,-0.1613754941876214,0.9491725800502605,-5.510078887107757,1.427584972362869,-2.7347848730892648,1.3131211352138588,-1.5187904562801633,1.9152045193059266,-0.5609832901840406,-0.832575638899085,-2.062762672188676,-0.7285951847343538,-0.7346909284337126,-0.5155256737264846,-1.3685154077516495,-2.4565512527646587,4.503869108345915,1.9785034770716845,2.3876282928794637,2.2562057213565008,-2.406860900400422,-4.643841014822407,3.539182519111865,5.261563933086582,2.961105581819691,-9.562172128129802,1.4916140321616602,-1.5199707589354992,2.8680914948282674,-6.2589587305735135,5.652379105942753,-3.7160017335285587,1.3961174558327418,2.394877107051108,3.403324973645635,-1.1823749691576435,-4.299196390181025,-1.5147221620771691,3.332335372957244,-0.31399953046813717,-1.8043394047482773,2.4411897328784273,-0.0023784303229493395,-0.35928216689813147,2.205767980904883,1.1527039263607595,-0.8868986896191468,-3.8208984710495772,1.274438904382679,-0.27935577976894016,-1.1218953021972504,-0.6734430929804294,-0.30700099746493886,-0.6457026503444648,1.580435592786958,1.7532991900815509,3.9976812640586563,-2.0415808596082416,-0.8363654473087415,4.347083901702116,-4.279078019853764,0.5768091548389632,-0.8230035954841215,-1.6935130102201041,1.4066116440906298,-1.710912668506011,0.4095788358473082,1.9697135615947758,0.8814907568791677,0.124272317092613,2.814339801078004,0.1120889382409785,1.3387184078026835,0.7061317581205339,3.4082378160872078,0.9486908009843648,-1.5068819415336767,0.046915441256724456,-5.477549337925946,0.5098495325215863,-0.6515654749655324,0.20859890976821838,-0.41846387012268416,0.521344961769984,-0.1291688970121155,-6.026008219440338,2.8753176234596522,0.34221704046840884,-0.798317658047346,-1.4604966535411859,2.0159294225171265,-1.7725007167964895,5.984441492941414,2.8200016083555783,-0.20077201125090127,1.2979466345137889,-0.7155165975595636,0.49053133375960023,-4.327698711441159,0.9489909080520252,3.3643784369768155,-1.6804952612933521,3.724906200009101,-2.6339736029121226
-1.0255462227398624,-13.509951680699173,-3.770582516803815,3.409039113235188,-0.7241154875380973,-1.192362887467569,-2.160824836598943,-1.087805974774371,-0.44184648591010944,-2.5710766215829555,-0.9010640019313367,4.18638936273633,1.278319894618332,0.5840883607734773,1.9282663940683085,2.0462855690017268,0.9613674351940551,0.3639229165362483,-1.5695938679257253,0.5583887023917162,0.18321516766927104,2.1529379347400477,-3.4990022478739142,-2.4233573611887245,-1.0740924390034507,-1.5480712640142773,-2.0996438012426015,-1.1508978054867605,-0.9472584287298265,-0.8310496587472471,-1.720960935930984,-2.7583061161929,4.245752409021566,1.9385771789861268,1.8030191766021382,0.08003758031170172,-2.595338280150779,-2.601602326210376,1.677428831745278,3.6730168328940818,1.7220085429492693,0.35806818027739595,-2.023726608201052,-2.7748466019422846,1.4988745446638267,-2.2128897861650714,4.233454044371206,1.344395546842959,1.2387862394020948,5.877541134909109,-1.8235268795768214,0.7387502845331575,-1.3909373038328283,-2.1798231741281473,2.9696094165381712,-1.584031447547007,1.3110062806468932,2.5221202510015654,1.5414927069508009,3.3471631804776742,1.784832864214283,1.1177080688882057,-2.2377532506236815,-0.7350715309586375,0.03219717208413986,-3.6645184736720378,-3.0635199556552415,1.2994682527461272,0.7333773100252943,0.5524885769944001,0.8801474203880666,1.1503515812727656,3.3629021940571007,-0.22007168439701807,-0.30115991231468797,3.0143372805033595,-3.026531747976538,3.264366306471945,1.1638145664765958,-3.096362048795678,1.9314170534202226,-2.556239708595003,-2.349675974899583,2.576655553506286,1.0832751218548369,0.15896214077579618,4.049468871393302,1.0892305724225197,-0.15541474957879942,1.8767112010096323,4.166927306502881,1.2104525536449744,-3.622380249120855,-1.8768795644917944,-3.4037714408623874,1.380550062900575,-0.4842626278803026,-2.6542884311236215,-2.309777485682151,-0.24747070555917183,0.43361754665286156,-0.7874377445766827,2.3171892992935774,1.3057877136141975,-1.3238664594076308,-1.9223128462341865,0.5148968438576134,-0.37864945441643805,3.2400917665374735,-1.214941136318206,-1.3287058619004295,0.5608898568248826,-1.879936980836911,0.43614354056111626,0.07001723496822976,-0.5725061499032105,2.619024658789664,-1.5110385354982654,3.9527065754847377,0.015347479188887903
-0.39954142240068924,-10.692088060334997,-6.4119183497316286,4.4723545696380445,0.27938709437327525,-0.9563607943716423,0.11319686916476712,1.4690733575199495,0.9778570422582766,-0.8207312505607249,-1.1714610518181674,3.678184586665989,3.219190192264545,2.606622356617324,0.5105103089199847,2.783245710499083,1.0754841513117523,0.6998919312840863,-1.4613131435730171,-0.352494241734,-0.5287874860285999,-4.2646933124679025,-10.692088060334997,-5.6639724193423735,-0.8056941472121952,-0.549848831410642,-0.843921605450848,-6.02019698284858,0.4623564649552714,-5.392456159801697,-0.3731404667143088,-0.9526564863943214,4.080478024475602,1.456666154839759,2.0857218858357913,0.2940052147694736,-2.5217670454226866,-0.8926243223012404,-6.677120352439898,2.004873956490146,3.4173358283319,-0.8684885153828423,-0.2705305084576093,-5.476471000740527,-0.3639594674544666,-1.1483856615762615,5.434137747892265,-1.3161982531247975,1.1249843808674451,1.0875089350879739,-4.226546819024143,3.0876519467106824,-4.922004941552111,-1.7496717911840056,2.437287440121775,-5.788653850023493,0.21562588648536174,2.6725432792436354,0.2720756190760967,4.61040811542708,0.44713530634236154,1.0984992215543858,-0.9599289829692621,0.6892693906655927,2.023011580681313,-6.49639515883966,-0.4672021935010786,0.9863590057930942,1.7505155054230026,1.3157758642827644,2.0360093738182012,0.22834676736938242,2.8537762598706102,0.451101559898492,1.2671365011894777,2.6475437579136556,-0.5412879448774262,1.4506554584945555,4.5156261949509435,-5.741673762656927,2.0943066720073054,-6.130276156401817,-5.816309322492049,0.8646226941492041,0.4636130856381109,3.9921347168731742,1.9562172479720386,1.2002367272778867,-0.6587100195506985,4.164617934395455,4.831845037611192,3.3004207090108286,-1.9800404597392962,-0.03996293060589995,-6.647512708407811,2.979243000533469,0.024021215730231305,-1.3684143665214314,-0.6834755862345339,1.9674542453151123,0.22513794047387137,0.3619566161071286,-0.0007818084068800246,5.610569858661313,-0.06667240294726362,-4.821467619556581,2.0504382685990903,0.7266167700808066,5.627399437051389,1.1997830435445178,1.6673092431184475,2.7620432273549493,-0.5194327548965374,-0.2610194797201899,1.1512756247384597,1.4025736604667758,3.8087118540124614,-0.6272651505847202,3.16574567807358,0.4159003019531995
-1.3702818341938503,-11.426968231323483,-3.1424617509814414,1.7924878816456085,-0.46983109513799803,-1.87796672489549,-3.2760163681081025,0.38999416525977715,-0.21076196384248558,-0.6628586622345161,-2.0317687427015336,4.020711610271093,3.9710780330710787,-0.34925305163025744,1.6049546856887549,2.9348372510045584,2.2286342746460406,-1.7910647888282565,-1.4997946118182028,0.7664932993644777,0.935995056556644,-0.17160854395570624,-11.426968231323483,-1.818608454902023,-0.5447053873551138,-0.7823424003021406,-1.2956949504592572,-0.08393231452936423,0.36522444933685616,-0.0150997534798476,-1.6803937114325223,-1.9669444684442414,3.267246876680746,1.825871145717862,2.3984789761498018,0.11762781067470307,-2.0105750171903267,-0.0024645522979254153,-11.426968231323483,0.4360918513051457,1.055874438606975,-0.5153539024049989,0.14177734906107897,3.0757463957187006,0.16298578417638776,-2.05286610994502,4.799043016965905,0.8053998553350956,1.7366621294395408,1.3077429344332954,-2.47782576170629,3.271098409512503,-1.4094558439436824,-1.8437783584222966,-0.5085228457954578,-2.0317070066679026,-0.7501428883910632,0.4969409317910216,-0.3544489575985015,4.31272243996562,2.344665639564232,0.22466912395548722,-1.4570025352005853,1.8970984242236595,-0.9566955378096731,0.6371222148324556,-0.03605511179675425,-0.9001922339441126,-1.3575728627006391,1.9089023667924314,1.4773810047572873,0.32166630052413403,-1.877193272053626,-1.3567795595067729,-0.31342732326449774,3.9643623221113544,-2.271815140818637,0.5842020258012015,-0.017514739256570877,-3.7313020924103597,2.33713166174896,-2.699909161326989,-0.22381833589679534,3.164528258525085,0.5050054632002379,4.318312562726485,4.903463681877471,1.0055118806215013,5.041952819469435,-0.05148387835409629,2.0621062276915634,0.8887548094611626,-2.485080443257898,1.1383936648895032,-3.3511496659354663,0.03213798509179,0.41687332679539413,-1.3986581429349094,0.7978255802050009,0.7672228668922152,-0.7924183006076619,-2.4319292959672154,2.9910554327759957,0.19176815475554587,-1.5437525909987446,-0.18123398664233736,1.495652351227661,-0.5235986440313152,2.8099298998194406,2.119206041584431,-1.6413916202238905,1.378982590552872,-0.17431367862523306,1.5243299669073176,0.886525793636423,-0.18666950502676816,2.572880515027963,-0.6825471868557873,3.975782735858218,-2.984184383269449
7.35118774364781,-7.12188034095057,4.644087007419549,12.58511807374992,6.202654933232489,4.7965052992363315,7.484227486879008,6.832053521462431,5.828953650070359,4.468502618196166,1.7804948519049528,-7.12188034095057,-7.12188034095057,8.435634225134978,6.666670000044629,-7.12188034095057,-7.12188034095057,3.502431337522358,-7.12188034095057,6.160669293296427,-7.12188034095057,-1.287309990351381,-7.12188034095057,-7.12188034095057,5.922380273110093,7.025230216142591,6.5533880923493815,-7.12188034095057,3.5424544618773,-7.12188034095057,6.553870095138434,5.938355421260502,-7.12188034095057,-7.12188034095057,7.950866044168267,8.437238937748276,3.7552930108494635,-7.12188034095057,-2.6019701596222076,-7.12188034095057,-2.261773297733601,-7.12188034095057,5.254372435826131,-7.12188034095057,-7.12188034095057,-1.5358958411962274,-7.12188034095057,-7.12188034095057,6.492483848140857,-1.8904267267959698,-7.12188034095057,-1.65104576961238,-1.0437012397318992,2.544479138355767,-7.12188034095057,-7.12188034095057,6.655589566194852,-7.12188034095057,-7.12188034095057,-2.4412326953744623,-7.12188034095057,2.805269796795976,6.499818363950483,-7.12188034095057,4.1033740798799645,6.004663438619543,4.868069019334696,4.54432684913843,-2.2204733661087435,-7.12188034095057,4.236928182530173,3.851252851865469,-7.12188034095057,5.087303217799552,-1.9602229475526398,-7.12188034095057,-7.12188034095057,6.25647779970509,8.160232336530381,-1.8914292665717154,6.0506152214165425,-0.7093406014433823,-7.12188034095057,-7.12188034095057,3.0975893815777766,-7.12188034095057,-7.12188034095057,6.46553265123122,-7.12188034095057,-7.12188034095057,9.281014274470365,7.9268747013977805,-7.12188034095057,2.659689221782866,-7.12188034095057,7.04924879129079,5.159572524361549,5.047440303173058,-7.12188034095057,5.059676123432929,5.06347936005739,6.183618344053894,-7.12188034095057,10.281033130821518,3.0383499754050343,3.446786457485506,-7.12188034095057,3.581863375796173,-1.3655915813815431,2.9419366295260856,-7.12188034095057,3.9038649139253248,7.11979602571747,3.8969579970175934,2.7290872445297047,3.8691461097780104,-7.12188034095057,3.9857048737677037,-7.12188034095057,5.723243675125703
-2.9285641906585047,-13.442494145780145,-2.216190109701871,4.783576916691985,1.1199703573916455,-0.8431423000751268,-1.8418135036035084,-0.2519125762379062,-0.3223467390030521,-2.8238821751542824,-0.4020422664151164,3.075275422634511,0.062458636331593986,-0.15797074448717296,1.3110390653921034,0.8594561126976812,0.13847664288815498,1.7575148377405192,-1.226116581585118,0.27359324691966513,-0.35588010601956643,2.3302459038954026,-1.862028838534056,2.3790249190695043,-2.092761634330423,-1.0552593240726962,-1.62991345423156,-2.6846233880319366,-2.4864772159891464,-0.24278814943727145,-0.4971918035628473,-1.9641287563223822,4.131220397790326,1.714465809193796,2.128004002300192,1.8789693176095392,-1.5942564092054612,-0.08980367420514668,-3.1831047029341777,6.338671571894962,1.6629090313491668,2.1126349845933836,-0.49996232316709666,-4.0609086122591345,3.7645669639846466,-2.1656958177327317,0.6678511573314987,-0.7151178055690188,1.0457847252023482,3.106864313706839,-1.735819843893192,2.4507074226672882,-1.331608339041403,-2.729111434734233,-0.0835175796957337,-0.9864204259728657,-0.808265734932287,3.16042218739035,2.473528184865705,-0.3061438132972061,-0.13431078864077328,-0.6597216600086098,-2.2960244216792,-3.445157509410177,-0.21643947010436193,-2.8491974620915093,-1.6640198043160046,0.44356934152495064,-0.6008866484753765,0.9210687149530985,2.7483990478669584,0.7277649878244521,2.4949973791755236,-0.8009277278320974,0.8074714383318833,4.932540574244459,-1.58812462585166,1.5149229721483337,2.745452455073278,-0.008498469636725403,2.2016086649982,-1.6809562981196207,-0.0031224290934463994,2.986315071167496,-1.731101084670585,-0.8464145808634624,-1.6164952115400082,-1.1055253227624169,-1.3755907695363314,2.4459414540073254,4.084945791025109,0.897400051100572,-2.011674570636761,-1.4678190219854228,-1.5110814417957554,0.5410085310529213,-0.20715358680442808,-1.1479335382869893,-2.66700045065292,-0.4804207499788058,-0.3827116084643638,-0.7365724242986982,3.8213546723414002,0.431663213346412,-2.1280361242285624,-1.5716983532642823,2.041297997425824,-0.9002298350510225,3.73525507439753,1.5916867455380173,0.44346386741290367,0.5565396726273306,1.8035338180728253,-0.66731205419162,0.12190286451226573,-1.7560794672092817,1.887928362212783,-1.1784357238136964,2.0463686253213655,-0.6476957640674561
0.07236958387706416,-11.698235120779845,-0.9169342578260418,6.6924881641785365,0.9786489921438148,0.9358571433199074,0.22061349227454397,1.2147320194024722,0.7235500800486196,-1.0724661073832298,0.7545250036022768,1.6045397010352436,0.6469461059326851,3.249310068734124,1.3984353613818739,1.184799138787314,0.6194556643569173,1.6802892049228055,-5.514515972773769,0.5733934501872824,-5.188315913863525,2.6217974512312727,-11.698235120779845,1.7871322148491062,1.285051764597367,-0.30182974254402684,-0.16180815064168108,-6.139189571298261,-0.5821040372637833,-5.879052568188013,-5.691234651184835,-0.19720171991804314,3.2646966385748812,1.6555971027907614,2.5977803752367876,2.0225294604790074,-1.3198990128595547,-6.121149172067526,2.932467770052337,3.7101730808644056,3.432260598543716,3.170551837536186,0.7332504298251656,-11.698235120779845,1.3929070665624859,-1.5294275825165995,5.602939684707738,-6.029242319333283,1.2259539497934382,3.091106167344108,-1.2347036196248444,0.20408362952206183,-5.213963746904905,-1.0777540325881931,3.011090758449546,-6.108079720626219,-0.8292040382804311,0.8050467623890007,3.1115092944954044,-0.07043234412229005,-4.295652758195653,1.3443438712384639,-0.22278922980930638,-5.408554770901632,3.5603098442140753,1.0915098144191449,-0.792564178483099,0.31434572967146934,2.616299177815694,0.2806811484349172,2.9336936734656076,1.4727458483398541,0.7563282688640727,-0.3593618254092137,1.3677627337036196,4.655060871094739,-5.452999098396406,2.1114517265674166,4.7604503742660675,8.946090714406198,2.5198110688366926,-6.309270601554693,-5.9600085366590205,2.505775213556672,1.2204962832108004,1.3448832321291269,3.6790259787340656,0.8632754346079738,-5.351474109012124,1.0202519414088984,1.2495197930759665,3.2822036482254293,-1.1557126111855514,-0.5169883367604555,-6.776706875794765,1.9287296920686021,0.8439476395137882,-1.3120308183781244,-11.698235120779845,0.3837555513033237,1.2056620921215635,0.622834792698086,4.2972532048320655,1.2392381369339223,-0.9953526899497636,-6.290418299419939,4.2628861727134115,0.9360481832487002,5.9581725574429445,3.313658610409212,-0.022349218643650914,1.6980921756507934,0.7718791839736521,-0.08379589573062018,-0.3947651569888899,-1.1879880754412815,4.526203524339887,-0.47656469581075633,4.329566864205072,0.9146725636808579
-1.8634341314633547,-12.502255306014241,-3.3119314854943314,4.393877266333114,-0.20851644007626025,-1.4480073106224571,-0.7591905220515693,0.06907092199233222,-0.865188247259641,-2.42799971769307,-1.6972462109622173,2.3603494840195864,-0.3226891915833905,-0.0675466257674806,0.8131929340868913,-0.33005310990890724,-1.3384966526158406,2.1171950715199257,-3.2378342355529446,1.0034299068632606,-0.09160836513583615,1.5819545624603037,-12.502255306014241,3.0713243987339967,-1.582015313334419,-1.838544824489177,-1.7749965761215902,2.552346660270554,-1.3866130683007762,-1.9840386390046385,0.014376150179396419,-1.4968901367448835,1.8999457365645238,2.9392868006842034,1.2018064002240223,-0.05532254702752759,-1.7223801598267476,-2.162345326866384,-2.523328614307851,0.861082315373852,1.5993940924427008,1.2826641028229222,-1.346834678400854,-1.5490920760665494,1.9689529837729962,-1.3601403740764697,4.077345130501929,-1.9027005110701163,1.3664556157439005,2.6816424397030625,-1.565821880614144,3.0697660092110555,-0.10705472288953377,-2.4810528587572263,3.0273711724320087,-1.2827667205202156,-1.100685129789981,1.8756589585445065,2.0410766506130615,-1.3217329044187691,0.992592114675535,-0.22060408301112933,-1.161733888521133,-1.353612341590698,1.689051594544794,-3.0760304741505378,-2.953516469619001,2.1872723561186183,-1.4072054454516847,0.41244815952925684,0.6452482072903214,-0.13924950976674833,1.802433184119261,2.5379810877391984,0.43388229117689026,2.362954432768551,-2.3134670920600735,2.090948973443358,0.8734962679839073,7.597128870610832,1.9917889578847783,-2.491535095293499,-3.0986351335446374,1.7821389114438348,-0.6542349145379243,-0.7840356001692781,2.8243413838008804,-0.5030714516333346,2.949327466465741,1.9324024836035107,3.453530768633472,1.5213739322866484,-2.145039853841559,-0.9230066678270328,-3.346049809267364,3.2380953794545917,-0.4941779570415301,-2.142970747692531,-1.0367201733941664,-0.5099661500275579,0.5333664294214451,-1.236624656866895,1.9495103779256056,2.813926118548152,-1.9387846617542932,-1.8378954944392776,1.5027405862225907,0.609296656190164,4.565319013566277,-0.40276950547075163,-1.4678844284823755,0.967176216082005,-1.0485438389590316,0.28394224402380175,0.3166673661449373,2.08960145451828,2.622497151664313,-0.2375406874322037,3.5999548772039205,-0.5984850274897395
-2.2494434631309566,-5.494227683458277,-3.043972267470341,3.4174311248670124,-0.432965484397589,-2.309477051048307,-2.889318532237912,-0.6082565150504688,-1.3636082105692302,-2.3413321827477964,-1.0255020624333628,3.099774208314487,1.541209625980294,0.030396322555649925,0.1616146731530094,0.3295967809781386,1.9288794203814354,0.2056599955604586,-2.1528019522247894,0.06328630224551723,-1.185448296204457,1.6181680216036718,-12.070215111294187,-0.1820822574741964,-1.212258083034007,-1.6248973662931374,-2.3823769067519565,-2.108146407852601,-1.4291521834116658,-0.9376039018983452,-2.5491993480853568,-1.5434248561100539,2.4943138509706317,0.7100987656390897,1.2636699149366524,-0.39334227603290994,-2.3971822855824927,1.066899592557546,-0.4348449593333923,1.3502502486714354,0.9214516724670656,-0.7804263585007138,-0.4011222260636432,1.4726940605480479,-0.5307508125720248,-2.4599079491529636,3.3652882375108546,-1.1441737058599877,0.44530686544336434,3.513547446100344,2.6466742574691047,0.5275354949678939,-1.3928057736372317,-2.7252127181228367,2.4452944285923253,-1.7502050125076596,1.704178659204264,0.31882538793235893,-0.10109263037190157,3.0008051596711574,1.6061791854623741,0.7532650154669638,-0.8479234027607628,-1.1461369598552626,0.07135174462165814,-2.8370747719243505,-2.751896824123846,0.3009799310749308,0.00449399951315943,0.929078294737347,1.1897479103626656,0.27171699056960713,-0.9945709651735738,1.1556376770346373,-0.13834562566169276,1.0894064887072945,-0.1822149646576408,2.0883572195582945,1.3728351212151937,5.810394602948513,1.4350401487489883,-3.4821893610834005,1.7098883718200129,0.9544000817319251,0.019008000027217874,-0.2804086236155975,2.4445593932508016,0.039761235331103074,4.327876873400562,3.051160039811894,3.028100890041462,0.6475774101470944,-1.1304831684217,-0.6048569187943708,-3.0472186844413174,2.5893256104541313,-0.14275647604636407,-2.2170104747004116,-1.2296301155734075,0.49623634078473644,0.5040102989243204,-1.1979546783906998,1.1920116954292703,2.384182307886124,-1.1049307679570413,-2.356013527684508,2.2205163059175677,3.2943678672618355,4.162640530185078,0.10006496578209526,-2.1318811220999287,0.13046830493864708,-2.1049791634739323,0.1568604197031293,0.23960278115056183,-0.12053355512185497,2.532641683746532,-0.9617574009341746,3.368484339851139,-0.657536212508315
2.112171382263381,-10.36292966988691,2.8627906817898294,6.227307333317295,4.383523678514429,4.358981830347608,-10.36292966988691,2.820619753504097,1.7414823235296701,4.384224400323134,1.9150577012043941,1.5048292357149453,-1.505771474988407,1.784548845526066,5.065817842865307,-0.2048364278478534,-10.36292966988691,1.1578916322131283,-10.36292966988691,2.8908792793691873,-0.9793054293706511,-10.36292966988691,-10.36292966988691,-10.36292966988691,-0.0217420569545137,1.5950862157929242,4.778278188398907,-1.998053257859958,4.886255740207377,-1.116349104298001,2.0235883685632663,4.378739042957318,3.516056209203721,5.065476032241028,4.165874202457472,6.693474838403687,-10.36292966988691,-1.23482665768236,0.07034522411190736,5.733145175801033,5.212831835177375,0.8267067729389641,0.7998218510712487,-0.29522847477781156,4.785872958269797,-1.795608139990101,6.928696342782267,5.677548262051879,2.627153207893599,1.0874885469760898,0.4026276710930947,0.2652174023822482,-1.8101611303625411,-0.07732525414021119,3.8668107951124435,-10.36292966988691,2.34187046014216,1.4432714973731677,-1.9188880757659792,4.274020087763846,2.135921725439344,0.683356029237153,1.3691549607331854,-2.2872011789009186,-0.2792656212652531,-0.4009882501555193,0.40184499614371383,3.710990266456852,3.564913064959094,4.475709892788557,5.962666044368657,0.5379195329086972,0.6638093698342065,1.5579583816224352,-1.5137004647675738,3.40834659913218,-0.9014672179287526,2.5743886893078933,-2.0771143891808546,-2.250600705981654,3.0675894730024362,-10.36292966988691,-10.36292966988691,5.0575926544408,3.856301986227556,-10.36292966988691,-10.36292966988691,3.7376366899283697,-10.36292966988691,5.126505299116284,0.9136361697683082,-1.098805053939408,-0.8354291400982898,0.9734972430900299,-10.36292966988691,-10.36292966988691,-0.41247297686222417,0.6203951034310116,0.9846348091655841,3.2662098762531597,2.206380305948686,-1.026585731317116,4.191780866454681,-1.1177733597530146,2.5881383857338385,-10.36292966988691,2.529079644441052,-0.9257918532677589,7.401120348814826,4.745084825367732,-0.5716165046989694,4.356653215671731,4.270417578907042,2.637787012925415,-10.36292966988691,0.9690129652670958,4.589778239811931,1.358507401678521,-1.598530838020407,-10.36292966988691
-2.58099712179213,-13.024340684955641,-3.070390826929726,4.800567646149233,-0.13237603590887037,-0.5286121158569967,-0.28590636323887075,-0.6579547536252273,-0.9041802867332445,-2.068492272270282,-1.2372734044626803,3.3314535635652254,1.997903983404199,0.34822165918292836,1.188387156669731,0.0679220243477987,-0.8447441884018021,2.492476242984444,-1.4917488503607519,1.3551988905261592,-1.8068960510424876,2.622557853826156,-13.024340684955641,-1.5038216392416093,-0.46652018150674746,-2.408520476066389,-2.0955014626199358,1.6566375250135446,-1.600115940177938,0.01905148812893387,-1.9580330515598892,-1.8309980628776383,0.5228540142046763,1.5978485493832544,1.7615458750099418,1.3590051624196544,-2.0018672230152905,-1.9475061373114357,0.2908597540468705,3.5116042715511826,3.156920200468727,2.881858168902858,-0.8124249499927734,-2.8200268948289366,2.233548129456759,-1.853811259286232,4.186163810231034,-0.2812536012840994,1.1996902091171027,3.0497591698091844,2.0274193399291134,2.2255334397449467,-0.6392425885144579,-1.6458522119779637,2.208980710193665,-1.4591630949575123,-1.5340315442104853,1.9314995506855803,0.8934391073137826,-1.8633559881974868,2.550747488103931,1.6739475993683044,-1.5065867569265148,-1.638844276944539,2.5692284751752457,-2.7921081760893784,-2.255650835068314,1.17375489551923,-0.3237851037761974,0.8958293606936545,1.0871342519774227,0.9882884170223445,3.219344513318168,2.488478740673904,-0.02864863347828983,3.008841236376738,-2.073473744938445,-1.2364380788389422,2.7410942665646276,2.779722067583908,2.2478910002591403,-3.094968738108058,-0.9076239632875174,2.3501779207140805,0.04000200332130177,0.9218828991951264,-3.1397924378082003,-0.7532629593160785,2.8738314172634567,0.5112004953848643,3.6318130578309757,0.7291260336191074,-1.2437638334761587,-0.3041480305020787,-3.139924224385389,1.9774687148753332,-0.2281238282575515,-2.1746395089477772,-0.932068647800997,0.4138197220930886,1.3788710505661497,-3.084383048761964,2.3163397101387524,1.2588047831402545,-1.0794715478132968,-1.8871188303325237,1.8625999985592268,-0.9078751669918281,5.896690093006121,-0.7765529985329076,-0.9818194450689575,1.4373672837881797,-1.1184171715664935,0.14553870638702016,-0.02484129997453266,-0.35326875573516503,2.341486837771111,-0.6284479488823553,-1.5038202869678372,-1.9300623098181138
-0.9811558928607074,-2.2115757037313593,-1.6763524808346446,4.122030388527922,0.9847668673564165,-0.7474511358853375,-2.882825564824776,1.0422054648105448,0.31940441669246233,-2.186963583393659,-0.6136160998274365,0.7195145890036105,0.44433174620128035,1.1474149876604365,1.8830585365458434,-0.10571813933653207,-2.2245395009215088,2.460524482857519,-3.5602204806303703,0.6396158603051108,-2.516768239713439,3.8106470118367546,-2.356961373694997,-1.5502634414616079,0.2160768958506356,-1.5752160833617666,-0.9411321812884132,0.742928619719339,0.6744823390501482,-2.637774634426119,-0.13155948386909255,-0.7323296457516708,0.6016700032968787,0.93793748749163,2.234640986618067,-0.7246161129253386,-0.7297885490348177,-1.4947769014339496,1.3828918852702454,1.155425956397825,1.8110614113813286,0.901533516747266,0.730317315261253,-1.1316452536052761,-0.5166695438097149,-1.4652567198603421,2.6193239387507186,-3.508068871391554,1.1235851305785394,1.3608483658444062,-3.765753707356561,2.4046466560345543,-0.7285080962712822,-2.1490200000581385,1.3874931113094968,-2.377719550942425,3.4745161866670897,-1.5362348246859554,-2.4185450879952572,-1.1112603327871025,0.12333517245943959,0.32019671305334363,-0.5365542795485325,-2.66776738203262,2.8600028401587783,-1.7937788440948577,-1.3647614061082507,1.9328236555007035,3.0849162998644615,-1.9867748298622647,0.82295174083084,1.6532645734753153,-0.11803205337530986,0.30640137248563537,1.5344594245829493,-0.3457503108126918,-2.3292723520935112,2.8795521675840847,4.7659780715203945,3.435875040582207,2.3701060737901782,-2.365052812925109,-4.273995998362668,1.5938555053887322,1.0984270417283017,-3.6826125528267912,-1.171527375834187,1.9366710122854123,1.946793606580914,-1.0675840430046968,3.332357640375645,2.4606522764609986,-4.39104544848489,-1.0610700300328695,-11.969881217350087,2.848628894231121,-0.04937544437893138,-0.5012172085187858,0.9157333525030031,0.27857129276456316,1.606227282191182,0.7438500238425529,-0.6552780856293623,1.7698872039255429,-1.683987491392477,-1.8187740020879097,-0.5748537231365063,2.4437490605178054,3.209149060978389,-0.3134980761427162,-2.375940077458665,0.25947010753835453,-1.0030896485015797,1.1427439278375688,1.7265607493199715,4.919953236765874,0.271410937109958,-0.5362186705518104,1.2539983760650273,0.7465326901527547
-2.1896604192454463,-12.624395821259569,-2.8719182981749354,4.0063120298589,-0.6746778045940518,-1.9097763070368208,-3.5160179669770555,-0.7692756172204929,-1.419737178260676,-2.1769527542096556,-1.0607329854789622,2.93145586806018,2.7788111001757794,0.2204550286242437,0.044288259500176785,0.8202544951103592,-0.793857280184791,0.3920028405758478,-2.293428125320701,0.17190427705776035,0.008105662571278316,1.538557383550999,-12.624395821259569,1.027986147677022,-1.4818095134342988,-2.1165497715231725,-2.6377515860034135,3.696788137627197,-1.2407373409118234,3.732974299046767,-2.523082324818385,-0.6285424513849236,1.0051711256663118,4.93598038768494,1.278332572974219,-0.819214094946294,-1.517146901246643,-0.6333485621241088,-2.673021262410434,2.2680317810700767,1.1895091165536122,-1.2732168297013713,-1.6237309407710763,-1.9378988436172078,2.390075424547401,-2.14287588194047,4.1457654967138975,0.6691882283776662,0.7181049201439729,2.5479170373077533,-0.027484519205573932,-0.676710850964553,-1.3200806073678573,-1.5803216351799376,2.212219378072783,-0.5499015361007613,2.4788550333513983,1.5532623626515356,0.7736806409996211,1.7532643509560737,2.169557219994437,1.0523403392790707,-0.4799472993322613,-0.6691518565064367,-0.2399740496334184,-2.971233006824195,-2.106973224949301,0.3231686992896563,-1.1185518671161452,-0.17895643993049326,1.6199713151297193,0.9326512095110111,2.298851370358703,1.0809709936323078,0.04184928868365212,3.519381995336349,-0.7565226490501891,1.8015528309124855,2.2368795118870244,1.0827179664295805,1.1255515959961366,-3.262613685110021,-0.09672126098865697,3.1675942566073987,1.090472393969974,-0.9900133073226689,2.6801038225884586,-0.685902081167078,3.3326481889128736,0.458317969067374,2.5859873802451654,2.121391888748013,0.004943598984282538,-0.10429844930745524,-3.1142366346939854,1.4425528574648423,0.04997510063846722,-2.58719769256406,-2.5278605479106213,0.5034741809679479,0.09318945766790421,-2.2585018240552808,2.7461842203799836,1.5877509995471009,-1.0760607469688246,-1.359411386957702,2.353391318332563,-0.5505676994213546,4.619598614351393,-0.06838863603502965,-0.7743048269839097,0.5538440224147037,-2.126758855081559,0.5150347924831831,0.39330517599022663,-0.45065978245909744,2.7458410461637746,-1.9268143677867196,2.7244498546345826,-1.5348748520761815
0.41494073960258593,-7.294339715867313,-2.1996629799152245,5.825045153273223,0.35356892495679926,-0.27668375560022573,0.35603119844736586,-0.1168870267078197,0.3741533247600808,-0.6130335628464918,-1.3745642038741543,2.1720968111734646,1.7275176199823115,2.5611505269615615,3.0476000385934183,-0.8646418789375172,-1.2893676487757553,2.243771293987594,-6.675400487230927,-0.5862187518459736,-5.517575617154577,1.7514912920106274,-11.19290349182457,-5.9569783865463775,0.9082082419609088,0.13034139780297282,-0.5839149803591366,-5.960531829422139,0.9300168917643825,-5.404148765016653,-2.154409407033307,0.5008583525327861,1.9682165555734197,0.8175846716837154,1.7481072008707068,-0.17087198997778286,-6.512775786258514,-0.7648025789274739,0.9551831332846694,4.432089784591066,1.4246530745263701,-0.016125422798524358,-0.18607409699063915,-2.4030737872095163,0.1974519585676715,-1.3568929166606463,3.9299995761501956,-5.93332765774334,-0.9461600539576085,2.3679628364896623,0.9893241137848694,4.0005446356214796,-5.451284256687382,-1.2954157136877482,2.1174634710682634,-5.628634086043113,2.9197376912964565,1.042044351240365,-0.9629706665411764,1.088682987548685,1.8493141400235382,0.21971322014291417,-0.15276253913991544,0.40266249016875477,2.8324068619850995,-0.9705170707271171,-0.4776120665519237,1.6125307681498189,2.7009018989234104,0.8157519537161186,1.9945190102834585,2.0038286800419445,3.3379499943619724,1.1185348553288197,0.7385188107822209,3.6965393567324805,-0.5623056176286676,3.3281311816639785,5.844107266694392,-1.7013110990431066,2.2511045968569316,-2.8837707291231247,-5.9769942409298675,0.7065797462137922,-0.3500848563731167,-0.6308698137662514,-0.6153883702782079,0.21445605367527287,2.3592936292285893,-0.017234194418611626,4.123720937924347,2.6520921660023693,-1.3778975164495115,-1.5315681662301186,-6.78076064385922,2.172276317910431,-0.03854998608087623,-2.3089166455129746,-1.05104337153346,0.3606416704414772,1.8299482585653455,-0.4686028044922632,3.2706976508227004,3.383218092175292,-0.7663859790625871,-6.615454505516855,-0.2760502055652405,1.200944941756254,5.389956604381633,1.6666844631778654,0.5389262283241116,0.7132548098905009,-1.079238326706947,-0.6080245514699372,0.43605650976796895,2.299883930011032,2.602355929117485,-0.23533113290595198,3.415323163000795,-0.21231810254314532
-1.1461303601976074,-8.18959121858291,-3.5966810829758633,4.732199933679157,-1.3368506552988466,-1.7360620415574355,-0.9302534996700422,-0.7182172471640391,-1.0337928193813402,-1.4453564426600927,-1.6776857366703306,1.874003525638488,1.0017164153223428,0.39684957914257923,1.5307039463612953,0.37075530975410986,-1.0777184512425781,0.5505150789003099,-3.742843846027089,-0.29719667337914646,-1.8017461605541374,1.8399070451364323,-5.325911641484753,-2.2237990522680002,-0.36349505201871657,-2.0869897376456565,-1.5467371953255056,-1.7278046452226101,-0.1249718278028149,-0.9233627797235375,-1.013295188291906,-1.1229704947762638,1.5532102508252845,3.0625312686596704,1.0497371371901383,-0.44079210529532165,-0.5711239803587118,-2.1239362034800475,-0.8151827187267198,1.8120185533348403,0.22275740016521084,0.5090810056897288,-2.8952997942482757,-3.781204837894269,0.7126328829246724,-2.4659109439055342,3.899607219137792,-0.6155476692592374,0.42894791382775455,5.137771354298182,-2.3021802655852275,1.4923753809028377,-0.184224331326851,-1.5884457556345126,2.3565564380859527,-0.9686916945609909,1.7043668442893716,0.4499344446737503,-0.991647639647804,3.463640346378601,0.5585296320380639,-0.36633937601732613,-1.3205995327922067,-1.6702249136065832,0.8789461153385865,-2.1614093174096016,-1.052155747088542,0.6655997141492707,1.2914458311825987,0.8277632265455634,1.0153070477425106,1.3439629621225377,1.9679255593947833,1.3709283678892268,0.6828407758026909,2.954820868250049,-1.7097537334229491,3.0758937887761166,4.092107158323392,-6.057622091035101,1.9321042362048397,-2.3417457515250817,-1.6572652466567688,3.1506169068413197,0.4937132192703939,0.5431999388421509,2.891416710168271,-1.9004276141492034,3.3230259662115738,0.1679368282479019,4.196114306558183,2.3440326120516843,-1.8533932710933956,-2.008069750347617,-2.4281272064685884,2.4495204196569187,-0.4784197860631003,-1.745083579185785,-0.9223917927492238,-0.5805296704639988,0.0729076327910152,-2.3970983594477495,2.804743181362007,3.298712310530588,-1.8044439748403474,-1.5545785487055748,1.6028046452155331,0.3927248685076812,4.3745250151696045,-0.33902279727109397,-1.114995610987106,0.5390601409907687,-1.0817630130425642,-0.14134874032019673,1.4175270898605363,2.9489197997349432,3.831221327121063,-0.3674623170126039,2.059366290966101,-1.7241602366300264
-0.18612876195275074,-1.8588648219869217,-1.0852087364354084,4.71180064948557,1.5016634121052235,0.3779273071010998,-0.378792278890586,0.8920874773986496,-0.2747018273208388,-0.6147711078360691,-0.1450672971897955,0.5553401485200258,-0.5616754258465368,2.116810843071276,1.2056657864860174,-0.9646731592112525,-1.6811296462475376,3.3543167975253816,-2.6747025834679157,1.4338167072142989,-1.8010763307403188,3.137941338225158,-1.3013431006341882,-4.469443276218918,0.6412170550868517,-1.0657276149184938,0.16425982638834125,-3.0436431846488166,1.976085092672058,-2.6957395733493303,-0.6910183162903678,0.3212562205456244,0.3866467989908591,2.0803783236123374,2.674343545463585,-0.9443543375756169,-1.1583246967916851,-1.4900015074995014,2.7781602542561448,0.9407835623198615,0.25010481244863225,1.8232165312980229,1.3666060301259524,-4.131607280817564,0.6509565455369826,-0.20566806246936142,2.7804300444862773,-0.9593671583058594,1.0388844802099353,4.366988796001113,-3.493468673366138,1.7172660210102286,0.8776157494286041,-1.833491600739281,0.635261423484839,-2.936245337915965,-0.8047798121626819,-0.7996885710511217,-0.6598859191235267,-0.9527718334599458,-0.27619628496060233,-1.2278031212606715,-1.6812266428454823,-0.9876933398158592,2.6716892100922074,-1.8498321882941635,-1.8417317330859682,2.107034097080568,-1.3663250172879957,-0.8122747819846197,1.0416835345262871,2.6368876106572503,0.377731152814337,0.4551832926720394,1.296125895174817,1.7652581228709847,-0.20405114104292732,-0.2876679545415657,4.833361758734083,-11.857923143855398,3.0518206267232104,-1.8389503755987722,1.2796523059207034,1.3189939830884372,0.44670217220458674,-1.5264087864845575,-2.1302222237485378,0.4313537858750065,1.2297839961336372,-0.9895621916770594,3.320255012337082,1.1335125038303193,-1.927143965902351,0.5077293027397545,-4.0337555075315485,2.1441749408452635,0.8887032811972375,-1.2692370237678583,-0.6815416441559972,0.34590040860192683,1.9304347678738774,-0.8969195212483614,0.9179742103697066,1.1243828567726242,-0.4509571586089205,-0.6635883964913027,-1.6265368076411875,-0.08537472377971866,2.066506789780738,0.1737188706553896,-2.336659287082268,1.7374035924392484,-0.835057757802014,1.2187919633639552,0.7589294656587118,0.18810717798950805,0.7667745897664489,-0.07163766804901872,-1.3835092613755338,0.0787566250958811
6.922874683076394,-6.4846137143783285,4.18770483415468,13.343511496885636,7.488247524738254,3.676201048384776,4.290395616416928,7.143440080821413,5.282547607295195,-6.4846137143783285,6.179915684671757,-6.4846137143783285,-6.4846137143783285,5.400736606469273,8.467808599635836,-6.4846137143783285,-6.4846137143783285,6.324510651011733,-6.4846137143783285,-6.4846137143783285,-6.4846137143783285,-6.4846137143783285,-6.4846137143783285,-6.4846137143783285,5.108806862296381,2.90360917448227,7.058519302280962,-6.4846137143783285,5.488302210748271,-6.4846137143783285,-6.4846137143783285,4.762838271513148,-6.4846137143783285,4.53106404224812,7.622015070291836,7.95804468230162,-6.4846137143783285,2.805093736465471,-6.4846137143783285,10.901227918824075,-6.4846137143783285,-6.4846137143783285,-6.4846137143783285,-6.4846137143783285,4.362778474680466,-6.4846137143783285,-6.4846137143783285,-6.4846137143783285,-6.4846137143783285,6.65276115583692,5.2686606193140015,-6.4846137143783285,-6.4846137143783285,-6.4846137143783285,-6.4846137143783285,-6.4846137143783285,3.841726271627145,4.771159723802253,4.115045822342985,2.9902105000320205,-6.4846137143783285,-6.4846137143783285,-6.4846137143783285,-6.4846137143783285,4.111777826779983,8.336529425733353,-6.4846137143783285,3.499491348023035,-6.4846137143783285,4.698190721817268,5.059074743444521,2.443311106347739,11.798141778534314,7.0983598820351315,-6.4846137143783285,10.915777143953434,-6.4846137143783285,-6.4846137143783285,7.601627319301261,-6.4846137143783285,4.266788385211951,-6.4846137143783285,-6.4846137143783285,5.059959006783961,-6.4846137143783285,-6.4846137143783285,-6.4846137143783285,7.021069371584012,-6.4846137143783285,5.747996932535342,11.290463143509951,-6.4846137143783285,-6.4846137143783285,-6.4846137143783285,4.3398981554840095,7.749356813120802,7.9372175105211875,2.978196188914513,-6.4846137143783285,5.535585060420855,5.055046417969638,4.53704565711069,5.1924554757114105,6.412124915072608,-6.4846137143783285,-6.4846137143783285,4.155106121340847,-6.4846137143783285,10.97704714167959,-6.4846137143783285,6.778297062437463,6.6084960837572835,9.04536352772488,-6.4846137143783285,-6.4846137143783285,3.1431003022669,6.296939793294427,5.157409568918066,5.41059322995396,-6.4846137143783285
